loan_id,loan_amount,sector,country,region,term_months,repayment_interval,partner_id,borrower_id,region_id,group_id,current_savings,baseline_hazard
952578,600.0,Health,Mexico,,14.0,monthly,357.0,B0000,Mexico_R0,G0199,42.5,0.04137142857142857
831874,475.0,Food,Guatemala,"San Martin Jilotepeque, Chimaltenango",14.0,monthly,97.0,B0001,Guatemala_R1,G0291,97.72,0.04108571428571429
1293258,3775.0,Retail,Burkina Faso,Ouagadougou Kilwin,6.0,irregular,398.0,B0002,Burkina Faso_R2,G0076,265.32,0.06013333333333333
1259338,475.0,Retail,Guatemala,"Ciudad Vieja,Sacatepequez",8.0,monthly,97.0,B0003,Guatemala_R1,G0171,137.8,0.0419
743144,500.0,Food,Zimbabwe,Chiredzi,8.0,irregular,305.0,B0004,Zimbabwe_R1,G0251,60.06,0.041999999999999996
1247423,475.0,Housing,Vietnam,"Le Thuy, Quang Binh",26.0,monthly,394.0,B0005,Vietnam_R0,G0171,100.7,0.040584615384615386
1210989,850.0,Education,Georgia,Tbilisi,39.0,monthly,181.0,B0006,Georgia_R2,G0112,266.92,0.040697435897435894
759940,400.0,Retail,Philippines,"Narra, Palawan",7.0,irregular,145.0,B0007,Philippines_R0,G0182,98.11,0.04182857142857143
969382,200.0,Personal Use,Cambodia,Kandal,8.0,monthly,311.0,B0008,Cambodia_R2,G0278,41.98,0.0408
1273932,875.0,Retail,Kenya,Taveta,14.0,monthly,138.0,B0009,Kenya_R1,G0204,128.89,0.041999999999999996
1108624,125.0,Retail,Philippines,"Sierra Bullones, Bohol",9.0,irregular,125.0,B0010,Philippines_R1,G0139,18.74,0.04044444444444445
834531,225.0,Agriculture,Kenya,Chuka,14.0,monthly,156.0,B0011,Kenya_R2,G0235,56.44,0.04051428571428571
960538,2275.0,Food,Kosovo,,20.0,monthly,240.0,B0012,Kosovo_R0,G0162,792.25,0.04364
1321022,250.0,Arts,Philippines,"Minglanilla, Cebu",8.0,irregular,145.0,B0013,Philippines_R0,G0324,62.14,0.041
734673,1275.0,Agriculture,Azerbaijan,,20.0,monthly,207.0,B0014,Azerbaijan_R0,G0314,277.1,0.04204
665569,1325.0,Food,Honduras,Santa Barbara,15.0,monthly,201.0,B0015,Honduras_R2,G0089,356.68,0.042826666666666666
1122102,350.0,Retail,Philippines,"Liloan, Cebu",8.0,irregular,145.0,B0016,Philippines_R2,G0267,66.35,0.041400000000000006
819180,4800.0,Arts,Bolivia,La Paz,10.0,monthly,110.0,B0017,Bolivia_R0,G0262,326.6,0.055360000000000006
1249644,325.0,Retail,Liberia,New Kru,11.0,irregular,182.0,B0018,Liberia_R1,G0120,71.07,0.04094545454545455
924948,800.0,Housing,Mozambique,Namaacha,20.0,monthly,23.0,B0019,Mozambique_R0,G0256,269.83,0.04128
1222462,5525.0,Retail,Ecuador,Portoviejo,7.0,irregular,137.0,B0020,Ecuador_R0,G0325,566.81,0.06525714285714286
1219072,300.0,Agriculture,Pakistan,Oghi,14.0,monthly,245.0,B0021,Pakistan_R0,G0330,77.1,0.04068571428571428
905682,1000.0,Food,Samoa,Satuiatua Savaii,14.0,irregular,15.0,B0022,Samoa_R3,G0240,110.28,0.04228571428571429
1130016,2025.0,Agriculture,Vietnam,01 Hoàng Sơn,20.0,monthly,121.0,B0023,Vietnam_R2,G0035,426.77,0.04324
965267,500.0,Clothing,Kenya,Nakuru,8.0,monthly,138.0,B0024,Kenya_R3,G0177,39.5,0.041999999999999996
866183,700.0,Retail,Philippines,"Binalbagan, Negros Occidental",11.0,irregular,145.0,B0025,Philippines_R3,G0168,129.58,0.042036363636363636
816052,125.0,Agriculture,Philippines,"Jimenez, Misamis  Occidental",8.0,monthly,136.0,B0026,Philippines_R2,G0270,34.61,0.0405
1061438,225.0,Agriculture,Philippines,"Natappian East, Solana, Cagayan",7.0,irregular,123.0,B0027,Philippines_R2,G0181,34.71,0.04102857142857143
1314813,225.0,Food,Philippines,"Narra, Palawan",8.0,irregular,145.0,B0028,Philippines_R0,G0219,56.13,0.040900000000000006
1153353,325.0,Transportation,Philippines,"Calamba, Misamis Occidental",14.0,monthly,126.0,B0029,Philippines_R0,G0005,93.81,0.04074285714285714
887418,175.0,Food,Philippines,"Tacloban City, Leyte",8.0,irregular,145.0,B0030,Philippines_R3,G0052,57.43,0.0407
653660,400.0,Retail,Pakistan,Ali Pur Chatta,14.0,monthly,245.0,B0031,Pakistan_R0,G0122,48.16,0.040914285714285716
1005557,650.0,Agriculture,Cambodia,"Kampong Cham province, Prey Chhor district",14.0,monthly,204.0,B0032,Cambodia_R3,G0044,110.37,0.041485714285714285
1178481,2525.0,Retail,Mexico,"Las Flores, Tierra Blanca, Veracruz",7.0,monthly,130.0,B0033,Mexico_R2,G0197,241.71,0.05154285714285714
1196179,400.0,Services,Kenya,Kapsabet,14.0,monthly,133.0,B0034,Kenya_R0,G0322,139.1,0.040914285714285716
1030343,275.0,Transportation,Philippines,"Tacloban City, Leyte",7.0,irregular,145.0,B0035,Philippines_R3,G0257,90.23,0.04125714285714285
1182365,675.0,Food,Ghana,Kasoa,7.0,irregular,231.0,B0036,Ghana_R0,G0230,143.09,0.04308571428571428
1313053,300.0,Services,Cambodia,Battambang,14.0,monthly,499.0,B0037,Cambodia_R1,G0270,90.78,0.04068571428571428
1198401,600.0,Agriculture,Kenya,Kenyenya,14.0,monthly,156.0,B0038,Kenya_R1,G0216,123.77,0.04137142857142857
1289414,75.0,Food,Haiti,Cabaret,7.0,monthly,442.0,B0039,Haiti_R0,G0172,17.78,0.04034285714285714
1314014,1725.0,Clothing,Tajikistan,Isfara,14.0,monthly,100.0,B0040,Tajikistan_R2,G0311,132.37,0.043942857142857145
949406,400.0,Agriculture,Kenya,Taveta,14.0,monthly,138.0,B0041,Kenya_R1,G0153,110.63,0.040914285714285716
1002257,950.0,Retail,Colombia,Planeta Rica,27.0,bullet,177.0,B0042,Colombia_R3,G0189,83.9,0.04112592592592593
786179,1125.0,Retail,Philippines,"Coron, Palawan",8.0,irregular,144.0,B0043,Philippines_R3,G0093,335.05,0.0445
704467,225.0,Services,Pakistan,Rawalpindi,11.0,irregular,247.0,B0044,Pakistan_R1,G0055,64.04,0.04065454545454546
708787,75.0,Retail,Kenya,Makueni,8.0,monthly,133.0,B0045,Kenya_R0,G0050,19.7,0.0403
916992,300.0,Food,Uganda,Bundibugyo,9.0,monthly,163.0,B0046,Uganda_R3,G0250,18.25,0.04106666666666667
990160,100.0,Personal Use,Nigeria,Kaduna,14.0,bullet,288.0,B0047,Nigeria_R2,G0183,14.09,0.04022857142857143
1073892,6300.0,Retail,Peru,Cusco,6.0,irregular,119.0,B0048,Peru_R2,G0125,812.28,0.0736
674673,2550.0,Personal Use,Azerbaijan,Imishli,20.0,monthly,56.0,B0049,Azerbaijan_R0,G0033,403.0,0.04408
1195529,200.0,Agriculture,El Salvador,Ciudad El Triunfo,14.0,monthly,199.0,B0050,El Salvador_R1,G0254,15.26,0.04045714285714286
1302834,125.0,Retail,Philippines,"Mandaue, Cebu City",8.0,irregular,145.0,B0051,Philippines_R0,G0070,41.39,0.0405
654633,700.0,Clothing,Kenya,"Kangemi,Nairobi",11.0,monthly,133.0,B0052,Kenya_R1,G0190,151.3,0.042036363636363636
782033,425.0,Services,Tajikistan,Kulob,14.0,monthly,63.0,B0053,Tajikistan_R1,G0277,60.2,0.040971428571428575
865124,250.0,Food,Mali,Loulouni ,8.0,monthly,78.0,B0054,Mali_R1,G0118,42.27,0.041
887315,500.0,Agriculture,El Salvador,,11.0,bullet,167.0,B0055,El Salvador_R0,G0181,92.08,0.04145454545454545
994590,200.0,Food,Kenya,Kilifi,7.0,monthly,138.0,B0056,Kenya_R2,G0002,46.04,0.040914285714285716
775301,675.0,Food,Philippines,"Sindangan - Disud, Sindangan, Zamboanga del Norte",8.0,irregular,126.0,B0057,Philippines_R3,G0213,138.18,0.0427
1280359,625.0,Agriculture,Peru,Moquegua,14.0,monthly,435.0,B0058,Peru_R3,G0107,203.64,0.041428571428571426
929739,475.0,Housing,India,"Jharsuguda, Odisha",43.0,bullet,241.0,B0059,India_R0,G0048,94.57,0.04035348837209302
1128893,400.0,Agriculture,Philippines,"Calatrava, Negros Occidental",8.0,irregular,145.0,B0060,Philippines_R3,G0187,139.06,0.0416
683834,600.0,Food,Kenya,Msambweni,13.0,irregular,164.0,B0061,Kenya_R3,G0229,183.26,0.04147692307692308
1236432,325.0,Food,Philippines,"Manapla, Negros Occidental",10.0,irregular,145.0,B0062,Philippines_R2,G0202,36.58,0.04104
703375,250.0,Agriculture,India,Dhupguri,43.0,bullet,334.0,B0063,India_R3,G0035,82.29,0.04018604651162791
1262427,575.0,Agriculture,Kenya,Webuye,9.0,bullet,202.0,B0064,Kenya_R0,G0314,48.82,0.04204444444444444
700181,1575.0,Entertainment,Colombia,Medellín,26.0,monthly,177.0,B0065,Colombia_R2,G0001,464.99,0.041938461538461536
1324014,675.0,Food,Colombia,Facatativá/Cundinamarca,21.0,monthly,154.0,B0066,Colombia_R2,G0177,110.83,0.04102857142857143
1264385,650.0,Agriculture,El Salvador,El Transito,14.0,monthly,199.0,B0067,El Salvador_R2,G0063,203.7,0.041485714285714285
707943,500.0,Clothing,Turkey,,13.0,irregular,198.0,B0068,Turkey_R0,G0190,155.21,0.04123076923076923
809385,825.0,Clothing,Rwanda,,7.0,irregular,161.0,B0069,Rwanda_R0,G0013,240.72,0.04377142857142857
1180760,475.0,Retail,Philippines,"Taytay, Palawan",8.0,irregular,145.0,B0070,Philippines_R3,G0008,136.33,0.0419
713000,1500.0,Retail,Nicaragua,Matagalpa,21.0,monthly,176.0,B0071,Nicaragua_R2,G0070,212.11,0.04228571428571429
1262170,200.0,Housing,Philippines,Oroquieta- Oroquieta City,7.0,monthly,126.0,B0072,Philippines_R1,G0095,14.86,0.040914285714285716
1132258,1375.0,Health,Mexico,"Guadalajara, Jalisco",26.0,monthly,357.0,B0073,Mexico_R0,G0049,234.98,0.041692307692307695
946029,125.0,Food,Philippines,"Baybay City, Leyte",8.0,irregular,145.0,B0074,Philippines_R1,G0194,12.76,0.0405
1312238,300.0,Services,Tajikistan,Vahdat,14.0,monthly,63.0,B0075,Tajikistan_R0,G0227,77.55,0.04068571428571428
1330540,150.0,Health,Tajikistan,Khujand,14.0,monthly,100.0,B0076,Tajikistan_R0,G0051,23.07,0.04034285714285714
964868,450.0,Food,Philippines,"Numancia, Aklan",10.0,irregular,145.0,B0077,Philippines_R1,G0181,154.21,0.041440000000000005
1016062,500.0,Food,Ecuador,Tulcán,14.0,monthly,188.0,B0078,Ecuador_R3,G0044,121.15,0.04114285714285715
787905,400.0,Services,Philippines,"Payatas-B, Commonwealth, Quezon City",6.0,irregular,144.0,B0079,Philippines_R0,G0212,118.7,0.042133333333333335
1218067,375.0,Agriculture,Kyrgyzstan,Aravan district,13.0,monthly,171.0,B0080,Kyrgyzstan_R1,G0191,33.66,0.04092307692307692
1281380,200.0,Personal Use,Philippines,"Dumaguete, Negros Oriental",14.0,irregular,145.0,B0081,Philippines_R2,G0111,61.72,0.04045714285714286
1289868,1025.0,Food,Paraguay,Villarrica,15.0,monthly,58.0,B0082,Paraguay_R1,G0200,335.0,0.042186666666666664
1257203,200.0,Services,Kenya,Changamwe,14.0,irregular,164.0,B0083,Kenya_R0,G0125,39.22,0.04045714285714286
715246,475.0,Agriculture,Peru,Cayaltí - Chiclayo,14.0,monthly,143.0,B0084,Peru_R3,G0111,110.14,0.04108571428571429
1098914,1075.0,Food,Ghana,Chorkor,9.0,irregular,231.0,B0085,Ghana_R0,G0178,300.4,0.04382222222222222
958545,525.0,Personal Use,Indonesia,Tangerang,59.0,irregular,406.0,B0086,Indonesia_R0,G0117,53.79,0.04028474576271186
915768,650.0,Food,Armenia,Vanadzor,14.0,monthly,146.0,B0087,Armenia_R1,G0333,130.5,0.041485714285714285
933478,500.0,Agriculture,El Salvador,Usulután,14.0,bullet,199.0,B0088,El Salvador_R2,G0153,84.8,0.04114285714285715
718312,800.0,Housing,Uganda,Hoima,10.0,monthly,163.0,B0089,Uganda_R3,G0234,75.13,0.04256
1128058,200.0,Clothing,Togo,Agoe,8.0,irregular,296.0,B0090,Togo_R3,G0217,32.05,0.0408
836716,675.0,Housing,Guatemala,Quiche,14.0,monthly,246.0,B0091,Guatemala_R3,G0323,47.55,0.041542857142857145
1112843,300.0,Services,El Salvador,Sensuntepeque,12.0,monthly,199.0,B0092,El Salvador_R1,G0188,17.32,0.0408
953164,1425.0,Agriculture,Peru,Huancayo,8.0,monthly,93.0,B0093,Peru_R3,G0242,129.03,0.045700000000000005
939486,2125.0,Education,Georgia,Telavi,39.0,monthly,181.0,B0094,Georgia_R3,G0197,720.24,0.04174358974358974
733673,500.0,Housing,El Salvador,,20.0,monthly,81.0,B0095,El Salvador_R0,G0303,107.43,0.0408
1130220,600.0,Transportation,Kenya,Kisumu,14.0,irregular,386.0,B0096,Kenya_R2,G0146,203.85,0.04137142857142857
707650,3550.0,Food,Nicaragua,Leon,10.0,monthly,96.0,B0097,Nicaragua_R1,G0193,638.11,0.05136
1321490,300.0,Agriculture,Kenya,Bungoma,14.0,monthly,156.0,B0098,Kenya_R2,G0308,43.06,0.04068571428571428
733381,250.0,Food,Philippines,Pagadian-Upper Bayao Tukuran Zamboanga del Sur,8.0,irregular,126.0,B0099,Philippines_R1,G0004,50.46,0.041
1215787,200.0,Transportation,Philippines,"Dumangas, Iloilo City",8.0,irregular,145.0,B0100,Philippines_R2,G0038,36.37,0.0408
848621,2900.0,Arts,Guatemala,Solola,14.0,monthly,246.0,B0101,Guatemala_R0,G0093,236.93,0.04662857142857143
957666,650.0,Food,Philippines,"Concepcion, Iloilo",12.0,irregular,125.0,B0102,Philippines_R2,G0194,157.46,0.04173333333333333
862625,350.0,Services,Philippines,"Dasmarinas, Cavite",5.0,irregular,144.0,B0103,Philippines_R0,G0276,40.18,0.04224
758725,1600.0,Agriculture,El Salvador,San Miguel,8.0,bullet,199.0,B0104,El Salvador_R0,G0202,377.4,0.0464
979760,100.0,Agriculture,Philippines,"Pagadian - Pagadian City, Zamboanga del Sur",7.0,monthly,126.0,B0105,Philippines_R3,G0136,24.51,0.04045714285714286
991130,350.0,Personal Use,Nicaragua,,14.0,irregular,279.0,B0106,Nicaragua_R0,G0184,33.46,0.0408
1077785,1500.0,Housing,Palestine,Nablus,28.0,monthly,462.0,B0107,Palestine_R2,G0094,102.61,0.04171428571428572
977971,175.0,Retail,Philippines,"Palo, Leyte",8.0,irregular,145.0,B0108,Philippines_R0,G0224,49.74,0.0407
857753,1500.0,Housing,El Salvador,Osicala,32.0,monthly,199.0,B0109,El Salvador_R0,G0027,281.91,0.0415
1096050,1250.0,Food,Cambodia,Kampong Chhnang Province,8.0,irregular,9.0,B0110,Cambodia_R3,G0189,84.31,0.045
1336268,850.0,Transportation,Uganda,Wakiso,14.0,monthly,222.0,B0111,Uganda_R0,G0011,296.19,0.04194285714285714
802258,700.0,Services,Colombia,Rionegro,21.0,bullet,177.0,B0112,Colombia_R0,G0291,47.13,0.04106666666666667
1156292,500.0,Services,Kenya,Githunguri,11.0,irregular,386.0,B0113,Kenya_R0,G0119,129.26,0.04145454545454545
814663,675.0,Clothing,Kenya,Limuru,14.0,monthly,388.0,B0114,Kenya_R2,G0233,232.94,0.041542857142857145
1257854,900.0,Education,Vietnam,Thanh Hoa City,14.0,monthly,121.0,B0115,Vietnam_R0,G0041,109.58,0.04205714285714286
1058428,500.0,Food,Haiti,Bon Repos,7.0,monthly,442.0,B0116,Haiti_R1,G0247,46.34,0.04228571428571429
1063795,450.0,Food,Philippines,"Hinigaran, Negros Occidental",8.0,irregular,145.0,B0117,Philippines_R1,G0196,38.89,0.041800000000000004
1138296,675.0,Housing,Guatemala,Suchitepéquez,14.0,monthly,246.0,B0118,Guatemala_R2,G0110,95.16,0.041542857142857145
1278328,950.0,Food,Tajikistan,Panjakent,14.0,monthly,100.0,B0119,Tajikistan_R0,G0248,76.3,0.04217142857142857
1210013,350.0,Clothing,Colombia,Sincelejo,13.0,bullet,177.0,B0120,Colombia_R3,G0025,90.18,0.04086153846153846
1280646,1050.0,Agriculture,Uganda,Kyotera,7.0,monthly,222.0,B0121,Uganda_R1,G0334,72.12,0.0448
1307915,400.0,Food,Colombia,Funza/Cundinamarca,15.0,monthly,154.0,B0122,Colombia_R2,G0287,81.13,0.04085333333333334
922383,200.0,Personal Use,Cambodia,Kompong Thom,8.0,monthly,311.0,B0123,Cambodia_R1,G0060,69.8,0.0408
910150,475.0,Agriculture,Uganda,Kasese,10.0,monthly,163.0,B0124,Uganda_R1,G0006,139.74,0.04152
819732,1875.0,Food,Tanzania,Dar es Salaam,11.0,irregular,87.0,B0125,Tanzania_R3,G0190,439.81,0.045454545454545456
955611,225.0,Food,Philippines,Roxas Palawan,7.0,irregular,145.0,B0126,Philippines_R1,G0136,31.92,0.04102857142857143
728033,500.0,Agriculture,Cambodia,"Battambang province, Thmor Koul district",14.0,monthly,204.0,B0127,Cambodia_R2,G0262,118.58,0.04114285714285715
1265176,275.0,Food,Sierra Leone,Port Loko,11.0,irregular,183.0,B0128,Sierra Leone_R2,G0003,57.23,0.0408
1220746,425.0,Housing,Indonesia,Tangerang,60.0,irregular,406.0,B0129,Indonesia_R0,G0141,75.58,0.04022666666666667
1206103,75.0,Personal Use,Tajikistan,Shahrituz,14.0,monthly,63.0,B0130,Tajikistan_R0,G0333,6.69,0.04017142857142857
783347,375.0,Retail,Philippines,"Minglanilla, Cebu",11.0,irregular,145.0,B0131,Philippines_R0,G0153,118.49,0.041090909090909095
877801,550.0,Education,Palestine,Tulkarem City,21.0,monthly,80.0,B0132,Palestine_R0,G0191,101.71,0.04083809523809524
1115697,1050.0,Agriculture,Armenia,Goris,30.0,monthly,169.0,B0133,Armenia_R3,G0213,113.81,0.041120000000000004
708232,375.0,Housing,Nicaragua,Managua,13.0,monthly,98.0,B0134,Nicaragua_R2,G0310,60.12,0.04092307692307692
1183196,200.0,Services,Kenya,Kisumu,15.0,irregular,386.0,B0135,Kenya_R2,G0026,34.85,0.040426666666666666
1118795,275.0,Food,Philippines,"Minglanilla, Cebu",8.0,irregular,145.0,B0136,Philippines_R0,G0158,82.02,0.0411
1176636,400.0,Food,Kenya,Kitale,14.0,irregular,386.0,B0137,Kenya_R3,G0191,108.03,0.040914285714285716
1228370,1625.0,Food,Kosovo,,20.0,monthly,240.0,B0138,Kosovo_R0,G0165,456.29,0.0426
1057956,325.0,Food,Philippines,Roxas Palawan,8.0,irregular,145.0,B0139,Philippines_R1,G0166,17.33,0.0413
1246502,3400.0,Clothing,Paraguay,Curuguaty,8.0,monthly,58.0,B0140,Paraguay_R3,G0138,594.48,0.05360000000000001
759971,475.0,Retail,Kenya,Kisumu,14.0,monthly,138.0,B0141,Kenya_R2,G0075,92.34,0.04108571428571429
951766,575.0,Education,Lebanon,,11.0,monthly,115.0,B0142,Lebanon_R0,G0150,32.06,0.04167272727272728
990454,925.0,Agriculture,Honduras,"Cofradia, Cortes",14.0,bullet,201.0,B0143,Honduras_R3,G0286,118.35,0.042114285714285715
1255962,300.0,Food,Nepal,Kumaripati,14.0,monthly,62.0,B0144,Nepal_R0,G0177,83.43,0.04068571428571428
1136614,225.0,Retail,Philippines,"Palo, Leyte",8.0,irregular,145.0,B0145,Philippines_R0,G0203,20.5,0.040900000000000006
1330625,350.0,Food,Kenya,KABARNET,14.0,monthly,133.0,B0146,Kenya_R2,G0283,73.71,0.0408
1021237,750.0,Agriculture,Lebanon,,11.0,monthly,115.0,B0147,Lebanon_R0,G0125,85.92,0.04218181818181818
1334834,300.0,Transportation,Philippines,"Salimpuno,Pana-on,Misamis Occidental",26.0,monthly,136.0,B0148,Philippines_R3,G0099,16.09,0.04036923076923077
1229626,200.0,Personal Use,Cambodia,Preah Vihear,8.0,monthly,311.0,B0149,Cambodia_R2,G0254,24.47,0.0408
1028459,200.0,Food,El Salvador,Ciudad El Triunfo,14.0,monthly,199.0,B0150,El Salvador_R1,G0281,68.55,0.04045714285714286
888726,800.0,Agriculture,Ecuador,San Gabriel,20.0,monthly,188.0,B0151,Ecuador_R1,G0277,232.37,0.04128
981643,1450.0,Food,Bolivia,La Paz,20.0,irregular,110.0,B0152,Bolivia_R0,G0275,489.92,0.042319999999999997
1185666,325.0,Education,Tajikistan,Isfara,14.0,monthly,100.0,B0153,Tajikistan_R2,G0244,63.82,0.04074285714285714
1124005,550.0,Clothing,Ecuador,Portoviejo,7.0,irregular,137.0,B0154,Ecuador_R0,G0260,45.61,0.04251428571428571
1202626,225.0,Food,Philippines,"Baybayog, Alcala, Cagayan",8.0,irregular,123.0,B0155,Philippines_R0,G0126,48.24,0.040900000000000006
719390,350.0,Agriculture,Philippines,Molave - Mahayag Zamboanga del Sur,3.0,irregular,126.0,B0156,Philippines_R0,G0146,65.21,0.04373333333333333
1200633,225.0,Food,Philippines,"Quezon, Palawan",8.0,irregular,145.0,B0157,Philippines_R0,G0266,68.24,0.040900000000000006
851438,250.0,Retail,Philippines,"Kalibo, Aklan",5.0,irregular,145.0,B0158,Philippines_R0,G0144,19.86,0.0416
1072384,225.0,Food,Philippines,"Concepcion, Iloilo",12.0,irregular,125.0,B0159,Philippines_R2,G0237,44.21,0.0406
763522,425.0,Services,Tajikistan,Kumsangir,14.0,monthly,100.0,B0160,Tajikistan_R1,G0274,40.38,0.040971428571428575
666140,175.0,Agriculture,Philippines,"Calamba, Misamis Occdental",8.0,irregular,136.0,B0161,Philippines_R1,G0319,25.8,0.0407
894382,1200.0,Manufacturing,Colombia,Medellín,27.0,bullet,177.0,B0162,Colombia_R2,G0049,325.45,0.04142222222222222
682562,600.0,Food,Kenya,Likoni,14.0,irregular,164.0,B0163,Kenya_R0,G0045,115.68,0.04137142857142857
1146533,300.0,Education,Rwanda,Kigali,36.0,monthly,441.0,B0164,Rwanda_R0,G0154,48.83,0.040266666666666666
1130113,3000.0,Agriculture,Armenia,"Vaghatin village, Sisian region",38.0,monthly,169.0,B0165,Armenia_R0,G0192,505.03,0.04252631578947369
828493,1350.0,Agriculture,Honduras,Santa Barbara,26.0,monthly,269.0,B0166,Honduras_R2,G0325,253.58,0.04166153846153846
900582,225.0,Services,Peru,Oyotún - Chiclayo,11.0,monthly,143.0,B0167,Peru_R0,G0162,64.24,0.04065454545454546
999096,625.0,Personal Use,Nicaragua,,14.0,irregular,279.0,B0168,Nicaragua_R0,G0055,198.52,0.041428571428571426
704869,375.0,Agriculture,Peru,Ayacucho,9.0,monthly,71.0,B0169,Peru_R0,G0220,126.23,0.04133333333333333
911393,625.0,Services,Bolivia,El Alto,8.0,monthly,48.0,B0170,Bolivia_R3,G0086,178.79,0.042499999999999996
960297,125.0,Transportation,Philippines,"Sindangan- Sindangan, Zamboanga del Norte",8.0,monthly,126.0,B0171,Philippines_R0,G0162,18.08,0.0405
672810,2200.0,Agriculture,Armenia,"Shaghap village, Ararat region",26.0,monthly,169.0,B0172,Armenia_R3,G0216,564.17,0.04270769230769231
969311,3375.0,Services,Guatemala,San Cristobal Totonicapan ,14.0,monthly,55.0,B0173,Guatemala_R0,G0034,611.82,0.047714285714285716
1278582,1150.0,Food,Colombia,Bogotà,20.0,monthly,154.0,B0174,Colombia_R1,G0120,145.36,0.04184
669149,425.0,Retail,Philippines,"Bogo, Cebu",14.0,irregular,145.0,B0175,Philippines_R3,G0060,128.46,0.040971428571428575
882339,1850.0,Retail,Vietnam,Thanh Hoá,14.0,monthly,121.0,B0176,Vietnam_R2,G0227,113.83,0.04422857142857143
1172565,975.0,Agriculture,Samoa,Savaia Lefaga,14.0,irregular,15.0,B0177,Samoa_R0,G0117,312.52,0.04222857142857143
1109131,325.0,Housing,Philippines,"Kalibo, Aklan",13.0,irregular,145.0,B0178,Philippines_R0,G0148,61.24,0.0408
781234,125.0,Clothing,Uganda,Kampala,6.0,irregular,112.0,B0179,Uganda_R2,G0128,30.15,0.04066666666666667
1146511,300.0,Education,Rwanda,Kigali,36.0,monthly,441.0,B0180,Rwanda_R0,G0264,74.34,0.040266666666666666
796152,1750.0,Agriculture,Kyrgyzstan,"Irilesh village, Batken region",14.0,monthly,171.0,B0181,Kyrgyzstan_R2,G0133,557.44,0.044
953363,50.0,Agriculture,Kenya,Mariakani,8.0,monthly,133.0,B0182,Kenya_R2,G0085,12.05,0.0402
853979,1725.0,Food,India,"M.Rampur, Kalahandi , Odisha",43.0,bullet,242.0,B0183,India_R1,G0191,403.96,0.041283720930232554
697142,550.0,Agriculture,El Salvador,San Miguel,15.0,bullet,199.0,B0184,El Salvador_R0,G0078,38.5,0.04117333333333333
675058,275.0,Housing,Nicaragua,Managua,18.0,irregular,74.0,B0185,Nicaragua_R2,G0057,56.52,0.040488888888888894
1044429,150.0,Food,Philippines,"Liloan, Cebu",8.0,irregular,145.0,B0186,Philippines_R2,G0285,14.26,0.0406
675512,225.0,Arts,Mali,Tingolé,5.0,monthly,78.0,B0187,Mali_R2,G0315,61.03,0.041440000000000005
943572,575.0,Education,Lebanon,,10.0,monthly,115.0,B0188,Lebanon_R0,G0036,117.11,0.04184
731786,1500.0,Agriculture,Ghana,,8.0,bullet,396.0,B0189,Ghana_R0,G0327,381.1,0.046
1062366,525.0,Arts,Colombia,Sahagun,18.0,bullet,177.0,B0190,Colombia_R0,G0263,32.81,0.040933333333333335
1241346,4800.0,Agriculture,Paraguay,Santaní,8.0,monthly,58.0,B0191,Paraguay_R0,G0231,362.1,0.0592
1147542,1425.0,Education,Jordan,Al Huson - Irbid,21.0,monthly,185.0,B0192,Jordan_R2,G0074,377.48,0.04217142857142857
1229615,175.0,Personal Use,Cambodia,Preah Vihear,8.0,monthly,311.0,B0193,Cambodia_R2,G0169,12.53,0.0407
1206749,525.0,Retail,Philippines,"Pulupandan, Negros Occidental",8.0,irregular,145.0,B0194,Philippines_R2,G0061,37.47,0.0421
675257,250.0,Manufacturing,Philippines,"Minglanilla, Cebu",8.0,irregular,145.0,B0195,Philippines_R0,G0145,13.41,0.041
692103,800.0,Services,Bolivia,La Paz,11.0,monthly,48.0,B0196,Bolivia_R0,G0037,269.56,0.04232727272727273
1263132,700.0,Agriculture,Colombia,Bolombolo,26.0,bullet,177.0,B0197,Colombia_R3,G0286,189.88,0.04086153846153846
1226845,425.0,Education,Jordan,Baqaa,15.0,monthly,185.0,B0198,Jordan_R3,G0071,66.29,0.04090666666666667
813495,450.0,Retail,Philippines,"Coron, Palawan",8.0,irregular,144.0,B0199,Philippines_R3,G0091,62.53,0.041800000000000004
937759,1000.0,Agriculture,El Salvador,Usulután,14.0,bullet,199.0,B0200,El Salvador_R2,G0310,154.91,0.04228571428571429
784042,950.0,Agriculture,Cambodia,"Battambang province, Moung Russey district",14.0,monthly,204.0,B0201,Cambodia_R0,G0319,268.28,0.04217142857142857
1063820,150.0,Housing,Philippines,"Pulupandan, Negros Occidental",14.0,irregular,145.0,B0202,Philippines_R2,G0288,37.26,0.04034285714285714
827615,4525.0,Food,Guatemala,"Santa Lucia La Reforma, Totonicapan",12.0,monthly,55.0,B0203,Guatemala_R2,G0046,477.65,0.052066666666666664
990630,425.0,Food,Philippines,"La Castellana, Negros Occidental",13.0,irregular,145.0,B0204,Philippines_R3,G0190,43.45,0.04104615384615384
1149693,300.0,Services,El Salvador,,8.0,monthly,167.0,B0205,El Salvador_R0,G0321,23.86,0.0412
960461,350.0,Agriculture,Philippines,"Minglanilla, Cebu",10.0,irregular,145.0,B0206,Philippines_R0,G0306,86.83,0.041120000000000004
693159,1250.0,Retail,El Salvador,,20.0,monthly,81.0,B0207,El Salvador_R0,G0278,349.14,0.041999999999999996
1137905,600.0,Retail,Madagascar,Antananarivo,9.0,irregular,443.0,B0208,Madagascar_R3,G0107,77.71,0.042133333333333335
722302,500.0,Health,El Salvador,,14.0,monthly,167.0,B0209,El Salvador_R0,G0137,28.14,0.04114285714285715
717761,375.0,Food,Pakistan,Lahore,11.0,irregular,247.0,B0210,Pakistan_R0,G0015,27.99,0.041090909090909095
862389,500.0,Food,El Salvador,,14.0,monthly,81.0,B0211,El Salvador_R0,G0028,170.18,0.04114285714285715
1249772,300.0,Retail,Philippines,"Jimenez-Sta.Cruz,Jimenez,Misamis Occidental",8.0,irregular,126.0,B0212,Philippines_R0,G0008,41.59,0.0412
1174100,225.0,Food,Philippines,"Hinigaran, Negros Occidental",8.0,irregular,145.0,B0213,Philippines_R1,G0184,63.17,0.040900000000000006
1065804,625.0,Health,Mexico,Monterrey,20.0,monthly,357.0,B0214,Mexico_R0,G0123,148.37,0.041
765914,450.0,Retail,Pakistan,Lahore,14.0,monthly,245.0,B0215,Pakistan_R0,G0143,74.06,0.04102857142857143
690080,325.0,Retail,Mali,Kangaré,8.0,irregular,78.0,B0216,Mali_R0,G0315,36.3,0.0413
1250765,1575.0,Education,Albania,Lezhe,26.0,monthly,239.0,B0217,Albania_R1,G0241,136.11,0.041938461538461536
1037666,325.0,Retail,Philippines,"Tanjay, Negros Oriental",14.0,irregular,145.0,B0218,Philippines_R2,G0047,76.21,0.04074285714285714
811713,2300.0,Food,Tajikistan,Khujand,26.0,monthly,100.0,B0219,Tajikistan_R0,G0291,649.5,0.04283076923076923
1205788,200.0,Clothing,Philippines,Sogod Leyte,8.0,irregular,145.0,B0220,Philippines_R3,G0039,48.63,0.0408
1122077,225.0,Food,Philippines,"Talibon, Bohol",8.0,irregular,145.0,B0221,Philippines_R2,G0119,47.05,0.040900000000000006
1009797,775.0,Agriculture,Kenya,Teso,11.0,bullet,202.0,B0222,Kenya_R1,G0172,48.5,0.042254545454545454
1118405,800.0,Food,El Salvador,,17.0,monthly,167.0,B0223,El Salvador_R0,G0203,272.44,0.04150588235294118
1005511,150.0,Manufacturing,Philippines,"Guribang Diffun, Quirino",7.0,irregular,123.0,B0224,Philippines_R2,G0167,43.44,0.04068571428571428
1260107,375.0,Agriculture,Tajikistan,J.Balkhi,10.0,monthly,63.0,B0225,Tajikistan_R2,G0269,51.69,0.0412
996123,1000.0,Housing,Cambodia,Takeo province,20.0,monthly,9.0,B0226,Cambodia_R3,G0098,343.99,0.0416
1225997,225.0,Retail,Liberia,Congo Town,11.0,irregular,182.0,B0227,Liberia_R1,G0176,51.88,0.04065454545454546
787393,500.0,Retail,Uganda,Kampala,6.0,irregular,112.0,B0228,Uganda_R2,G0172,112.36,0.04266666666666667
1318556,525.0,Retail,Philippines,"Binalbagan, Negros Occidental",5.0,irregular,145.0,B0229,Philippines_R3,G0270,144.07,0.043359999999999996
1245277,100.0,Personal Use,Cambodia,Pursat,8.0,monthly,311.0,B0230,Cambodia_R1,G0311,29.35,0.040400000000000005
659536,400.0,Housing,El Salvador,,14.0,monthly,81.0,B0231,El Salvador_R0,G0033,98.78,0.040914285714285716
762937,575.0,Agriculture,Kenya,Nandi Hills,14.0,monthly,156.0,B0232,Kenya_R3,G0186,50.85,0.04131428571428572
976061,225.0,Food,Indonesia,,13.0,irregular,129.0,B0233,Indonesia_R0,G0025,34.08,0.040553846153846156
933352,325.0,Agriculture,India,Falakata,43.0,bullet,334.0,B0234,India_R0,G0222,106.74,0.04024186046511628
870309,500.0,Agriculture,Peru,Colquepata - Paucartambo . Cusco,8.0,monthly,119.0,B0235,Peru_R0,G0196,58.69,0.041999999999999996
972941,425.0,Food,Uganda,Hoima,10.0,monthly,163.0,B0236,Uganda_R3,G0106,68.7,0.04136
1031814,625.0,Arts,Cambodia,BANTEAY CHMAR,8.0,bullet,439.0,B0237,Cambodia_R1,G0035,112.26,0.042499999999999996
1192922,50.0,Agriculture,Malawi,Dowa,10.0,monthly,381.0,B0238,Malawi_R3,G0184,9.09,0.04016
1287391,825.0,Agriculture,Philippines,"Dumabato Norte, Maddela, Quirino",6.0,bullet,123.0,B0239,Philippines_R0,G0017,192.95,0.0444
1010684,800.0,Entertainment,Timor-Leste,Dili B,13.0,monthly,243.0,B0240,Timor-Leste_R2,G0068,266.34,0.04196923076923077
914546,300.0,Retail,Turkey,,7.0,irregular,198.0,B0241,Turkey_R0,G0324,36.66,0.04137142857142857
787309,400.0,Services,Pakistan,Lahore,14.0,monthly,245.0,B0242,Pakistan_R0,G0173,34.58,0.040914285714285716
729190,250.0,Food,Philippines,"Quezon, Palawan",8.0,irregular,145.0,B0243,Philippines_R0,G0130,27.31,0.041
1237662,250.0,Food,Philippines,Malaubang Ozamiz City,8.0,monthly,136.0,B0244,Philippines_R0,G0079,79.02,0.041
792782,1125.0,Education,Paraguay,Villarrica,14.0,monthly,58.0,B0245,Paraguay_R1,G0259,274.21,0.04257142857142857
805701,350.0,Agriculture,Philippines,"Mayorga,Leyte",15.0,irregular,125.0,B0246,Philippines_R0,G0288,47.52,0.04074666666666667
1245146,1100.0,Retail,Ecuador,Portoviejo,7.0,irregular,137.0,B0247,Ecuador_R0,G0008,324.26,0.04502857142857143
800887,550.0,Agriculture,Cambodia,"Banteay Meanchey Province, Mongkul Borey District",20.0,monthly,204.0,B0248,Cambodia_R2,G0192,169.63,0.04088
1322801,300.0,Transportation,Pakistan,Rawalpindi,14.0,monthly,247.0,B0249,Pakistan_R1,G0197,91.19,0.04068571428571428
899901,350.0,Food,Philippines,"Hinobaan, Negros Occidental",8.0,irregular,145.0,B0250,Philippines_R1,G0081,113.99,0.041400000000000006
1031179,550.0,Food,Philippines,Aloran  Misamis Occidental,14.0,monthly,136.0,B0251,Philippines_R1,G0007,69.12,0.04125714285714285
1272798,425.0,Food,Philippines,"Roxas City, Capiz",5.0,irregular,145.0,B0252,Philippines_R0,G0330,117.52,0.04272
715741,475.0,Education,Paraguay,San Lorenzo,15.0,monthly,58.0,B0253,Paraguay_R2,G0279,89.38,0.04101333333333333
990986,700.0,Education,India,"Sonepur, Odisha",43.0,bullet,241.0,B0254,India_R0,G0006,211.82,0.040520930232558136
906296,525.0,Agriculture,Kenya,Limuru,14.0,monthly,388.0,B0255,Kenya_R2,G0205,140.99,0.0412
1153368,225.0,Retail,Philippines,"Calamba, Misamis Occidental",10.0,monthly,126.0,B0256,Philippines_R0,G0017,63.66,0.04072
1193409,875.0,Clothing,Honduras,Tegucigalpa,15.0,monthly,118.0,B0257,Honduras_R2,G0237,215.99,0.04186666666666666
987753,700.0,Agriculture,Kenya,Sakutiek-Naivasha,11.0,monthly,133.0,B0258,Kenya_R3,G0164,72.26,0.042036363636363636
950275,775.0,Food,Ecuador,Montecristi,7.0,monthly,137.0,B0259,Ecuador_R3,G0070,165.47,0.04354285714285715
872964,675.0,Agriculture,Rwanda,,29.0,monthly,161.0,B0260,Rwanda_R0,G0163,233.15,0.0407448275862069
1179503,450.0,Retail,India,Rayagada,26.0,monthly,428.0,B0261,India_R1,G0068,149.05,0.040553846153846156
1172806,775.0,Retail,Samoa,Lotopue,14.0,irregular,15.0,B0262,Samoa_R2,G0281,48.79,0.04177142857142857
894474,200.0,Food,Colombia,Sahagun,13.0,bullet,177.0,B0263,Colombia_R0,G0252,19.89,0.04049230769230769
1183331,650.0,Retail,Zimbabwe,Harare,9.0,irregular,367.0,B0264,Zimbabwe_R1,G0226,58.19,0.04231111111111111
756921,275.0,Food,Philippines,"Puerto Princesa North, Palawan",8.0,irregular,145.0,B0265,Philippines_R2,G0077,73.64,0.0411
1301450,600.0,Food,Cambodia,Siem Reap,14.0,monthly,499.0,B0266,Cambodia_R2,G0062,177.2,0.04137142857142857
706255,425.0,Food,Philippines,"Brookes Point, Palawan",8.0,irregular,145.0,B0267,Philippines_R1,G0196,48.47,0.0417
989288,700.0,Personal Use,Honduras,Atlantida,18.0,monthly,390.0,B0268,Honduras_R1,G0249,141.23,0.041244444444444445
799345,500.0,Agriculture,The Democratic Republic of the Congo,UVIRA,8.0,monthly,402.0,B0269,The Democratic Republic of the Congo_R3,G0318,151.11,0.041999999999999996
866615,200.0,Education,Cambodia,Posen Chey,8.0,monthly,61.0,B0270,Cambodia_R2,G0032,53.97,0.0408
1282614,250.0,Agriculture,Kenya,Chwele,9.0,bullet,202.0,B0271,Kenya_R1,G0078,53.17,0.04088888888888889
1239065,600.0,Agriculture,Ecuador,San Gabriel,17.0,monthly,188.0,B0272,Ecuador_R1,G0087,136.26,0.04112941176470589
1164933,700.0,Agriculture,El Salvador,La Unión,9.0,bullet,199.0,B0273,El Salvador_R2,G0080,141.76,0.04248888888888889
887099,1175.0,Food,Sierra Leone,Freetown Central,8.0,monthly,148.0,B0274,Sierra Leone_R1,G0093,163.64,0.044700000000000004
842603,250.0,Retail,Philippines,"Bayawan, Negros Oriental",8.0,irregular,145.0,B0275,Philippines_R0,G0002,54.88,0.041
747463,875.0,Retail,Kenya,Machakos,14.0,monthly,133.0,B0276,Kenya_R3,G0330,224.58,0.041999999999999996
1169253,2775.0,Retail,Mali,Samory,10.0,irregular,438.0,B0277,Mali_R1,G0105,865.79,0.04888000000000001
1296230,175.0,Retail,Philippines,"Sara, Iloilo",8.0,irregular,125.0,B0278,Philippines_R1,G0229,42.16,0.0407
939071,100.0,Personal Use,Cambodia,Kompong Thom,8.0,monthly,311.0,B0279,Cambodia_R1,G0287,27.83,0.040400000000000005
1261747,950.0,Agriculture,Kenya,Webuye,9.0,bullet,202.0,B0280,Kenya_R0,G0188,93.12,0.04337777777777778
684094,1075.0,Agriculture,Peru,Colasay - Jaén - Cajamarca,8.0,bullet,143.0,B0281,Peru_R0,G0014,202.6,0.044300000000000006
1155458,425.0,Food,Philippines,"sindangan, zamboanga del norte",14.0,monthly,126.0,B0282,Philippines_R3,G0140,22.44,0.040971428571428575
1255832,100.0,Agriculture,Kenya,Eldoret,11.0,monthly,133.0,B0283,Kenya_R2,G0269,12.4,0.04029090909090909
1294545,300.0,Agriculture,Philippines,"Bago, Negros Occidental",11.0,irregular,145.0,B0284,Philippines_R3,G0235,80.38,0.04087272727272727
717205,1875.0,Agriculture,Rwanda,,9.0,bullet,161.0,B0285,Rwanda_R0,G0121,651.64,0.04666666666666667
922980,350.0,Retail,Philippines,"Bayawan, Negros Oriental",8.0,irregular,145.0,B0286,Philippines_R0,G0102,27.91,0.041400000000000006
832943,700.0,Housing,Yemen,Sana'a,10.0,monthly,205.0,B0287,Yemen_R2,G0113,119.31,0.04224
1317889,300.0,Transportation,Kenya,Kitale,8.0,monthly,133.0,B0288,Kenya_R3,G0311,87.01,0.0412
1192133,350.0,Education,Kenya,"Kwa Reuben, Nairobi.",9.0,irregular,258.0,B0289,Kenya_R0,G0036,38.92,0.041244444444444445
1010682,325.0,Retail,Philippines,"Brookes Point, Palawan",8.0,irregular,145.0,B0290,Philippines_R1,G0155,70.37,0.0413
944339,300.0,Retail,Kenya,Makueni,13.0,irregular,164.0,B0291,Kenya_R0,G0140,80.98,0.04073846153846154
1162490,1500.0,Services,The Democratic Republic of the Congo,"Goma, North Kivu province",6.0,irregular,160.0,B0292,The Democratic Republic of the Congo_R3,G0086,352.19,0.048
1064728,2900.0,Education,Lebanon,Beirut,8.0,monthly,77.0,B0293,Lebanon_R0,G0287,308.58,0.05160000000000001
1177212,1050.0,Construction,Philippines,"Dumaguete, Negros Oriental",8.0,irregular,145.0,B0294,Philippines_R2,G0152,164.45,0.0442
1024464,250.0,Retail,Philippines,"Pan-ay, Capiz",8.0,irregular,145.0,B0295,Philippines_R0,G0317,71.28,0.041
985468,1050.0,Housing,Guatemala,Solola,14.0,monthly,246.0,B0296,Guatemala_R0,G0134,227.08,0.0424
1218109,625.0,Retail,Philippines,"Baybay, Leyte",12.0,irregular,125.0,B0297,Philippines_R2,G0015,32.23,0.04166666666666667
737514,250.0,Food,Kenya,Tiribe,10.0,irregular,164.0,B0298,Kenya_R2,G0048,69.57,0.0408
662242,275.0,Retail,Philippines,"Cortes, Bohol",7.0,irregular,125.0,B0299,Philippines_R0,G0168,16.66,0.04125714285714285
1163759,1025.0,Agriculture,Myanmar (Burma),Pakokku,8.0,bullet,416.0,B0300,Myanmar (Burma)_R2,G0058,280.56,0.0441
1036211,500.0,Retail,Pakistan,Lahore,11.0,irregular,247.0,B0301,Pakistan_R0,G0264,55.37,0.04145454545454545
678162,950.0,Construction,Sierra Leone,Waterloo,14.0,monthly,183.0,B0302,Sierra Leone_R1,G0182,320.55,0.04217142857142857
1263532,600.0,Retail,Philippines,"Himamaylan, Negros Occidental",13.0,irregular,145.0,B0303,Philippines_R2,G0055,96.23,0.04147692307692308
696478,525.0,Food,Philippines,"Brookes Point, Palawan",8.0,irregular,145.0,B0304,Philippines_R1,G0253,77.74,0.0421
795648,300.0,Retail,El Salvador,,14.0,monthly,81.0,B0305,El Salvador_R0,G0042,28.4,0.04068571428571428
1301992,650.0,Agriculture,Armenia,Syunik region,26.0,monthly,146.0,B0306,Armenia_R3,G0024,92.09,0.0408
1047546,100.0,Construction,Kenya,Kisumu,11.0,monthly,133.0,B0307,Kenya_R2,G0026,31.3,0.04029090909090909
1261142,225.0,Transportation,Philippines,"Cordova, Cebu",11.0,irregular,145.0,B0308,Philippines_R1,G0132,78.5,0.04065454545454546
1295498,1025.0,Retail,Philippines,"Victorias, Negros Occidental",8.0,irregular,145.0,B0309,Philippines_R2,G0098,164.51,0.0441
1153971,225.0,Housing,Mozambique,"Boane, Maputo",20.0,monthly,23.0,B0310,Mozambique_R1,G0082,41.53,0.04036
809495,500.0,Retail,El Salvador,,14.0,monthly,81.0,B0311,El Salvador_R0,G0097,133.31,0.04114285714285715
776420,300.0,Retail,Philippines,"Bais, Negros Oriental",8.0,irregular,145.0,B0312,Philippines_R0,G0131,94.76,0.0412
1316845,500.0,Retail,Pakistan,Oghi,14.0,monthly,245.0,B0313,Pakistan_R0,G0254,113.96,0.04114285714285715
1098720,600.0,Clothing,Kenya,Changamwe,14.0,monthly,138.0,B0314,Kenya_R0,G0174,100.47,0.04137142857142857
852412,400.0,Services,India,"Jeypore, Odisha",43.0,bullet,241.0,B0315,India_R1,G0324,69.51,0.040297674418604656
969078,250.0,Personal Use,Nigeria,Kaduna,14.0,bullet,288.0,B0316,Nigeria_R2,G0050,64.67,0.04057142857142857
933218,125.0,Agriculture,Philippines,"Ubay, Bohol",8.0,irregular,145.0,B0317,Philippines_R1,G0295,6.37,0.0405
991413,550.0,Agriculture,Philippines,"La Castellana, Negros Occidental",8.0,irregular,145.0,B0318,Philippines_R3,G0161,129.73,0.0422
790938,1000.0,Retail,Tajikistan,Gissar,14.0,monthly,100.0,B0319,Tajikistan_R2,G0165,156.65,0.04228571428571429
1247035,575.0,Transportation,Pakistan,Lahore,14.0,monthly,247.0,B0320,Pakistan_R0,G0256,165.75,0.04131428571428572
949514,150.0,Agriculture,Philippines,Sogod Leyte,8.0,irregular,145.0,B0321,Philippines_R3,G0171,11.68,0.0406
1247406,300.0,Agriculture,Philippines,"Bogo, Cebu",11.0,irregular,145.0,B0322,Philippines_R3,G0062,67.94,0.04087272727272727
1259883,300.0,Food,Kenya,Bungoma,14.0,monthly,156.0,B0323,Kenya_R2,G0142,58.29,0.04068571428571428
789787,875.0,Clothing,Jordan,Marka,18.0,monthly,185.0,B0324,Jordan_R0,G0012,212.36,0.041555555555555554
681224,1275.0,Retail,Kenya,Thika Road,14.0,monthly,133.0,B0325,Kenya_R3,G0168,88.56,0.04291428571428571
855121,1125.0,Housing,Nicaragua,Managua,17.0,monthly,98.0,B0326,Nicaragua_R2,G0123,251.99,0.04211764705882353
713986,500.0,Retail,El Salvador,,11.0,monthly,81.0,B0327,El Salvador_R0,G0116,109.22,0.04145454545454545
1156855,75.0,Education,Nigeria,Kaduna,15.0,bullet,288.0,B0328,Nigeria_R2,G0160,16.36,0.04016
913377,400.0,Agriculture,Samoa,"Paia, Savaii",14.0,irregular,15.0,B0329,Samoa_R1,G0112,92.42,0.040914285714285716
1070493,1025.0,Retail,El Salvador,,14.0,monthly,167.0,B0330,El Salvador_R0,G0334,259.26,0.04234285714285714
1226447,425.0,Food,Philippines,"Narra, Palawan",8.0,irregular,145.0,B0331,Philippines_R0,G0061,123.89,0.0417
705984,300.0,Food,Philippines,"Maasin City, Leyte",14.0,irregular,145.0,B0332,Philippines_R3,G0071,39.28,0.04068571428571428
814147,225.0,Retail,Liberia,,8.0,monthly,364.0,B0333,Liberia_R0,G0158,66.94,0.040900000000000006
1321694,200.0,Agriculture,Madagascar,Talata,8.0,monthly,359.0,B0334,Madagascar_R2,G0089,39.9,0.0408
1217751,350.0,Food,El Salvador,San Vicente,14.0,monthly,199.0,B0335,El Salvador_R1,G0238,25.59,0.0408
1120905,1025.0,Food,Burkina Faso,Ouagadougou Kilwin,8.0,monthly,398.0,B0336,Burkina Faso_R2,G0183,69.25,0.0441
1091434,200.0,Food,Kenya,Kisauni,14.0,irregular,164.0,B0337,Kenya_R0,G0316,30.05,0.04045714285714286
1229200,1550.0,Retail,Lebanon,Sidon,15.0,monthly,404.0,B0338,Lebanon_R2,G0219,442.48,0.04330666666666667
1065596,400.0,Clothing,Kenya,Molo,8.0,monthly,138.0,B0339,Kenya_R0,G0076,104.92,0.0416
930616,525.0,Retail,Mozambique,"Boane, Maputo",17.0,monthly,23.0,B0340,Mozambique_R1,G0240,150.46,0.040988235294117645
1271717,600.0,Food,Philippines,"San Dionisio, Iloilo",11.0,irregular,125.0,B0341,Philippines_R2,G0124,123.11,0.041745454545454544
1239970,1075.0,Arts,Kosovo,,26.0,monthly,240.0,B0342,Kosovo_R0,G0057,195.71,0.04132307692307692
1282845,500.0,Food,El Salvador,Usulután,14.0,monthly,199.0,B0343,El Salvador_R2,G0332,47.12,0.04114285714285715
989168,400.0,Retail,Pakistan,Rawalpindi,14.0,monthly,247.0,B0344,Pakistan_R1,G0040,59.38,0.040914285714285716
1334239,875.0,Housing,Albania,Korce,14.0,monthly,239.0,B0345,Albania_R3,G0281,157.68,0.041999999999999996
911484,625.0,Housing,Mexico,"San Miguel, Acatepec, Guerrero",14.0,monthly,275.0,B0346,Mexico_R0,G0129,47.86,0.041428571428571426
810479,1375.0,Agriculture,Cambodia,"Battambang province, Thmor Koul district",20.0,monthly,204.0,B0347,Cambodia_R2,G0214,159.75,0.0422
1220629,1025.0,Retail,Philippines,"Masipi East, Cabagan, Isabela",8.0,irregular,123.0,B0348,Philippines_R1,G0156,235.2,0.0441
740814,1025.0,Services,Tajikistan,Hamadoni,14.0,monthly,63.0,B0349,Tajikistan_R1,G0184,277.47,0.04234285714285714
1252855,1025.0,Agriculture,Kenya,Webuye,9.0,bullet,202.0,B0350,Kenya_R0,G0059,358.24,0.043644444444444444
1008338,300.0,Agriculture,Ecuador,Tulcán,12.0,monthly,188.0,B0351,Ecuador_R3,G0045,98.98,0.0408
701889,525.0,Agriculture,Pakistan,Mustafabad,14.0,monthly,245.0,B0352,Pakistan_R2,G0020,127.45,0.0412
795197,350.0,Transportation,Philippines,"Jimenez, Misamis  Occidental",12.0,monthly,136.0,B0353,Philippines_R2,G0000,61.73,0.040933333333333335
1103359,650.0,Food,Armenia,"Kapan, Syunik region",26.0,monthly,169.0,B0354,Armenia_R1,G0037,156.55,0.0408
1046937,650.0,Food,Guatemala,Solola,14.0,monthly,246.0,B0355,Guatemala_R0,G0136,185.7,0.041485714285714285
1195271,300.0,Services,Pakistan,Rawalpindi,14.0,monthly,247.0,B0356,Pakistan_R1,G0240,25.65,0.04068571428571428
1288162,225.0,Agriculture,El Salvador,El Transito,14.0,bullet,199.0,B0357,El Salvador_R2,G0209,38.92,0.04051428571428571
1156094,550.0,Housing,Indonesia,Serang,36.0,irregular,406.0,B0358,Indonesia_R0,G0106,166.07,0.040488888888888894
952902,325.0,Food,Madagascar,Antananarivo,10.0,irregular,443.0,B0359,Madagascar_R3,G0189,53.67,0.04104
1044346,2150.0,Housing,Georgia,Goristsikhe,27.0,monthly,181.0,B0360,Georgia_R2,G0125,476.36,0.042548148148148154
779690,2000.0,Education,Honduras,Tegucigalpa,39.0,monthly,317.0,B0361,Honduras_R2,G0009,452.66,0.04164102564102564
786705,300.0,Food,El Salvador,,14.0,monthly,81.0,B0362,El Salvador_R0,G0179,31.6,0.04068571428571428
1165029,400.0,Food,Samoa,Tulaele,14.0,irregular,15.0,B0363,Samoa_R0,G0108,63.47,0.040914285714285716
827763,2100.0,Clothing,Yemen,hodeidah,12.0,monthly,205.0,B0364,Yemen_R3,G0180,315.74,0.0456
1279093,2675.0,Clothing,Paraguay,Encarnación,6.0,irregular,58.0,B0365,Paraguay_R0,G0069,154.77,0.05426666666666667
804480,4050.0,Agriculture,Mexico,"Ejido de San Pedro El Alto, San Felipe del Progres",7.0,irregular,130.0,B0366,Mexico_R3,G0021,231.89,0.05851428571428571
1253878,2500.0,Health,The Democratic Republic of the Congo,GOMA,14.0,monthly,402.0,B0367,The Democratic Republic of the Congo_R1,G0057,748.77,0.04571428571428572
676066,175.0,Food,Philippines,"Bago, Negros Occidental",7.0,irregular,145.0,B0368,Philippines_R3,G0012,23.09,0.0408
1056555,550.0,Retail,Cameroon,Yaoundé,15.0,monthly,217.0,B0369,Cameroon_R1,G0249,112.98,0.04117333333333333
1056497,1525.0,Housing,Cambodia,Svay Reang Province,14.0,monthly,9.0,B0370,Cambodia_R0,G0132,212.92,0.04348571428571429
1251863,525.0,Agriculture,Kyrgyzstan,Chui district,14.0,monthly,171.0,B0371,Kyrgyzstan_R1,G0088,174.41,0.0412
737040,1000.0,Agriculture,Cambodia,"Battambang province, Phnom Proek district",26.0,monthly,204.0,B0372,Cambodia_R3,G0208,127.79,0.04123076923076923
1106005,650.0,Retail,Philippines,"Plaridel-Lopez Jaena, Misamis Occidental",14.0,irregular,126.0,B0373,Philippines_R2,G0203,116.28,0.041485714285714285
1328822,500.0,Food,El Salvador,,14.0,monthly,167.0,B0374,El Salvador_R0,G0002,155.91,0.04114285714285715
670614,150.0,Retail,Philippines,"Daan Bantayan, Cebu",7.0,irregular,145.0,B0375,Philippines_R1,G0158,45.39,0.04068571428571428
890854,3225.0,Retail,Paraguay,San Lorenzo,6.0,irregular,58.0,B0376,Paraguay_R2,G0077,341.3,0.0572
1308052,350.0,Retail,Colombia,San Antonio de Prado,14.0,bullet,177.0,B0377,Colombia_R1,G0135,101.78,0.0408
1236400,300.0,Services,Pakistan,Sialkot,14.0,monthly,455.0,B0378,Pakistan_R0,G0311,56.24,0.04068571428571428
1030058,300.0,Personal Use,Lao People's Democratic Republic,Laos,10.0,bullet,393.0,B0379,Lao People's Democratic Republic_R3,G0315,58.47,0.040959999999999996
1029379,225.0,Construction,Philippines,"Ilog, Negros Occidental",11.0,irregular,145.0,B0380,Philippines_R3,G0111,20.26,0.04065454545454546
1068665,525.0,Services,Colombia,Medellín,14.0,bullet,177.0,B0381,Colombia_R2,G0082,38.94,0.0412
929376,150.0,Food,Philippines,"Calape, Bohol",11.0,irregular,125.0,B0382,Philippines_R2,G0019,40.26,0.04043636363636364
912963,475.0,Retail,Philippines,"Minglanilla, Cebu",11.0,irregular,145.0,B0383,Philippines_R0,G0011,94.5,0.041381818181818186
943980,225.0,Retail,Philippines,"Numancia, Aklan",8.0,irregular,145.0,B0384,Philippines_R1,G0290,40.74,0.040900000000000006
693399,725.0,Food,Cambodia,"Kampong Cham Province, Koh Sotin District",14.0,monthly,204.0,B0385,Cambodia_R2,G0331,194.92,0.04165714285714286
662286,575.0,Food,Pakistan,Pakpatan,14.0,monthly,245.0,B0386,Pakistan_R1,G0214,160.8,0.04131428571428572
1163398,600.0,Services,Nicaragua,Chinandega,14.0,monthly,176.0,B0387,Nicaragua_R2,G0324,58.6,0.04137142857142857
942391,325.0,Agriculture,Philippines,"Bindoy, Negros Oriental",8.0,irregular,145.0,B0388,Philippines_R1,G0196,75.75,0.0413
1188113,3400.0,Food,Peru,Lamay - Calca - Cusco,8.0,monthly,119.0,B0389,Peru_R1,G0205,308.06,0.05360000000000001
655349,225.0,Food,Peru,PUCALLPA,8.0,monthly,71.0,B0390,Peru_R0,G0148,61.97,0.040900000000000006
1066577,1500.0,Health,Lebanon,Nabatieh,17.0,monthly,77.0,B0391,Lebanon_R1,G0312,370.63,0.042823529411764705
1128056,275.0,Agriculture,Philippines,"Bogo, Cebu",13.0,irregular,145.0,B0392,Philippines_R3,G0306,92.67,0.04067692307692308
683038,550.0,Retail,Philippines,"La Castellana, Negros Occidental",8.0,irregular,145.0,B0393,Philippines_R3,G0020,38.88,0.0422
838929,1000.0,Food,Samoa,Vaitele,14.0,irregular,15.0,B0394,Samoa_R0,G0039,67.12,0.04228571428571429
1197055,250.0,Retail,Philippines,"Silay, Negros Occidental",8.0,irregular,145.0,B0395,Philippines_R1,G0227,33.66,0.041
1124829,575.0,Food,Samoa,Siusega,14.0,irregular,15.0,B0396,Samoa_R0,G0235,73.89,0.04131428571428572
970817,325.0,Health,Philippines,"bandera,polanco,zamboanga del norte",14.0,monthly,136.0,B0397,Philippines_R3,G0306,40.33,0.04074285714285714
1323440,600.0,Retail,Philippines,"Numancia, Aklan",5.0,irregular,145.0,B0398,Philippines_R1,G0074,193.13,0.043840000000000004
1013834,200.0,Retail,Philippines,"Calbayog City, Samar",8.0,irregular,145.0,B0399,Philippines_R1,G0256,24.97,0.0408
790006,500.0,Retail,Cambodia,Kampong Cham,14.0,monthly,106.0,B0400,Cambodia_R0,G0287,65.79,0.04114285714285715
782394,500.0,Retail,El Salvador,,17.0,monthly,81.0,B0401,El Salvador_R0,G0319,138.91,0.04094117647058824
1250790,300.0,Food,Philippines,"Taytay, Palawan",8.0,irregular,145.0,B0402,Philippines_R3,G0284,55.48,0.0412
1179585,600.0,Clothing,Kenya,Mombasa,14.0,irregular,386.0,B0403,Kenya_R0,G0277,169.81,0.04137142857142857
979405,1475.0,Housing,Armenia,Sevan,26.0,monthly,146.0,B0404,Armenia_R1,G0201,102.67,0.041815384615384615
1215417,2350.0,Housing,Albania,Korce,38.0,monthly,239.0,B0405,Albania_R3,G0098,461.24,0.04197894736842105
656025,225.0,Transportation,Philippines,"Jimenez, Misamis  Occidental",14.0,monthly,136.0,B0406,Philippines_R2,G0309,13.52,0.04051428571428571
1172760,475.0,Personal Use,Nicaragua,,26.0,irregular,279.0,B0407,Nicaragua_R0,G0258,32.68,0.040584615384615386
780620,925.0,Agriculture,Kyrgyzstan,"Toktogul town, Jalalabad region",14.0,monthly,171.0,B0408,Kyrgyzstan_R0,G0084,297.79,0.042114285714285715
1048581,225.0,Food,Philippines,"Digos, Davao Del Sur",5.0,irregular,144.0,B0409,Philippines_R0,G0167,20.65,0.041440000000000005
1237573,325.0,Retail,Philippines,"Calbayog City, Samar",8.0,irregular,145.0,B0410,Philippines_R1,G0145,68.16,0.0413
1204322,1200.0,Food,Ukraine,Ternovka,26.0,monthly,26.0,B0411,Ukraine_R3,G0029,207.99,0.04147692307692308
682924,925.0,Agriculture,Kyrgyzstan,"Dostuk village, Jalalabat region",10.0,monthly,171.0,B0412,Kyrgyzstan_R1,G0232,142.64,0.04296
849473,200.0,Retail,Philippines,"Roxas City, Capiz",8.0,irregular,145.0,B0413,Philippines_R0,G0081,63.99,0.0408
847766,850.0,Agriculture,Cambodia,"Kampong Cham province, Dambae district",14.0,monthly,204.0,B0414,Cambodia_R0,G0034,48.06,0.04194285714285714
1307640,1075.0,Retail,Sierra Leone,Aberdeen,14.0,monthly,183.0,B0415,Sierra Leone_R1,G0080,267.82,0.04245714285714286
658883,125.0,Construction,Philippines,"Jimenez-Mialem, Jimenez, Misamis Occidental",8.0,monthly,126.0,B0416,Philippines_R1,G0037,42.38,0.0405
1322061,1975.0,Agriculture,Palestine,"Khanyounis, Gaza Strip",21.0,monthly,80.0,B0417,Palestine_R3,G0233,430.65,0.04300952380952381
910149,575.0,Services,Philippines,Tangub City,26.0,monthly,126.0,B0418,Philippines_R3,G0312,190.35,0.040707692307692306
1332821,2000.0,Housing,Lebanon,Aley,15.0,monthly,77.0,B0419,Lebanon_R0,G0146,131.35,0.04426666666666666
910684,375.0,Food,Tanzania,Morogoro,8.0,irregular,379.0,B0420,Tanzania_R2,G0069,65.86,0.0415
1246275,1000.0,Agriculture,Cambodia,"Tbaung Khmum Province, Dambae District",26.0,monthly,204.0,B0421,Cambodia_R2,G0151,128.05,0.04123076923076923
1134229,450.0,Agriculture,Uganda,Fort Portal,12.0,monthly,163.0,B0422,Uganda_R0,G0065,121.16,0.0412
862538,225.0,Retail,Philippines,"Tacloban City, Leyte",8.0,irregular,145.0,B0423,Philippines_R3,G0121,77.49,0.040900000000000006
1187464,200.0,Personal Use,Cambodia,Kandal,8.0,monthly,311.0,B0424,Cambodia_R2,G0175,25.39,0.0408
966037,1000.0,Retail,El Salvador,Osicala,20.0,monthly,199.0,B0425,El Salvador_R0,G0082,246.25,0.0416
675130,425.0,Food,Samoa,Afega,14.0,irregular,15.0,B0426,Samoa_R2,G0072,46.51,0.040971428571428575
1328642,1325.0,Agriculture,Vietnam,02 Hoằng Phong,26.0,monthly,121.0,B0427,Vietnam_R1,G0051,290.97,0.041630769230769235
730753,375.0,Personal Use,Peru,CHINCHA,14.0,monthly,139.0,B0428,Peru_R3,G0121,70.94,0.040857142857142856
860038,325.0,Retail,Philippines,"Maasin City, Leyte",11.0,irregular,145.0,B0429,Philippines_R3,G0016,111.02,0.04094545454545455
738163,250.0,Education,Philippines,"Gappal, Cauayan City, Isabela",13.0,irregular,123.0,B0430,Philippines_R3,G0132,58.14,0.040615384615384616
667752,600.0,Food,Kenya,Samburu,13.0,irregular,164.0,B0431,Kenya_R2,G0240,92.91,0.04147692307692308
998136,275.0,Agriculture,Philippines,"Plaridel-Sibula, Lopez Jaena",7.0,bullet,126.0,B0432,Philippines_R1,G0047,23.16,0.04125714285714285
1065354,300.0,Food,Pakistan,Lahore,13.0,monthly,247.0,B0433,Pakistan_R0,G0038,28.61,0.04073846153846154
1118773,450.0,Retail,Philippines,"Tanjay, Negros Oriental",14.0,irregular,145.0,B0434,Philippines_R2,G0194,52.92,0.04102857142857143
730284,1075.0,Construction,Peru,Colasay - Jaén - Cajamarca,14.0,monthly,143.0,B0435,Peru_R0,G0131,134.69,0.04245714285714286
765005,250.0,Arts,Philippines,"Compostela, Cebu",8.0,irregular,145.0,B0436,Philippines_R2,G0074,76.3,0.041
950296,225.0,Retail,Philippines,"Kalibo, Aklan",8.0,irregular,145.0,B0437,Philippines_R0,G0270,49.13,0.040900000000000006
1092727,175.0,Agriculture,Philippines,"Catbalogan, Samar",7.0,irregular,145.0,B0438,Philippines_R1,G0056,36.23,0.0408
1067702,375.0,Agriculture,Philippines,"Hinigaran, Negros Occidental",8.0,irregular,145.0,B0439,Philippines_R1,G0078,31.66,0.0415
826945,350.0,Housing,Kenya,Narok,8.0,monthly,133.0,B0440,Kenya_R3,G0169,107.81,0.041400000000000006
909744,200.0,Retail,Philippines,"Siquijor, Negros Oriental",8.0,irregular,145.0,B0441,Philippines_R1,G0293,53.37,0.0408
1029422,300.0,Food,Philippines,"Binalbagan, Negros Occidental",10.0,irregular,145.0,B0442,Philippines_R3,G0116,21.09,0.040959999999999996
994515,200.0,Agriculture,Kenya,Kerugoya,14.0,monthly,156.0,B0443,Kenya_R2,G0252,52.47,0.04045714285714286
703654,225.0,Agriculture,Philippines,"Compostela, Cebu",14.0,irregular,145.0,B0444,Philippines_R2,G0227,47.94,0.04051428571428571
675971,275.0,Agriculture,Philippines,"Binalbagan, Negros Occidental",7.0,irregular,145.0,B0445,Philippines_R3,G0079,20.49,0.04125714285714285
802074,700.0,Food,Peru,Limatambo-Anta,8.0,monthly,119.0,B0446,Peru_R3,G0192,131.24,0.042800000000000005
802302,500.0,Housing,El Salvador,,17.0,monthly,81.0,B0447,El Salvador_R0,G0148,97.7,0.04094117647058824
674938,225.0,Education,Philippines,zamboanga del sur,26.0,bullet,136.0,B0448,Philippines_R0,G0198,22.44,0.04027692307692308
696642,250.0,Food,Kenya,Likoni,14.0,irregular,164.0,B0449,Kenya_R0,G0204,83.43,0.04057142857142857
1186774,1675.0,Health,Armenia,Kapan,38.0,monthly,146.0,B0450,Armenia_R3,G0006,510.86,0.041410526315789474
1329953,600.0,Transportation,Samoa,Alafua,14.0,irregular,15.0,B0451,Samoa_R1,G0113,150.42,0.04137142857142857
1293894,225.0,Retail,Philippines,"Himamaylan, Negros Occidental",14.0,irregular,145.0,B0452,Philippines_R2,G0279,42.45,0.04051428571428571
1208814,2000.0,Education,Palestine,Bethlehem- West Bank,27.0,monthly,80.0,B0453,Palestine_R1,G0067,347.06,0.04237037037037037
850285,200.0,Food,Philippines,"Padul, Solana, Cagayan",7.0,irregular,123.0,B0454,Philippines_R3,G0226,49.06,0.040914285714285716
798889,1150.0,Retail,Costa Rica,"Puntarenas, Chacarita",20.0,monthly,151.0,B0455,Costa Rica_R0,G0318,245.67,0.04184
737645,1075.0,Services,Zambia,Kalumbila,19.0,bullet,210.0,B0456,Zambia_R3,G0231,73.83,0.04181052631578948
906739,175.0,Retail,Togo,Tokoin,10.0,irregular,296.0,B0457,Togo_R1,G0118,35.66,0.04056
1150489,150.0,Services,Philippines,Sogod Leyte,8.0,irregular,145.0,B0458,Philippines_R3,G0158,43.79,0.0406
818169,25.0,Agriculture,Rwanda,,10.0,irregular,161.0,B0459,Rwanda_R0,G0330,4.69,0.040080000000000005
803668,350.0,Education,Paraguay,Villarrica,15.0,monthly,58.0,B0460,Paraguay_R1,G0206,22.96,0.04074666666666667
734519,500.0,Housing,Cambodia,Prey Veng,14.0,monthly,106.0,B0461,Cambodia_R1,G0135,142.94,0.04114285714285715
1212038,775.0,Retail,Guatemala,Escuintla,10.0,monthly,246.0,B0462,Guatemala_R2,G0033,85.57,0.042480000000000004
1073376,125.0,Personal Use,Cambodia,Kompong Thom,8.0,monthly,311.0,B0463,Cambodia_R1,G0285,15.95,0.0405
1011358,500.0,Food,Haiti,Fontamara(Centre-Ville),7.0,monthly,442.0,B0464,Haiti_R2,G0021,49.71,0.04228571428571429
791685,700.0,Clothing,Tajikistan,Shahrituz,15.0,monthly,63.0,B0465,Tajikistan_R0,G0090,104.35,0.04149333333333333
794992,750.0,Retail,Uganda,Kinobi,14.0,monthly,65.0,B0466,Uganda_R0,G0334,207.77,0.04171428571428572
690776,375.0,Agriculture,Peru,Cayaltí - Chiclayo,15.0,monthly,143.0,B0467,Peru_R3,G0171,77.18,0.0408
998569,1025.0,Agriculture,Kenya,Teso,11.0,bullet,202.0,B0468,Kenya_R1,G0126,114.25,0.042981818181818184
1259045,150.0,Food,Sierra Leone,Kissy,11.0,irregular,183.0,B0469,Sierra Leone_R2,G0271,47.0,0.04043636363636364
670456,800.0,Manufacturing,Nicaragua,Granada,15.0,monthly,176.0,B0470,Nicaragua_R0,G0255,251.1,0.04170666666666667
1305426,1000.0,Agriculture,Cambodia,"Kampong Cham province, Prey Chhor district",26.0,monthly,204.0,B0471,Cambodia_R3,G0062,311.17,0.04123076923076923
821905,700.0,Construction,Egypt,Baniswef,14.0,monthly,440.0,B0472,Egypt_R2,G0282,85.15,0.0416
1313635,500.0,Food,Liberia,Caldwell,7.0,irregular,182.0,B0473,Liberia_R3,G0241,92.69,0.04228571428571429
955752,3000.0,Retail,Armenia,Gavar town,30.0,monthly,169.0,B0474,Armenia_R0,G0329,1036.49,0.0432
980874,1025.0,Retail,Jordan,Southern Ghour,21.0,monthly,185.0,B0475,Jordan_R3,G0215,288.64,0.04156190476190476
841704,775.0,Clothing,Colombia,Victoria,26.0,bullet,177.0,B0476,Colombia_R1,G0266,45.07,0.04095384615384615
1020855,875.0,Housing,Mozambique,"Boane, Maputo",17.0,monthly,23.0,B0477,Mozambique_R1,G0147,60.87,0.04164705882352941
1207321,1000.0,Manufacturing,El Salvador,Sensuntepeque,20.0,monthly,199.0,B0478,El Salvador_R1,G0014,189.18,0.0416
845897,175.0,Food,Philippines,"Tacloban City, Leyte",8.0,irregular,145.0,B0479,Philippines_R3,G0043,56.48,0.0407
688881,125.0,Food,Uganda,Kampala,6.0,irregular,112.0,B0480,Uganda_R2,G0064,26.45,0.04066666666666667
891499,1200.0,Agriculture,El Salvador,Gotera,26.0,irregular,199.0,B0481,El Salvador_R0,G0096,239.21,0.04147692307692308
848384,250.0,Food,Colombia,Sahagun,13.0,bullet,177.0,B0482,Colombia_R0,G0060,20.41,0.040615384615384616
985577,225.0,Retail,Philippines,"Pan-ay, Capiz",8.0,irregular,145.0,B0483,Philippines_R0,G0077,55.58,0.040900000000000006
1065989,475.0,Housing,Vietnam,"Bo Trach, Quang Binh",26.0,monthly,394.0,B0484,Vietnam_R2,G0303,140.9,0.040584615384615386
667651,975.0,Services,Costa Rica,Santa Teresa de Cajón,38.0,irregular,150.0,B0485,Costa Rica_R1,G0061,160.02,0.04082105263157895
868100,450.0,Agriculture,Philippines,"Pan-ay, Capiz",11.0,irregular,145.0,B0486,Philippines_R0,G0080,127.21,0.041309090909090906
721801,725.0,Agriculture,Cambodia,"Battambang province, Thmor Koul district",19.0,monthly,204.0,B0487,Cambodia_R2,G0245,246.02,0.04122105263157895
1311811,425.0,Food,Philippines,"Concepcion, Iloilo",10.0,irregular,125.0,B0488,Philippines_R2,G0283,47.23,0.04136
1014940,225.0,Food,Philippines,"Quezon, Palawan",8.0,irregular,145.0,B0489,Philippines_R0,G0260,46.57,0.040900000000000006
912918,500.0,Services,Philippines,"Minglanilla, Cebu",7.0,irregular,145.0,B0490,Philippines_R0,G0113,68.07,0.04228571428571429
750971,75.0,Agriculture,Nigeria,Kaduna,17.0,bullet,288.0,B0491,Nigeria_R2,G0221,21.59,0.040141176470588236
891787,450.0,Services,Pakistan,Lahore,11.0,irregular,247.0,B0492,Pakistan_R0,G0315,100.48,0.041309090909090906
828135,575.0,Agriculture,Philippines,"Ormoc City, Leyte",14.0,irregular,125.0,B0493,Philippines_R1,G0105,138.22,0.04131428571428572
838585,500.0,Retail,El Salvador,,15.0,monthly,81.0,B0494,El Salvador_R0,G0020,144.69,0.04106666666666667
797461,225.0,Retail,Liberia,,9.0,irregular,364.0,B0495,Liberia_R0,G0046,37.98,0.0408
895414,250.0,Retail,Philippines,"Baybay City, Leyte",8.0,irregular,145.0,B0496,Philippines_R1,G0264,81.13,0.041
975561,200.0,Agriculture,Kenya,Machakos,8.0,monthly,388.0,B0497,Kenya_R3,G0094,41.98,0.0408
1194101,925.0,Agriculture,Philippines,"Benito Soiven, Isabela",8.0,irregular,123.0,B0498,Philippines_R2,G0235,90.08,0.0437
1057662,775.0,Arts,Samoa,Sinamoga,14.0,irregular,15.0,B0499,Samoa_R2,G0219,200.55,0.04177142857142857
813291,75.0,Agriculture,Nigeria,Kaduna,14.0,bullet,288.0,B0500,Nigeria_R2,G0127,21.6,0.04017142857142857
922918,225.0,Clothing,Philippines,"Bayawan, Negros Oriental",11.0,irregular,145.0,B0501,Philippines_R0,G0207,32.63,0.04065454545454546
1144765,675.0,Agriculture,Colombia,Tolu Viejo,20.0,bullet,177.0,B0502,Colombia_R1,G0309,207.33,0.041080000000000005
993268,475.0,Retail,Colombia,Sahagun,17.0,bullet,177.0,B0503,Colombia_R0,G0170,152.88,0.040894117647058824
1267637,625.0,Agriculture,Peru,Zaña - Chiclayo,20.0,monthly,143.0,B0504,Peru_R3,G0214,83.17,0.041
1289416,400.0,Agriculture,El Salvador,San Miguel,14.0,bullet,199.0,B0505,El Salvador_R0,G0108,138.02,0.040914285714285716
1183363,7200.0,Retail,Mexico,"San Agustin Mextepec,San Felipe del Progreso",7.0,irregular,130.0,B0506,Mexico_R0,G0096,663.94,0.07291428571428572
930945,350.0,Arts,Philippines,Sogod Cebu,11.0,irregular,145.0,B0507,Philippines_R3,G0007,38.71,0.041018181818181815
761969,175.0,Food,India,Maynaguri,43.0,bullet,334.0,B0508,India_R2,G0322,18.42,0.040130232558139536
1095364,650.0,Personal Use,Cambodia,"Sekchhrom village, Svaytayean Commune,Kamponror Di",26.0,monthly,407.0,B0509,Cambodia_R1,G0275,206.83,0.0408
690764,200.0,Construction,El Salvador,Sensuntepeque,5.0,irregular,199.0,B0510,El Salvador_R1,G0329,49.26,0.04128
1323283,250.0,Services,Philippines,Antipolo City,8.0,irregular,389.0,B0511,Philippines_R1,G0256,23.91,0.041
1065327,800.0,Clothing,Kenya,Thika,14.0,monthly,138.0,B0512,Kenya_R1,G0246,145.68,0.04182857142857143
1208863,150.0,Agriculture,Kenya,Kitale,14.0,monthly,156.0,B0513,Kenya_R3,G0110,35.19,0.04034285714285714
693869,600.0,Education,Kenya,Likoni,14.0,irregular,164.0,B0514,Kenya_R0,G0054,45.02,0.04137142857142857
1240971,300.0,Agriculture,Kenya,Msambweni,14.0,irregular,164.0,B0515,Kenya_R3,G0238,94.42,0.04068571428571428
876792,1250.0,Food,Guatemala,"Santiago, Sacatepequez",8.0,monthly,97.0,B0516,Guatemala_R2,G0144,363.85,0.045
1092371,4975.0,Clothing,Bolivia,Potosi,63.0,monthly,140.0,B0517,Bolivia_R1,G0265,1002.77,0.04252698412698413
1283989,4575.0,Clothing,Paraguay,Asunción,5.0,irregular,58.0,B0518,Paraguay_R3,G0088,1556.13,0.06928000000000001
1031339,275.0,Personal Use,Cambodia,Kompong Thom,8.0,monthly,311.0,B0519,Cambodia_R1,G0065,48.22,0.0411
1199503,500.0,Retail,El Salvador,,14.0,monthly,167.0,B0520,El Salvador_R0,G0313,172.62,0.04114285714285715
828898,350.0,Manufacturing,Philippines,"Ormoc City, Leyte",14.0,irregular,125.0,B0521,Philippines_R1,G0239,87.63,0.0408
885562,625.0,Agriculture,Mali,N'Tentoukoro ,4.0,bullet,302.0,B0522,Mali_R1,G0110,150.25,0.045
1099656,725.0,Clothing,Nicaragua,Managua,14.0,irregular,120.0,B0523,Nicaragua_R2,G0186,72.35,0.04165714285714286
1212028,550.0,Food,Guatemala,"Villa Lobos II, Villa Nueva",6.0,irregular,97.0,B0524,Guatemala_R3,G0301,173.02,0.04293333333333334
1107901,750.0,Services,Jordan,Baqaa,15.0,monthly,185.0,B0525,Jordan_R3,G0181,133.69,0.0416
708295,350.0,Housing,Philippines,"Oroquieta-Burgos, Aloran",42.0,monthly,126.0,B0526,Philippines_R1,G0034,34.53,0.040266666666666666
724157,500.0,Agriculture,El Salvador,,14.0,monthly,167.0,B0527,El Salvador_R0,G0057,26.89,0.04114285714285715
699302,25.0,Housing,Mongolia,Ulaanbaatar,24.0,monthly,42.0,B0528,Mongolia_R1,G0129,5.45,0.04003333333333334
908958,1125.0,Agriculture,Mali,Nonsombougou,8.0,bullet,438.0,B0529,Mali_R0,G0022,234.25,0.0445
1122744,775.0,Agriculture,Tajikistan,Shahrituz,14.0,monthly,100.0,B0530,Tajikistan_R0,G0024,206.0,0.04177142857142857
1157307,425.0,Agriculture,Philippines,Roxas Palawan,8.0,irregular,145.0,B0531,Philippines_R1,G0166,134.76,0.0417
1197065,450.0,Food,Pakistan,Haripur,14.0,monthly,245.0,B0532,Pakistan_R3,G0083,33.22,0.04102857142857143
675800,1025.0,Agriculture,Belize,San Jose,26.0,monthly,273.0,B0533,Belize_R0,G0186,276.19,0.04126153846153846
1005496,1550.0,Agriculture,Vietnam,Dien Bien,12.0,monthly,342.0,B0534,Vietnam_R2,G0067,164.65,0.04413333333333333
792710,350.0,Retail,El Salvador,,14.0,irregular,81.0,B0535,El Salvador_R0,G0068,107.61,0.0408
998151,425.0,Food,Philippines,"Plaridel-Polo Pitogo, Bato, Plaridel, Mis. Occ.",8.0,monthly,126.0,B0536,Philippines_R0,G0177,125.68,0.0417
969664,450.0,Agriculture,Philippines,"Nabbotuan Solana, Cagayan.",7.0,bullet,123.0,B0537,Philippines_R2,G0258,95.51,0.04205714285714286
747082,675.0,Food,Honduras,Puerto Cortes,20.0,monthly,201.0,B0538,Honduras_R0,G0041,177.57,0.041080000000000005
824841,575.0,Agriculture,Costa Rica,"San Rafael, Platanares",38.0,irregular,150.0,B0539,Costa Rica_R2,G0207,82.98,0.04048421052631579
862056,700.0,Housing,Vietnam,Thanh Hoá,20.0,monthly,121.0,B0540,Vietnam_R2,G0302,133.95,0.041120000000000004
828765,1300.0,Education,Tajikistan,Vahdat,62.0,monthly,100.0,B0541,Tajikistan_R0,G0192,385.44,0.04067096774193549
1264916,500.0,Agriculture,Kenya,Kericho,14.0,monthly,156.0,B0542,Kenya_R2,G0172,93.89,0.04114285714285715
1121055,925.0,Education,Peru,Huaycan,15.0,monthly,93.0,B0543,Peru_R0,G0059,145.54,0.041973333333333335
956529,1775.0,Retail,Ghana,"Teshie, Accra",8.0,irregular,231.0,B0544,Ghana_R0,G0018,351.92,0.0471
1147405,1950.0,Agriculture,Vietnam,Mai Sơn - Sơn La,14.0,irregular,363.0,B0545,Vietnam_R0,G0190,582.03,0.04445714285714286
788478,1500.0,Education,Lebanon,Chtoura,18.0,monthly,77.0,B0546,Lebanon_R3,G0267,225.84,0.04266666666666667
1187893,975.0,Food,Kenya,Naivasha,14.0,monthly,138.0,B0547,Kenya_R0,G0172,99.58,0.04222857142857143
1096743,100.0,Agriculture,Nigeria,Kaduna,19.0,bullet,288.0,B0548,Nigeria_R2,G0084,26.36,0.040168421052631575
848306,4500.0,Arts,United States,San Diego,27.0,monthly,249.0,B0549,United States_R2,G0165,1340.07,0.04533333333333334
932862,450.0,Agriculture,Philippines,"Bindoy, Negros Oriental",13.0,irregular,145.0,B0550,Philippines_R1,G0282,36.09,0.0411076923076923
1035467,500.0,Clothing,Pakistan,Rawalpindi,14.0,monthly,247.0,B0551,Pakistan_R1,G0106,60.98,0.04114285714285715
998734,725.0,Agriculture,Vietnam,Dien Bien,12.0,monthly,342.0,B0552,Vietnam_R2,G0040,67.13,0.041933333333333336
935873,5025.0,Food,Rwanda,,6.0,irregular,161.0,B0553,Rwanda_R0,G0148,775.77,0.0668
1229408,500.0,Transportation,Ecuador,Tulcán,12.0,monthly,188.0,B0554,Ecuador_R3,G0026,92.55,0.04133333333333333
889471,1350.0,Agriculture,Georgia,Sadakhlo,27.0,monthly,181.0,B0555,Georgia_R0,G0055,370.77,0.0416
1189758,50.0,Housing,Indonesia,Tangerang,14.0,irregular,406.0,B0556,Indonesia_R0,G0300,12.27,0.04011428571428571
1047337,1200.0,Agriculture,Armenia,"Berdavan village, Tavush region",31.0,monthly,169.0,B0557,Armenia_R1,G0101,283.53,0.041238709677419355
953577,1825.0,Agriculture,Peru,Maranura - La Convencion -Cusco,8.0,monthly,119.0,B0558,Peru_R0,G0166,284.18,0.0473
1220977,100.0,Agriculture,Kenya,Nakuru,14.0,monthly,156.0,B0559,Kenya_R3,G0246,30.24,0.04022857142857143
982628,1075.0,Agriculture,Philippines,"Jimenez-Sinara Bajo, Jimenez Misamis Occidental",26.0,monthly,126.0,B0560,Philippines_R2,G0123,205.74,0.04132307692307692
1248416,300.0,Transportation,Pakistan,Haripur,14.0,monthly,245.0,B0561,Pakistan_R3,G0086,103.12,0.04068571428571428
1135004,575.0,Transportation,Pakistan,Haripur,14.0,monthly,245.0,B0562,Pakistan_R3,G0327,138.14,0.04131428571428572
870726,1950.0,Food,Uganda,Kyenjojo,9.0,irregular,163.0,B0563,Uganda_R2,G0304,171.36,0.046933333333333334
819948,175.0,Services,Peru,Santo Tomás - Cutervo - Cajamarca,8.0,monthly,143.0,B0564,Peru_R3,G0323,44.25,0.0407
791316,200.0,Food,Philippines,"Roxas City, Capiz",8.0,irregular,145.0,B0565,Philippines_R0,G0320,29.51,0.0408
698812,1700.0,Clothing,Peru,Arequipa,26.0,irregular,353.0,B0566,Peru_R0,G0132,435.03,0.04209230769230769
680225,3425.0,Retail,Burundi,Gitega,14.0,monthly,162.0,B0567,Burundi_R1,G0092,242.81,0.04782857142857143
1157124,2000.0,Education,Palestine,"Ramallah City, West Bank",28.0,monthly,80.0,B0568,Palestine_R0,G0224,204.93,0.04228571428571429
1058339,500.0,Agriculture,El Salvador,Usulután,14.0,bullet,199.0,B0569,El Salvador_R2,G0261,153.36,0.04114285714285715
1109136,1075.0,Retail,Philippines,"Isabela, Negros Occidental",13.0,irregular,145.0,B0570,Philippines_R2,G0043,127.02,0.04264615384615385
1042543,1450.0,Agriculture,Bolivia,Entre Rios,27.0,monthly,140.0,B0571,Bolivia_R0,G0157,436.61,0.041718518518518516
950545,325.0,Food,Philippines,"Mabinay, Negros Oriental",7.0,irregular,145.0,B0572,Philippines_R3,G0005,43.48,0.041485714285714285
1305071,250.0,Agriculture,Philippines,"Minglanilla, Cebu",8.0,irregular,145.0,B0573,Philippines_R0,G0169,60.72,0.041
1194257,275.0,Agriculture,Tajikistan,Qubadiyon,14.0,monthly,63.0,B0574,Tajikistan_R2,G0254,71.02,0.04062857142857143
1213742,800.0,Clothing,Ecuador,Tulcán,14.0,monthly,188.0,B0575,Ecuador_R3,G0100,163.04,0.04182857142857143
950368,450.0,Retail,Philippines,"Carles, Iloilo",12.0,irregular,125.0,B0576,Philippines_R3,G0075,63.72,0.0412
1297893,225.0,Personal Use,Philippines,"Taytay, Palawan",13.0,irregular,145.0,B0577,Philippines_R3,G0300,25.6,0.040553846153846156
1058498,900.0,Services,Ecuador,Portoviejo,8.0,irregular,137.0,B0578,Ecuador_R0,G0148,53.96,0.0436
1134927,2000.0,Food,Palestine,Bethlehm-West Bank,28.0,monthly,80.0,B0579,Palestine_R0,G0037,282.37,0.04228571428571429
1094243,325.0,Retail,Philippines,"Tanjay, Negros Oriental",8.0,irregular,145.0,B0580,Philippines_R2,G0244,79.93,0.0413
737848,675.0,Food,Nicaragua,Puerto Cabezas,4.0,irregular,328.0,B0581,Nicaragua_R3,G0051,223.76,0.045399999999999996
826276,2425.0,Clothing,Burundi,Bujumbura,7.0,irregular,162.0,B0582,Burundi_R1,G0056,755.05,0.05108571428571429
878574,225.0,Agriculture,Kenya,Thika,14.0,monthly,388.0,B0583,Kenya_R1,G0027,62.96,0.04051428571428571
1212577,400.0,Services,Pakistan,Rawalpindi,14.0,monthly,247.0,B0584,Pakistan_R1,G0002,114.61,0.040914285714285716
908873,225.0,Agriculture,Kenya,Limuru,14.0,monthly,388.0,B0585,Kenya_R2,G0007,56.14,0.04051428571428571
861515,400.0,Services,Pakistan,Kamoki,14.0,monthly,245.0,B0586,Pakistan_R1,G0277,51.23,0.040914285714285716
1210874,375.0,Agriculture,Kyrgyzstan,Aravan district,14.0,monthly,171.0,B0587,Kyrgyzstan_R1,G0221,120.81,0.040857142857142856
729372,500.0,Clothing,Zimbabwe,Shurugwi,8.0,irregular,305.0,B0588,Zimbabwe_R2,G0069,125.61,0.041999999999999996
719757,250.0,Housing,Philippines,"Daan Bantayan, Cebu",36.0,irregular,145.0,B0589,Philippines_R1,G0120,54.53,0.04022222222222222
999536,3275.0,Retail,Senegal,,8.0,monthly,105.0,B0590,Senegal_R0,G0073,272.8,0.05310000000000001
1215642,75.0,Personal Use,Kenya,Eldoret,15.0,monthly,156.0,B0591,Kenya_R2,G0050,13.81,0.04016
662012,1000.0,Agriculture,Cambodia,Takeo province,20.0,monthly,9.0,B0592,Cambodia_R3,G0312,188.11,0.0416
724653,1425.0,Retail,Ghana,"Teshie, Accra",8.0,irregular,231.0,B0593,Ghana_R0,G0071,440.85,0.045700000000000005
667468,575.0,Retail,Philippines,"Plaridel - Bato, Misamis Occidental",14.0,irregular,126.0,B0594,Philippines_R1,G0175,123.05,0.04131428571428572
908768,525.0,Retail,Togo,Akodessewa,14.0,monthly,111.0,B0595,Togo_R1,G0228,86.16,0.0412
660032,500.0,Agriculture,El Salvador,,14.0,monthly,167.0,B0596,El Salvador_R0,G0079,171.52,0.04114285714285715
810887,600.0,Housing,Tajikistan,Kanibadam,14.0,monthly,100.0,B0597,Tajikistan_R1,G0145,49.93,0.04137142857142857
789143,400.0,Agriculture,El Salvador,"San Rafael de Oriente, San Miguel",8.0,bullet,167.0,B0598,El Salvador_R2,G0102,70.71,0.0416
685350,475.0,Retail,Pakistan,Wazirabad,14.0,monthly,245.0,B0599,Pakistan_R1,G0060,29.74,0.04108571428571429
1200559,225.0,Personal Use,Philippines,"Pulupandan, Negros Occidental",13.0,irregular,145.0,B0600,Philippines_R2,G0324,61.19,0.040553846153846156
961722,1500.0,Services,Ecuador,Tulcán,14.0,monthly,188.0,B0601,Ecuador_R3,G0130,488.13,0.04342857142857143
1284558,175.0,Arts,India,Burdwan,15.0,monthly,428.0,B0602,India_R1,G0032,23.45,0.04037333333333333
1207768,300.0,Food,India,Raiganj,14.0,monthly,428.0,B0603,India_R2,G0187,92.25,0.04068571428571428
668155,250.0,Retail,Philippines,"Catbalogan, Samar",8.0,irregular,145.0,B0604,Philippines_R1,G0234,34.42,0.041
1123614,300.0,Services,Pakistan,Rawalpindi,14.0,monthly,247.0,B0605,Pakistan_R1,G0170,96.97,0.04068571428571428
783495,175.0,Agriculture,India,Dhupguri,43.0,bullet,334.0,B0606,India_R3,G0264,48.33,0.040130232558139536
1222530,925.0,Agriculture,Vietnam,"Le Thuy, Quang Binh",26.0,monthly,394.0,B0607,Vietnam_R0,G0056,269.61,0.04113846153846154
1200109,925.0,Personal Use,Nigeria,Kaduna,15.0,bullet,288.0,B0608,Nigeria_R2,G0286,51.25,0.041973333333333335
1205866,400.0,Retail,Kenya,Kisauni,13.0,irregular,164.0,B0609,Kenya_R0,G0104,135.54,0.04098461538461538
721603,425.0,Agriculture,Cambodia,"Siem Reap Province, Srey Snom district",13.0,monthly,204.0,B0610,Cambodia_R3,G0047,113.9,0.04104615384615384
1123837,300.0,Food,Peru,Rumichaca Baja - Urubamba,8.0,monthly,119.0,B0611,Peru_R0,G0018,42.43,0.0412
1093541,325.0,Retail,Philippines,"Roxas City, Capiz",8.0,irregular,145.0,B0612,Philippines_R0,G0307,97.12,0.0413
1218978,400.0,Personal Use,Cambodia,Svay Reang Province,26.0,monthly,9.0,B0613,Cambodia_R0,G0066,53.78,0.04049230769230769
1018845,125.0,Personal Use,Cambodia,Kampong Speu,8.0,monthly,311.0,B0614,Cambodia_R2,G0074,38.98,0.0405
756141,425.0,Transportation,Philippines,Misamis Occidental,8.0,monthly,136.0,B0615,Philippines_R3,G0152,35.6,0.0417
960341,325.0,Agriculture,Philippines,"SINDANGAN - LAGAG, SINDANGAN, ZAMBOANGA DEL NORTE",7.0,monthly,126.0,B0616,Philippines_R1,G0233,84.86,0.041485714285714285
1330710,150.0,Agriculture,Kenya,Kapsabet,8.0,monthly,133.0,B0617,Kenya_R0,G0025,31.83,0.0406
1194806,575.0,Agriculture,Samoa,Salamumu,14.0,irregular,15.0,B0618,Samoa_R2,G0043,45.4,0.04131428571428572
1012228,425.0,Retail,Philippines,"Concepcion, Iloilo",12.0,irregular,125.0,B0619,Philippines_R2,G0094,52.09,0.041133333333333334
1296285,600.0,Services,Tajikistan,Khujand,14.0,monthly,100.0,B0620,Tajikistan_R0,G0017,32.23,0.04137142857142857
766508,1850.0,Housing,Albania,Lezhe,38.0,monthly,239.0,B0621,Albania_R1,G0133,352.67,0.041557894736842106
1174693,400.0,Transportation,Pakistan,Lahore,11.0,irregular,247.0,B0622,Pakistan_R0,G0175,56.15,0.04116363636363636
1158279,1800.0,Clothing,Vietnam,"03, Yên Phong, Yên Định, Thanh Hóa",14.0,monthly,121.0,B0623,Vietnam_R1,G0280,413.11,0.04411428571428572
835524,525.0,Retail,Uganda,Kamwenge,11.0,monthly,163.0,B0624,Uganda_R1,G0182,73.06,0.04152727272727273
826391,300.0,Retail,El Salvador,,14.0,monthly,81.0,B0625,El Salvador_R0,G0261,41.99,0.04068571428571428
990639,300.0,Agriculture,Peru,Morropón - Piura,10.0,monthly,143.0,B0626,Peru_R3,G0141,81.89,0.040959999999999996
768100,1150.0,Retail,Philippines,"Intramuros, Manila City",8.0,irregular,144.0,B0627,Philippines_R1,G0297,74.11,0.0446
1067934,2275.0,Agriculture,Mali,Kimparana,10.0,bullet,438.0,B0628,Mali_R0,G0005,729.98,0.04728
753506,275.0,Agriculture,Philippines,"Villaluz, Delfin Albano,Isabela",8.0,irregular,123.0,B0629,Philippines_R2,G0124,84.06,0.0411
1114084,1275.0,Food,Samoa,Faala Palauli,14.0,irregular,15.0,B0630,Samoa_R2,G0048,319.19,0.04291428571428571
1114190,450.0,Education,Philippines,"Guihulngan, Negros Oriental",7.0,irregular,145.0,B0631,Philippines_R1,G0107,102.58,0.04205714285714286
1020584,225.0,Agriculture,Philippines,"Bogo, Cebu",7.0,irregular,145.0,B0632,Philippines_R3,G0297,71.48,0.04102857142857143
1319406,125.0,Retail,Philippines,"Bugasong, Antique",8.0,irregular,145.0,B0633,Philippines_R0,G0246,13.2,0.0405
1242635,1250.0,Agriculture,Peru,Santa Rosa-Huabal,9.0,bullet,484.0,B0634,Peru_R3,G0144,92.11,0.044444444444444446
683198,225.0,Retail,Philippines,"Bindoy, Negros Oriental",11.0,irregular,145.0,B0635,Philippines_R1,G0249,27.42,0.04065454545454546
989217,1275.0,Education,Jordan,Ajloun,21.0,monthly,185.0,B0636,Jordan_R1,G0151,367.68,0.04194285714285714
1195108,225.0,Retail,Philippines,"Quezon, Palawan",8.0,irregular,145.0,B0637,Philippines_R0,G0062,13.59,0.040900000000000006
951809,175.0,Food,Togo,Adidogomé,8.0,irregular,296.0,B0638,Togo_R3,G0182,39.35,0.0407
1135011,500.0,Agriculture,Kenya,Chuka,14.0,monthly,138.0,B0639,Kenya_R2,G0272,174.32,0.04114285714285715
908712,875.0,Retail,Togo,Akodessewa,14.0,monthly,111.0,B0640,Togo_R1,G0282,268.37,0.041999999999999996
946479,2425.0,Retail,Mexico,Ejido Joya De La Pita. Tierra Blanca Veracruz,7.0,irregular,130.0,B0641,Mexico_R3,G0291,500.6,0.05108571428571429
1181979,600.0,Housing,Nicaragua,Granada,26.0,monthly,176.0,B0642,Nicaragua_R0,G0307,41.46,0.04073846153846154
767856,1000.0,Food,Armenia,Gyumri,27.0,monthly,169.0,B0643,Armenia_R2,G0119,299.41,0.041185185185185186
901105,325.0,Agriculture,India,Falakata,43.0,bullet,334.0,B0644,India_R0,G0186,74.65,0.04024186046511628
1307271,425.0,Food,Philippines,"Hinobaan, Negros Occidental",8.0,irregular,145.0,B0645,Philippines_R1,G0300,35.9,0.0417
752334,450.0,Retail,Philippines,Roxas Palawan,8.0,irregular,145.0,B0646,Philippines_R1,G0325,35.17,0.041800000000000004
1165858,1200.0,Agriculture,Kenya,Maua,14.0,monthly,138.0,B0647,Kenya_R0,G0313,387.47,0.04274285714285714
1046988,1425.0,Retail,Ecuador,24 de Mayo,8.0,irregular,137.0,B0648,Ecuador_R2,G0296,357.33,0.045700000000000005
883949,1675.0,Services,Armenia,"Kapan, Syunik region",26.0,monthly,169.0,B0649,Armenia_R1,G0162,500.47,0.04206153846153846
1329597,750.0,Agriculture,Cambodia,Kampong Chhnang Province,20.0,monthly,9.0,B0650,Cambodia_R3,G0071,235.27,0.0412
1140455,475.0,Food,Philippines,"Palo, Leyte",14.0,irregular,145.0,B0651,Philippines_R0,G0015,105.23,0.04108571428571429
1211978,950.0,Retail,Guatemala,"Tecpan Guatemala,Chimaltenango",8.0,monthly,97.0,B0652,Guatemala_R3,G0216,194.97,0.043800000000000006
935462,650.0,Agriculture,Kenya,Kitale,14.0,monthly,156.0,B0653,Kenya_R3,G0256,116.43,0.041485714285714285
1305807,2625.0,Education,Dominican Republic,La Vega,106.0,irregular,298.0,B0654,Dominican Republic_R1,G0025,380.85,0.04079245283018868
1327267,2700.0,Retail,Paraguay,Santaní,8.0,irregular,58.0,B0655,Paraguay_R0,G0249,487.02,0.0508
683440,1075.0,Food,Peru,Pucará - Jaén - Cajamarca,14.0,monthly,143.0,B0656,Peru_R3,G0248,303.33,0.04245714285714286
1216022,575.0,Education,Tajikistan,Gissar,20.0,monthly,100.0,B0657,Tajikistan_R2,G0222,132.58,0.04092
681691,1050.0,Agriculture,Tajikistan,Gonchi,20.0,monthly,100.0,B0658,Tajikistan_R0,G0268,333.64,0.04168
1308648,1000.0,Personal Use,Lebanon,Sarafand,14.0,monthly,77.0,B0659,Lebanon_R1,G0284,183.01,0.04228571428571429
1055039,750.0,Food,Uganda,Kampala,6.0,irregular,222.0,B0660,Uganda_R2,G0132,174.1,0.044
1247667,500.0,Personal Use,Cambodia,Svay Reang Province,26.0,monthly,9.0,B0661,Cambodia_R0,G0174,119.7,0.040615384615384616
904894,750.0,Retail,Colombia,Soledad (Atlántico),14.0,monthly,154.0,B0662,Colombia_R0,G0230,170.63,0.04171428571428572
1281640,375.0,Agriculture,Tajikistan,Dj.Rasulov,14.0,monthly,100.0,B0663,Tajikistan_R1,G0295,97.8,0.040857142857142856
969524,575.0,Clothing,Pakistan,Rawalpindi,14.0,monthly,247.0,B0664,Pakistan_R1,G0150,69.71,0.04131428571428572
1046823,450.0,Food,Philippines,"Oroqueta-Dolipos Alto, Oroquieta City",26.0,monthly,126.0,B0665,Philippines_R3,G0180,91.67,0.040553846153846156
966022,950.0,Agriculture,Peru,Cañaris - Ferreñafe - Lambayeque,14.0,bullet,143.0,B0666,Peru_R1,G0188,77.2,0.04217142857142857
977239,1025.0,Food,El Salvador,,26.0,monthly,167.0,B0667,El Salvador_R0,G0209,169.49,0.04126153846153846
1276067,775.0,Arts,Samoa,Matautu,14.0,irregular,15.0,B0668,Samoa_R0,G0147,152.13,0.04177142857142857
1209094,1025.0,Food,Lebanon,Bekaa,15.0,monthly,404.0,B0669,Lebanon_R1,G0122,251.81,0.042186666666666664
701997,350.0,Agriculture,El Salvador,,14.0,monthly,167.0,B0670,El Salvador_R0,G0027,117.31,0.0408
709024,1075.0,Manufacturing,Vietnam,Thanh Hoá,14.0,monthly,121.0,B0671,Vietnam_R2,G0212,247.46,0.04245714285714286
787422,325.0,Housing,Mozambique,"Marracuene, Maputo",18.0,monthly,23.0,B0672,Mozambique_R2,G0164,88.75,0.04057777777777778
865056,775.0,Agriculture,Albania,Lezhe,26.0,monthly,239.0,B0673,Albania_R1,G0197,156.46,0.04095384615384615
677767,725.0,Retail,Bolivia,La Paz,15.0,monthly,48.0,B0674,Bolivia_R0,G0003,174.17,0.04154666666666666
707576,350.0,Food,Liberia,West Point,11.0,irregular,182.0,B0675,Liberia_R1,G0232,24.95,0.041018181818181815
1263757,600.0,Food,Philippines,"Jimenez, Misamis  Occidental",26.0,monthly,136.0,B0676,Philippines_R2,G0200,75.79,0.04073846153846154
685958,700.0,Retail,Sierra Leone,Waterloo,14.0,monthly,183.0,B0677,Sierra Leone_R1,G0119,110.99,0.0416
992715,2025.0,Agriculture,Vietnam,10 Thôn Thành Công - Xã Nguyên Bình,17.0,monthly,121.0,B0678,Vietnam_R3,G0010,388.29,0.043811764705882356
875459,825.0,Retail,Mali,N'Dinkoro,5.0,monthly,78.0,B0679,Mali_R3,G0029,52.55,0.04528
1324441,100.0,Personal Use,Cambodia,Kandal,8.0,monthly,311.0,B0680,Cambodia_R2,G0080,9.2,0.040400000000000005
1241859,300.0,Transportation,Pakistan,Rawalpindi,14.0,monthly,247.0,B0681,Pakistan_R1,G0300,39.91,0.04068571428571428
1007815,3950.0,Retail,Mexico,"Tierra Blanca, Ver",6.0,irregular,130.0,B0682,Mexico_R2,G0137,1348.77,0.06106666666666667
1046337,900.0,Food,Uganda,Hoima,10.0,monthly,163.0,B0683,Uganda_R3,G0308,134.46,0.04288
793379,1000.0,Clothing,Guatemala,Suchitepéquez,14.0,monthly,246.0,B0684,Guatemala_R2,G0257,194.61,0.04228571428571429
1269029,1075.0,Agriculture,Kenya,Webuye,9.0,bullet,202.0,B0685,Kenya_R0,G0261,116.99,0.04382222222222222
798189,600.0,Food,El Salvador,,14.0,monthly,81.0,B0686,El Salvador_R0,G0327,139.94,0.04137142857142857
662947,250.0,Food,Liberia,West Point,11.0,irregular,182.0,B0687,Liberia_R1,G0272,33.55,0.04072727272727272
910432,550.0,Agriculture,Honduras,"La Flecha, Santa Barbara",11.0,bullet,201.0,B0688,Honduras_R3,G0202,61.65,0.0416
1168339,1175.0,Agriculture,Peru,La Mushca-Huarango,13.0,bullet,484.0,B0689,Peru_R2,G0236,240.84,0.04289230769230769
823917,75.0,Agriculture,Kenya,Tala;Kangundo,14.0,monthly,133.0,B0690,Kenya_R1,G0236,3.87,0.04017142857142857
1123323,425.0,Food,Philippines,"Brookes Point, Palawan",8.0,irregular,145.0,B0691,Philippines_R1,G0175,22.23,0.0417
690070,100.0,Food,Philippines,"Guindulman, Bohol",8.0,irregular,125.0,B0692,Philippines_R3,G0068,11.57,0.040400000000000005
889269,450.0,Food,Philippines,"Brgy. Villa Coloma, Quezon,Nueva Vizcaya",7.0,irregular,123.0,B0693,Philippines_R1,G0033,27.46,0.04205714285714286
845256,1500.0,Agriculture,El Salvador,Ciudad Barrios,14.0,bullet,199.0,B0694,El Salvador_R3,G0084,123.61,0.04342857142857143
1057646,650.0,Agriculture,Philippines,"Mabinay, Negros Oriental",11.0,irregular,145.0,B0695,Philippines_R3,G0143,98.58,0.04189090909090909
1005577,275.0,Retail,Indonesia,Depok,14.0,bullet,219.0,B0696,Indonesia_R1,G0243,79.96,0.04062857142857143
1270010,1500.0,Education,Lebanon,Jadra,17.0,monthly,77.0,B0697,Lebanon_R1,G0208,332.42,0.042823529411764705
1039121,175.0,Food,Indonesia,,14.0,irregular,129.0,B0698,Indonesia_R0,G0291,35.67,0.040400000000000005
851365,2625.0,Clothing,Guatemala,"Santo Tomas Milpas Altas,Sacatepéquez",14.0,monthly,97.0,B0699,Guatemala_R0,G0328,362.37,0.046
707277,250.0,Food,Philippines,"Tangub City, Misamis Occidental",8.0,monthly,136.0,B0700,Philippines_R3,G0124,82.38,0.041
912708,125.0,Retail,Kenya,Murang'a,14.0,monthly,138.0,B0701,Kenya_R1,G0036,21.14,0.040285714285714286
954152,450.0,Retail,Pakistan,Lahore,12.0,irregular,247.0,B0702,Pakistan_R0,G0319,34.26,0.0412
1249960,300.0,Transportation,Philippines,"Puerto Princesa South, Palawan",8.0,irregular,145.0,B0703,Philippines_R0,G0245,70.54,0.0412
1298296,175.0,Retail,Philippines,"Catbalogan, Samar",8.0,irregular,145.0,B0704,Philippines_R1,G0117,14.73,0.0407
782819,400.0,Food,Mali,Siguila,8.0,monthly,78.0,B0705,Mali_R3,G0114,61.43,0.0416
762067,450.0,Housing,El Salvador,,14.0,monthly,81.0,B0706,El Salvador_R0,G0075,91.0,0.04102857142857143
745395,700.0,Agriculture,Kenya,Muranga,14.0,irregular,386.0,B0707,Kenya_R2,G0090,218.59,0.0416
882270,975.0,Retail,Peru,Cusco,6.0,irregular,119.0,B0708,Peru_R2,G0205,193.11,0.045200000000000004
953953,225.0,Food,Philippines,"Trinidad, Bohol",12.0,irregular,125.0,B0709,Philippines_R0,G0296,58.65,0.0406
1139986,1050.0,Agriculture,Colombia,La Ceja,21.0,bullet,177.0,B0710,Colombia_R3,G0099,365.24,0.0416
1040439,2450.0,Food,Haiti,Port-au-Prince,13.0,irregular,380.0,B0711,Haiti_R3,G0139,219.14,0.046030769230769236
1299080,625.0,Transportation,Philippines,"Lintugop, Aurora Zamboanga Del Sur",26.0,monthly,136.0,B0712,Philippines_R3,G0032,82.76,0.040769230769230766
808391,125.0,Food,Philippines,"San Carlos, Negros Occidental",8.0,irregular,145.0,B0713,Philippines_R2,G0217,21.05,0.0405
874260,375.0,Food,Philippines,"Dumaguete, Negros Oriental",14.0,irregular,145.0,B0714,Philippines_R2,G0169,66.21,0.040857142857142856
1043110,275.0,Agriculture,Philippines,"Pagadian Lantian, Labangan, Zamboanga del Sur",7.0,irregular,126.0,B0715,Philippines_R1,G0081,47.66,0.04125714285714285
882609,225.0,Agriculture,Nigeria,Kaduna,14.0,bullet,288.0,B0716,Nigeria_R2,G0198,72.51,0.04051428571428571
1095944,175.0,Agriculture,Philippines,Sogod Leyte,11.0,irregular,145.0,B0717,Philippines_R3,G0226,46.24,0.04050909090909091
947398,650.0,Retail,Philippines,"Bien Unido, Bohol",12.0,irregular,125.0,B0718,Philippines_R0,G0182,151.04,0.04173333333333333
746907,2875.0,Food,Mali,Beleda,7.0,monthly,78.0,B0719,Mali_R2,G0316,410.58,0.053142857142857144
785712,475.0,Personal Use,Lao People's Democratic Republic,"Thakhek district, Khammoune Province",10.0,bullet,393.0,B0720,Lao People's Democratic Republic_R2,G0034,141.14,0.04152
922921,1800.0,Agriculture,Vietnam,Thanh Hoá,14.0,monthly,121.0,B0721,Vietnam_R2,G0088,605.73,0.04411428571428572
689913,3000.0,Agriculture,Armenia,Sisian,26.0,monthly,169.0,B0722,Armenia_R3,G0122,889.08,0.0436923076923077
656836,250.0,Housing,El Salvador,,14.0,monthly,81.0,B0723,El Salvador_R0,G0167,12.62,0.04057142857142857
1296743,1775.0,Agriculture,Costa Rica,"El Valle, Limoncito, Coto Brus",62.0,irregular,150.0,B0724,Costa Rica_R1,G0155,427.63,0.04091612903225807
892268,650.0,Services,Peru,Cusco,6.0,irregular,119.0,B0725,Peru_R2,G0308,42.47,0.04346666666666667
933525,800.0,Food,El Salvador,Gotera,20.0,monthly,199.0,B0726,El Salvador_R0,G0255,101.83,0.04128
1031474,425.0,Food,Philippines,"Cordova, Cebu",13.0,irregular,145.0,B0727,Philippines_R1,G0092,28.84,0.04104615384615384
1253665,400.0,Manufacturing,Pakistan,Gujranwala,14.0,monthly,455.0,B0728,Pakistan_R3,G0232,92.46,0.040914285714285716
1237569,675.0,Food,Philippines,"Nangalisan, Solana, Cagayan",8.0,irregular,123.0,B0729,Philippines_R2,G0319,172.78,0.0427
788735,225.0,Agriculture,Kenya,Litein,16.0,monthly,156.0,B0730,Kenya_R3,G0067,18.98,0.04045
1133468,275.0,Retail,Philippines,"Dasmarinas, Cavite",7.0,irregular,144.0,B0731,Philippines_R0,G0207,45.42,0.04125714285714285
958962,300.0,Agriculture,Philippines,"Calatrava, Negros Occidental",7.0,irregular,145.0,B0732,Philippines_R3,G0222,56.06,0.04137142857142857
1234311,225.0,Food,Philippines,"Taytay, Palawan",8.0,irregular,145.0,B0733,Philippines_R3,G0088,36.16,0.040900000000000006
1006740,650.0,Retail,Philippines,"Minglanilla, Cebu",8.0,irregular,145.0,B0734,Philippines_R0,G0226,56.1,0.0426
1043525,450.0,Food,Honduras,"La Lopez, Cortes",14.0,monthly,201.0,B0735,Honduras_R3,G0209,79.06,0.04102857142857143
747357,350.0,Retail,Philippines,"Silang, Cavite",6.0,irregular,144.0,B0736,Philippines_R0,G0070,96.37,0.04186666666666666
1106149,1975.0,Food,Uganda,Hoima,8.0,monthly,163.0,B0737,Uganda_R3,G0193,140.82,0.0479
902067,500.0,Food,El Salvador,,14.0,monthly,81.0,B0738,El Salvador_R0,G0231,37.03,0.04114285714285715
934443,100.0,Personal Use,Cambodia,Battambang,8.0,monthly,311.0,B0739,Cambodia_R1,G0207,15.64,0.040400000000000005
846546,700.0,Food,Uganda,Masindi,10.0,monthly,163.0,B0740,Uganda_R1,G0247,232.76,0.04224
734743,1925.0,Retail,Azerbaijan,Sabirabad,19.0,monthly,56.0,B0741,Azerbaijan_R0,G0078,482.35,0.043242105263157894
890031,275.0,Food,Kenya,Kisii,13.0,monthly,133.0,B0742,Kenya_R1,G0304,69.74,0.04067692307692308
1259132,275.0,Education,Uganda,Kampala,10.0,irregular,329.0,B0743,Uganda_R2,G0041,43.61,0.04088
1296173,500.0,Food,Kenya,Bungoma,20.0,monthly,156.0,B0744,Kenya_R2,G0022,114.05,0.0408
1217790,900.0,Education,Vietnam,Thanh Hoá,17.0,monthly,121.0,B0745,Vietnam_R2,G0112,47.74,0.041694117647058826
830799,550.0,Services,Ecuador,Atuntaqui,8.0,irregular,190.0,B0746,Ecuador_R2,G0002,132.46,0.0422
924906,1000.0,Manufacturing,Pakistan,Lahore,14.0,monthly,247.0,B0747,Pakistan_R0,G0330,323.99,0.04228571428571429
655713,450.0,Transportation,Pakistan,Sadiqabad,14.0,monthly,245.0,B0748,Pakistan_R2,G0302,105.2,0.04102857142857143
885223,275.0,Agriculture,Philippines,"Kalibo, Aklan",8.0,irregular,145.0,B0749,Philippines_R0,G0271,85.83,0.0411
906915,2450.0,Food,Paraguay,Mariano R. Alonso,6.0,irregular,58.0,B0750,Paraguay_R1,G0222,654.62,0.053066666666666665
999170,4775.0,Clothing,Bolivia,La Paz  / El Alto,9.0,monthly,59.0,B0751,Bolivia_R0,G0286,411.45,0.05697777777777778
814135,125.0,Food,Colombia,Sincelejo,12.0,bullet,177.0,B0752,Colombia_R3,G0083,40.09,0.04033333333333333
1281748,400.0,Transportation,Pakistan,Mansehra,14.0,monthly,245.0,B0753,Pakistan_R0,G0234,27.97,0.040914285714285716
1245689,525.0,Retail,Philippines,"Taytay, Palawan",8.0,irregular,145.0,B0754,Philippines_R3,G0141,110.35,0.0421
734529,1025.0,Clothing,Tajikistan,Isfara,14.0,monthly,215.0,B0755,Tajikistan_R2,G0012,94.96,0.04234285714285714
703338,2400.0,Clothing,Tanzania,Dar es Salaam,11.0,irregular,87.0,B0756,Tanzania_R3,G0094,128.43,0.04698181818181818
900288,175.0,Clothing,Uganda,Kampala,7.0,irregular,112.0,B0757,Uganda_R2,G0056,30.91,0.0408
890193,675.0,Housing,Uganda,Kasese,12.0,monthly,163.0,B0758,Uganda_R1,G0258,93.5,0.041800000000000004
970035,1000.0,Agriculture,Cambodia,Takeo province,20.0,monthly,9.0,B0759,Cambodia_R3,G0019,195.8,0.0416
792380,125.0,Agriculture,Tajikistan,Gonchi,14.0,monthly,100.0,B0760,Tajikistan_R0,G0232,27.89,0.040285714285714286
713652,625.0,Food,Pakistan,Sahiwal,14.0,monthly,245.0,B0761,Pakistan_R1,G0239,39.45,0.041428571428571426
687835,225.0,Food,Philippines,"Roxas City, Capiz",8.0,irregular,145.0,B0762,Philippines_R0,G0195,19.55,0.040900000000000006
864820,150.0,Agriculture,Philippines,"Ronda, Cebu",7.0,irregular,125.0,B0763,Philippines_R2,G0315,32.64,0.04068571428571428
1050137,175.0,Retail,Indonesia,,14.0,irregular,129.0,B0764,Indonesia_R0,G0065,26.77,0.040400000000000005
752581,1025.0,Agriculture,Tajikistan,Kumsangir,14.0,monthly,100.0,B0765,Tajikistan_R1,G0083,275.47,0.04234285714285714
676837,575.0,Agriculture,Philippines,"Pinopoc,  Alcala, Cagayan",7.0,bullet,123.0,B0766,Philippines_R0,G0306,141.27,0.04262857142857143
1225664,125.0,Personal Use,Cambodia,Oddar Meanchey,8.0,monthly,311.0,B0767,Cambodia_R1,G0104,37.96,0.0405
929388,5000.0,Health,Bolivia,Chimba,63.0,monthly,140.0,B0768,Bolivia_R3,G0238,1288.74,0.042539682539682544
1196248,300.0,Transportation,Kenya,Machakos,14.0,monthly,133.0,B0769,Kenya_R3,G0332,53.69,0.04068571428571428
685516,700.0,Agriculture,El Salvador,La Unión,14.0,bullet,199.0,B0770,El Salvador_R2,G0200,176.32,0.0416
1168872,1075.0,Agriculture,Myanmar (Burma),Myingyan,10.0,bullet,416.0,B0771,Myanmar (Burma)_R0,G0018,142.56,0.04344
1247656,75.0,Personal Use,Kenya,Bomet,8.0,monthly,156.0,B0772,Kenya_R2,G0126,10.64,0.0403
863408,800.0,Clothing,Yemen,hodeidah,15.0,monthly,205.0,B0773,Yemen_R3,G0251,229.36,0.04170666666666667
1305592,300.0,Agriculture,Kenya,nyeri,14.0,irregular,386.0,B0774,Kenya_R2,G0116,55.18,0.04068571428571428
1295169,7175.0,Clothing,Bolivia,La Paz  / El Alto,10.0,monthly,59.0,B0775,Bolivia_R0,G0322,2077.26,0.06296
731405,1100.0,Agriculture,Ecuador,Cuenca,8.0,irregular,137.0,B0776,Ecuador_R3,G0324,326.4,0.0444
1197677,625.0,Agriculture,Pakistan,Rahim Yar Khan,14.0,monthly,245.0,B0777,Pakistan_R1,G0088,192.04,0.041428571428571426
856506,475.0,Retail,Philippines,"Ilog, Negros Occidental",7.0,irregular,145.0,B0778,Philippines_R3,G0156,154.37,0.04217142857142857
725525,275.0,Retail,Philippines,"La Carlota, Negros Occidental",7.0,irregular,145.0,B0779,Philippines_R1,G0310,49.31,0.04125714285714285
1248053,300.0,Transportation,Pakistan,Oghi,14.0,monthly,245.0,B0780,Pakistan_R0,G0051,43.7,0.04068571428571428
1001260,2500.0,Services,Bolivia,La Paz  / El Alto,10.0,monthly,59.0,B0781,Bolivia_R0,G0120,561.65,0.048
1072570,450.0,Retail,Philippines,"Batasan, Quezon City",6.0,irregular,144.0,B0782,Philippines_R3,G0030,72.61,0.0424
940609,1800.0,Education,Vietnam,Mai Sơn - Sơn La,14.0,irregular,363.0,B0783,Vietnam_R0,G0209,414.58,0.04411428571428572
1113130,225.0,Retail,Philippines,"Hinobaan, Negros Occidental",7.0,irregular,145.0,B0784,Philippines_R1,G0260,58.88,0.04102857142857143
1103528,925.0,Food,Peru,Cusco,8.0,monthly,119.0,B0785,Peru_R2,G0031,237.28,0.0437
767567,750.0,Agriculture,Kenya,Litein,18.0,monthly,156.0,B0786,Kenya_R3,G0167,121.77,0.04133333333333333
673337,450.0,Retail,Philippines,"Hinobaan, Negros Occidental",13.0,irregular,145.0,B0787,Philippines_R1,G0012,45.03,0.0411076923076923
1015117,575.0,Education,Pakistan,Faisalabad,14.0,monthly,245.0,B0788,Pakistan_R1,G0061,103.02,0.04131428571428572
848036,475.0,Food,Philippines,"Carles, Iloilo",15.0,irregular,125.0,B0789,Philippines_R3,G0244,44.07,0.04101333333333333
1051217,425.0,Food,Philippines,"Kabankalan, Negros Occidental",8.0,irregular,145.0,B0790,Philippines_R3,G0247,134.74,0.0417
1030524,500.0,Food,Kenya,Kisauni,13.0,irregular,164.0,B0791,Kenya_R0,G0315,76.88,0.04123076923076923
1251166,575.0,Agriculture,Kenya,Webuye,9.0,bullet,202.0,B0792,Kenya_R0,G0005,55.39,0.04204444444444444
846855,3875.0,Clothing,United States,"Pine Bluff, Arkansas",26.0,monthly,173.0,B0793,United States_R2,G0185,223.33,0.04476923076923077
1057035,1675.0,Agriculture,Tajikistan,Qurgan-Tube,6.0,irregular,63.0,B0794,Tajikistan_R1,G0306,408.28,0.048933333333333336
746906,350.0,Services,Philippines,"Baybay, Leyte",13.0,irregular,125.0,B0795,Philippines_R2,G0299,84.37,0.04086153846153846
668021,5050.0,Agriculture,Kenya,Kakamega North,11.0,bullet,202.0,B0796,Kenya_R0,G0191,768.52,0.054690909090909096
957137,500.0,Food,Pakistan,Lahore,11.0,irregular,247.0,B0797,Pakistan_R0,G0269,35.76,0.04145454545454545
733856,275.0,Arts,Philippines,"Compostela, Cebu",8.0,irregular,145.0,B0798,Philippines_R2,G0135,47.54,0.0411
1202783,225.0,Services,India,CS Azad nagar,14.0,monthly,428.0,B0799,India_R0,G0151,32.26,0.04051428571428571
1035679,900.0,Agriculture,Kenya,Webuye,11.0,bullet,202.0,B0800,Kenya_R0,G0273,227.82,0.04261818181818182
1237033,150.0,Services,India,Alirajpur,14.0,monthly,428.0,B0801,India_R2,G0246,34.76,0.04034285714285714
1313931,225.0,Agriculture,Philippines,"Roxas City, Capiz",7.0,irregular,145.0,B0802,Philippines_R0,G0022,35.86,0.04102857142857143
1297304,425.0,Food,Uganda,Hoima,13.0,monthly,163.0,B0803,Uganda_R3,G0183,49.03,0.04104615384615384
757460,700.0,Food,Nicaragua,Masaya,7.0,irregular,120.0,B0804,Nicaragua_R3,G0308,242.49,0.0432
1067660,325.0,Retail,Philippines,"Cauayan, Negros Occidental",8.0,irregular,145.0,B0805,Philippines_R1,G0331,60.52,0.0413
1009790,700.0,Food,Lebanon,Metn,15.0,monthly,404.0,B0806,Lebanon_R3,G0103,179.54,0.04149333333333333
797195,275.0,Agriculture,Philippines,"Dulag, Leyte",15.0,irregular,125.0,B0807,Philippines_R0,G0031,25.35,0.04058666666666667
1245437,825.0,Agriculture,Myanmar (Burma),Pakokku,13.0,bullet,416.0,B0808,Myanmar (Burma)_R2,G0042,161.43,0.04203076923076923
962932,4075.0,Food,Peru,La Convencion / Santa Ana,8.0,monthly,119.0,B0809,Peru_R2,G0095,237.41,0.0563
844943,275.0,Food,Philippines,"Kalibo, Aklan",11.0,irregular,145.0,B0810,Philippines_R0,G0140,55.45,0.0408
1225087,350.0,Arts,Pakistan,Gujranwala,14.0,monthly,455.0,B0811,Pakistan_R3,G0177,118.72,0.0408
1122698,475.0,Retail,Philippines,"Ozamiz City,Misamis occidental",8.0,irregular,136.0,B0812,Philippines_R1,G0137,78.5,0.0419
747534,2275.0,Agriculture,Ghana,NYONG GUMAH,8.0,irregular,346.0,B0813,Ghana_R3,G0123,140.36,0.049100000000000005
1064149,675.0,Agriculture,Indonesia,,14.0,irregular,129.0,B0814,Indonesia_R0,G0212,40.02,0.041542857142857145
862773,1125.0,Agriculture,Mali,DIDIENI,6.0,bullet,438.0,B0815,Mali_R3,G0318,187.2,0.046
1222095,300.0,Arts,Pakistan,Gujranwala,14.0,monthly,455.0,B0816,Pakistan_R3,G0159,29.4,0.04068571428571428
661499,250.0,Services,Kenya,Naivasha,8.0,monthly,133.0,B0817,Kenya_R0,G0079,14.25,0.041
723988,1000.0,Agriculture,Mali,Missirikoro,10.0,bullet,78.0,B0818,Mali_R0,G0133,276.86,0.0432
1145960,125.0,Personal Use,Cambodia,Siem Reap,8.0,monthly,311.0,B0819,Cambodia_R2,G0068,23.44,0.0405
1323246,975.0,Education,Pakistan,Liaqat Pur,20.0,monthly,245.0,B0820,Pakistan_R1,G0149,133.35,0.04156
1053175,1975.0,Housing,Nicaragua,Matagalpa,32.0,monthly,176.0,B0821,Nicaragua_R2,G0274,632.05,0.041975
982732,550.0,Retail,Philippines,"Baybay, Leyte",12.0,irregular,125.0,B0822,Philippines_R2,G0250,46.66,0.041466666666666666
709803,300.0,Agriculture,Kenya,Nyandarua South,14.0,monthly,133.0,B0823,Kenya_R1,G0213,101.03,0.04068571428571428
1153663,100.0,Personal Use,Cambodia,Kampong Speu,8.0,monthly,311.0,B0824,Cambodia_R2,G0007,14.42,0.040400000000000005
1063759,250.0,Housing,Philippines,"Hinigaran, Negros Occidental",13.0,irregular,145.0,B0825,Philippines_R1,G0233,79.13,0.040615384615384616
1096506,500.0,Services,Pakistan,Rawalpindi,14.0,monthly,247.0,B0826,Pakistan_R1,G0202,115.44,0.04114285714285715
740463,325.0,Agriculture,Philippines,"Bais, Negros Oriental",10.0,irregular,145.0,B0827,Philippines_R0,G0257,96.85,0.04104
834014,225.0,Services,Kenya,Likoni,14.0,irregular,164.0,B0828,Kenya_R0,G0215,77.67,0.04051428571428571
850555,1025.0,Retail,Bolivia,El Alto,14.0,monthly,110.0,B0829,Bolivia_R3,G0041,139.93,0.04234285714285714
1226368,200.0,Agriculture,El Salvador,Osicala,14.0,bullet,199.0,B0830,El Salvador_R0,G0248,67.67,0.04045714285714286
938667,600.0,Agriculture,Philippines,"Dumaguete, Negros Oriental",14.0,irregular,145.0,B0831,Philippines_R2,G0326,100.11,0.04137142857142857
1164679,1275.0,Personal Use,Nicaragua,,26.0,irregular,279.0,B0832,Nicaragua_R0,G0058,211.21,0.041569230769230775
932669,525.0,Services,Guatemala,Villa Nueva,6.0,irregular,97.0,B0833,Guatemala_R1,G0255,79.86,0.042800000000000005
1015581,6075.0,Services,Guatemala,San Cristobal Totonicapan ,12.0,monthly,55.0,B0834,Guatemala_R0,G0027,1290.47,0.0562
859860,950.0,Housing,Yemen,Taiz,12.0,monthly,205.0,B0835,Yemen_R0,G0288,91.43,0.04253333333333334
1093053,500.0,Agriculture,Zimbabwe,Gokwe South,14.0,monthly,305.0,B0836,Zimbabwe_R3,G0100,108.06,0.04114285714285715
906693,275.0,Agriculture,Philippines,"Bindoy, Negros Oriental",13.0,irregular,145.0,B0837,Philippines_R1,G0253,58.44,0.04067692307692308
1259129,500.0,Agriculture,Kenya,Matete,9.0,bullet,202.0,B0838,Kenya_R2,G0136,139.29,0.041777777777777775
1206673,1000.0,Agriculture,Cambodia,Kampong Cham Province,20.0,monthly,9.0,B0839,Cambodia_R3,G0156,300.09,0.0416
1139827,1175.0,Services,Bolivia,La Paz,20.0,monthly,48.0,B0840,Bolivia_R0,G0325,214.01,0.04188
1288345,300.0,Services,Pakistan,Lahore,11.0,irregular,247.0,B0841,Pakistan_R0,G0144,42.21,0.04087272727272727
816715,200.0,Retail,Nicaragua,Waspam,9.0,monthly,328.0,B0842,Nicaragua_R0,G0173,25.56,0.040711111111111115
1163846,700.0,Retail,Togo,Agoe,10.0,irregular,296.0,B0843,Togo_R3,G0142,75.87,0.04224
722179,500.0,Agriculture,Philippines,"Santander, Cebu",8.0,irregular,145.0,B0844,Philippines_R1,G0164,33.65,0.041999999999999996
722271,275.0,Food,Peru,Ica,8.0,monthly,139.0,B0845,Peru_R0,G0089,42.0,0.0411
1235487,2175.0,Food,Paraguay,San Ignacio,6.0,irregular,58.0,B0846,Paraguay_R3,G0170,285.09,0.05160000000000001
750337,250.0,Agriculture,India,Dhupguri,43.0,bullet,334.0,B0847,India_R3,G0189,84.98,0.04018604651162791
1013385,550.0,Services,Kosovo,,22.0,monthly,240.0,B0848,Kosovo_R0,G0234,119.52,0.0408
973102,1150.0,Retail,Haiti,Delmas,8.0,monthly,442.0,B0849,Haiti_R0,G0087,177.31,0.0446
1281173,900.0,Education,Nicaragua,Chinandega,26.0,monthly,176.0,B0850,Nicaragua_R2,G0226,201.73,0.0411076923076923
954593,950.0,Retail,El Salvador,La Unión,20.0,monthly,199.0,B0851,El Salvador_R2,G0237,87.17,0.04152
1209490,975.0,Arts,Pakistan,Lahore,11.0,irregular,247.0,B0852,Pakistan_R0,G0202,178.63,0.04283636363636364
1242862,1300.0,Agriculture,Samoa,Levi Saleimoa,14.0,irregular,15.0,B0853,Samoa_R2,G0260,309.23,0.04297142857142858
1130801,1075.0,Education,Uganda,Kampala,22.0,irregular,329.0,B0854,Uganda_R2,G0290,211.42,0.041563636363636365
1302812,300.0,Agriculture,Philippines,"Siaton, Negros Oriental",11.0,irregular,145.0,B0855,Philippines_R2,G0033,51.16,0.04087272727272727
1057004,250.0,Agriculture,India,Falakata,43.0,bullet,334.0,B0856,India_R0,G0329,87.04,0.04018604651162791
667613,375.0,Food,Yemen,hodeidah,13.0,monthly,205.0,B0857,Yemen_R3,G0013,117.79,0.04092307692307692
1281131,225.0,Retail,Philippines,"Liloan, Cebu",8.0,irregular,145.0,B0858,Philippines_R2,G0193,53.33,0.040900000000000006
687607,400.0,Agriculture,Uganda,Fort Portal,12.0,monthly,163.0,B0859,Uganda_R0,G0139,88.33,0.04106666666666667
962905,1700.0,Agriculture,Peru,santa teresa - la convencion,8.0,monthly,119.0,B0860,Peru_R1,G0335,401.54,0.0468
1128479,325.0,Retail,Haiti,Mirebalais,7.0,monthly,442.0,B0861,Haiti_R3,G0141,35.88,0.041485714285714285
809479,500.0,Retail,El Salvador,,14.0,monthly,81.0,B0862,El Salvador_R0,G0024,84.27,0.04114285714285715
740691,225.0,Housing,Philippines,"Banga, Aklan",60.0,irregular,145.0,B0863,Philippines_R2,G0304,13.91,0.04012
815147,300.0,Clothing,Honduras,Choluteca,10.0,irregular,118.0,B0864,Honduras_R2,G0151,57.8,0.040959999999999996
1007040,425.0,Clothing,Armenia,Sevan,14.0,monthly,146.0,B0865,Armenia_R1,G0143,90.49,0.040971428571428575
1048823,1000.0,Personal Use,Palestine,"Dier Al-Balah, Gaza Strip",25.0,monthly,80.0,B0866,Palestine_R1,G0250,118.32,0.04128
857440,75.0,Food,Togo,Vakpossito,5.0,monthly,296.0,B0867,Togo_R2,G0164,25.44,0.04048
952241,1175.0,Agriculture,Armenia,Gegharkunik region,20.0,monthly,146.0,B0868,Armenia_R2,G0207,379.33,0.04188
685914,225.0,Retail,Philippines,"Sagay, Negros Occidental",8.0,irregular,145.0,B0869,Philippines_R2,G0145,59.99,0.040900000000000006
861954,225.0,Food,Kenya,Kisumu,14.0,monthly,133.0,B0870,Kenya_R2,G0306,47.25,0.04051428571428571
1134570,1725.0,Retail,Colombia,Soledad (Atlántico),21.0,monthly,154.0,B0871,Colombia_R0,G0333,536.46,0.04262857142857143
965468,2000.0,Clothing,Palestine,"Khanyounis, Gaza Strip",15.0,monthly,80.0,B0872,Palestine_R3,G0229,178.39,0.04426666666666666
1093844,775.0,Health,Tajikistan,Yavan,15.0,monthly,100.0,B0873,Tajikistan_R1,G0113,222.54,0.041653333333333334
1121820,475.0,Food,Haiti,Petit-Goâve,8.0,monthly,442.0,B0874,Haiti_R1,G0030,41.54,0.0419
1276332,525.0,Agriculture,Philippines,"Ibajay, Aklan",7.0,irregular,145.0,B0875,Philippines_R3,G0217,151.34,0.0424
1188070,1100.0,Food,Sierra Leone,Freetown East,8.0,monthly,148.0,B0876,Sierra Leone_R3,G0251,146.0,0.0444
1206504,225.0,Agriculture,Philippines,"Cabisera 5, Baribad, San Antonio, Ilagan, Isabela",6.0,bullet,123.0,B0877,Philippines_R1,G0274,70.45,0.0412
815667,3075.0,Agriculture,India,"Jeypore, Odisha",43.0,bullet,241.0,B0878,India_R1,G0316,1024.63,0.04228837209302326
986252,600.0,Services,El Salvador,Gotera,14.0,monthly,199.0,B0879,El Salvador_R0,G0017,56.78,0.04137142857142857
1311341,600.0,Personal Use,Myanmar (Burma),Magway,13.0,irregular,416.0,B0880,Myanmar (Burma)_R0,G0280,113.28,0.04147692307692308
721423,725.0,Housing,Peru,CHINCHA,14.0,monthly,139.0,B0881,Peru_R3,G0094,249.61,0.04165714285714286
1062287,1000.0,Agriculture,El Salvador,El Transito,14.0,bullet,199.0,B0882,El Salvador_R2,G0205,195.02,0.04228571428571429
1304754,900.0,Agriculture,El Salvador,Sensuntepeque,14.0,bullet,199.0,B0883,El Salvador_R1,G0287,278.16,0.04205714285714286
939463,525.0,Agriculture,Honduras,"Azacualpa, Santa Bárbara",9.0,bullet,201.0,B0884,Honduras_R2,G0225,118.98,0.04186666666666666
1037660,650.0,Retail,Egypt,Baniswef,14.0,monthly,440.0,B0885,Egypt_R2,G0212,105.69,0.041485714285714285
1011095,400.0,Food,Kenya,Mwea,14.0,monthly,138.0,B0886,Kenya_R3,G0021,54.29,0.040914285714285716
742561,2000.0,Services,Iraq,,14.0,monthly,321.0,B0887,Iraq_R0,G0065,221.93,0.04457142857142857
1299824,300.0,Food,Pakistan,Multan,14.0,monthly,247.0,B0888,Pakistan_R3,G0040,83.56,0.04068571428571428
784812,675.0,Agriculture,Uganda,Fort Portal,8.0,monthly,163.0,B0889,Uganda_R0,G0007,112.02,0.0427
925465,2400.0,Education,Cambodia,Tbong Khmum Province,74.0,monthly,9.0,B0890,Cambodia_R3,G0224,488.12,0.041037837837837834
1308314,475.0,Personal Use,Cambodia,"Pursat Province, Kandieng district",26.0,monthly,204.0,B0891,Cambodia_R2,G0305,93.91,0.040584615384615386
721087,125.0,Retail,Philippines,"Lalog 2,Luna, Isabela",8.0,irregular,123.0,B0892,Philippines_R3,G0139,27.9,0.0405
1245073,5375.0,Agriculture,Guatemala,Solola,14.0,bullet,246.0,B0893,Guatemala_R0,G0165,1664.49,0.05228571428571428
994837,75.0,Agriculture,Philippines,"Dimiao, Bohol",7.0,irregular,125.0,B0894,Philippines_R2,G0215,25.82,0.04034285714285714
1265939,4850.0,Agriculture,Mali,sourou,10.0,bullet,438.0,B0895,Mali_R0,G0237,835.54,0.05552
756445,325.0,Agriculture,Cambodia,"Battambang province, Moung Russey district",14.0,monthly,204.0,B0896,Cambodia_R0,G0279,96.93,0.04074285714285714
954186,150.0,Agriculture,Philippines,"Bien Unido, Bohol",13.0,irregular,125.0,B0897,Philippines_R0,G0323,41.9,0.04036923076923077
1287437,325.0,Transportation,Philippines,"Colupan Bajo, Sinacaban, Misamis Occidental",26.0,monthly,136.0,B0898,Philippines_R0,G0173,72.17,0.040400000000000005
836352,75.0,Personal Use,Cambodia,Prey Veng,8.0,monthly,311.0,B0899,Cambodia_R1,G0191,25.26,0.0403
1238828,500.0,Retail,Kenya,Kapsabet,14.0,monthly,133.0,B0900,Kenya_R0,G0090,55.07,0.04114285714285715
833652,1000.0,Agriculture,El Salvador,,12.0,bullet,81.0,B0901,El Salvador_R0,G0163,82.78,0.04266666666666667
1275778,375.0,Health,Mexico,Monterrey,8.0,monthly,357.0,B0902,Mexico_R0,G0257,114.82,0.0415
851090,875.0,Agriculture,Kenya,Kakamega North,11.0,bullet,202.0,B0903,Kenya_R0,G0090,159.03,0.042545454545454546
944332,300.0,Agriculture,Kenya,Makueni,13.0,irregular,164.0,B0904,Kenya_R0,G0103,91.23,0.04073846153846154
1233319,175.0,Agriculture,Philippines,"Maasin City, Leyte",11.0,irregular,145.0,B0905,Philippines_R3,G0000,55.64,0.04050909090909091
917720,200.0,Agriculture,Kenya,Kapsowar,15.0,monthly,156.0,B0906,Kenya_R2,G0041,13.75,0.040426666666666666
1314424,375.0,Agriculture,Nigeria,Kaduna,21.0,bullet,288.0,B0907,Nigeria_R2,G0005,118.14,0.04057142857142857
926706,575.0,Food,India,"Jeypore, Odisha",43.0,bullet,241.0,B0908,India_R1,G0205,106.09,0.040427906976744185
1203736,1200.0,Agriculture,Peru,Ricardo Palma-San Ignacio,12.0,bullet,484.0,B0909,Peru_R3,G0008,243.76,0.0432
675881,600.0,Retail,Timor-Leste,Dili,24.0,irregular,243.0,B0910,Timor-Leste_R1,G0160,142.79,0.0408
1106644,1125.0,Agriculture,Indonesia,,14.0,irregular,129.0,B0911,Indonesia_R0,G0241,368.9,0.04257142857142857
1042758,8000.0,Arts,India,Mumbai,9.0,bullet,412.0,B0912,India_R1,G0221,445.88,0.06844444444444445
817898,3375.0,Housing,Vietnam,Ninh Binh,26.0,irregular,331.0,B0913,Vietnam_R0,G0275,651.55,0.044153846153846155
767466,1000.0,Education,Mongolia,Govisumber,26.0,monthly,116.0,B0914,Mongolia_R1,G0112,256.32,0.04123076923076923
1272585,400.0,Food,Philippines,"Cauayan, Negros Occidental",7.0,irregular,145.0,B0915,Philippines_R1,G0111,106.72,0.04182857142857143
1304065,225.0,Food,Philippines,"Ibajay, Aklan",8.0,irregular,145.0,B0916,Philippines_R3,G0016,58.0,0.040900000000000006
665523,1025.0,Retail,El Salvador,,26.0,monthly,167.0,B0917,El Salvador_R0,G0157,92.59,0.04126153846153846
1037877,300.0,Food,Uganda,Kamwenge,11.0,monthly,163.0,B0918,Uganda_R1,G0195,41.95,0.04087272727272727
1193625,1625.0,Food,Ecuador,Portoviejo,7.0,irregular,137.0,B0919,Ecuador_R0,G0231,256.12,0.04742857142857143
1184417,650.0,Services,Tajikistan,Tursun-zoda,14.0,monthly,63.0,B0920,Tajikistan_R2,G0258,189.37,0.041485714285714285
1008109,675.0,Education,Tajikistan,Tursunzade,14.0,monthly,100.0,B0921,Tajikistan_R1,G0143,90.2,0.041542857142857145
934156,75.0,Retail,Togo,Tokoin,5.0,irregular,296.0,B0922,Togo_R1,G0134,8.49,0.04048
682348,225.0,Agriculture,Philippines,"Brgy. Besong, Kayapa, Nueva Vizcaya",6.0,bullet,123.0,B0923,Philippines_R3,G0152,75.88,0.0412
1121649,250.0,Agriculture,Kenya,Bungoma,14.0,monthly,156.0,B0924,Kenya_R2,G0205,13.16,0.04057142857142857
1263739,300.0,Agriculture,Kenya,Nyamira,14.0,monthly,156.0,B0925,Kenya_R2,G0100,104.8,0.04068571428571428
1038695,350.0,Agriculture,Mali,Denie,5.0,bullet,302.0,B0926,Mali_R1,G0082,88.57,0.04224
789592,575.0,Food,Philippines,"Brookes Point, Palawan",5.0,irregular,145.0,B0927,Philippines_R1,G0262,171.66,0.04368
682559,600.0,Services,Kenya,Mombasa,14.0,monthly,138.0,B0928,Kenya_R0,G0283,83.03,0.04137142857142857
1194481,100.0,Food,Kenya,"Jomvu, Mombasa",8.0,monthly,133.0,B0929,Kenya_R0,G0310,5.43,0.040400000000000005
1291546,250.0,Agriculture,Tajikistan,Pinjikent,13.0,monthly,215.0,B0930,Tajikistan_R1,G0037,67.84,0.040615384615384616
1142975,225.0,Agriculture,Philippines,"Bais, Negros Oriental",7.0,irregular,145.0,B0931,Philippines_R0,G0079,67.55,0.04102857142857143
994697,725.0,Construction,Mozambique,"Moamba, Maputo",20.0,monthly,23.0,B0932,Mozambique_R0,G0102,197.3,0.04116
1022408,1500.0,Services,Paraguay,Santaní,14.0,monthly,58.0,B0933,Paraguay_R0,G0213,139.28,0.04342857142857143
1284965,750.0,Food,Haiti,"Gros Morne, Gonaives",11.0,monthly,380.0,B0934,Haiti_R0,G0223,207.02,0.04218181818181818
1315127,225.0,Retail,Philippines,"Baybay City, Leyte",11.0,irregular,145.0,B0935,Philippines_R1,G0250,63.15,0.04065454545454546
1249856,375.0,Retail,Philippines,"Moises Padilla, Negros Occidental",10.0,irregular,145.0,B0936,Philippines_R3,G0084,92.84,0.0412
716180,1000.0,Retail,Nicaragua,Leon,14.0,monthly,176.0,B0937,Nicaragua_R1,G0052,279.83,0.04228571428571429
736600,1300.0,Agriculture,Mali,Zerlaba,7.0,bullet,78.0,B0938,Mali_R3,G0001,394.91,0.045942857142857146
1282417,300.0,Agriculture,Kenya,Kitale,14.0,monthly,156.0,B0939,Kenya_R3,G0078,70.22,0.04068571428571428
1058170,100.0,Agriculture,Mali,Kassela,5.0,bullet,302.0,B0940,Mali_R3,G0122,7.66,0.04064
862180,1050.0,Food,Lebanon,,14.0,monthly,115.0,B0941,Lebanon_R0,G0070,206.1,0.0424
726030,1025.0,Housing,Tajikistan,Qurgan-Tube,14.0,monthly,63.0,B0942,Tajikistan_R1,G0100,75.13,0.04234285714285714
1036236,400.0,Food,Kenya,Bomet,14.0,monthly,156.0,B0943,Kenya_R2,G0141,68.91,0.040914285714285716
1232023,500.0,Food,Nicaragua,Matagalpa,11.0,monthly,176.0,B0944,Nicaragua_R2,G0005,86.07,0.04145454545454545
817161,400.0,Agriculture,Tajikistan,Tursun-zoda,14.0,monthly,63.0,B0945,Tajikistan_R2,G0220,27.92,0.040914285714285716
1131752,875.0,Retail,Philippines,"Dumaguete, Negros Oriental",11.0,irregular,145.0,B0946,Philippines_R2,G0169,135.32,0.042545454545454546
1214095,400.0,Agriculture,Pakistan,Khanewal,14.0,monthly,245.0,B0947,Pakistan_R1,G0225,33.32,0.040914285714285716
667796,600.0,Housing,El Salvador,,17.0,monthly,81.0,B0948,El Salvador_R0,G0114,175.48,0.04112941176470589
785134,375.0,Agriculture,Mexico,Timilpan,8.0,bullet,226.0,B0949,Mexico_R3,G0025,125.36,0.0415
793066,575.0,Education,Jordan,Mafraq,18.0,monthly,185.0,B0950,Jordan_R1,G0128,41.22,0.041022222222222224
734814,975.0,Retail,Uganda,Mbale,14.0,monthly,65.0,B0951,Uganda_R1,G0292,328.12,0.04222857142857143
1221574,1875.0,Agriculture,Mali,sourou,10.0,bullet,438.0,B0952,Mali_R0,G0133,387.7,0.046
1334084,350.0,Agriculture,Uganda,Kamwenge,15.0,monthly,163.0,B0953,Uganda_R1,G0221,48.95,0.04074666666666667
1223581,250.0,Retail,Cambodia,Phnom Penh,14.0,monthly,499.0,B0954,Cambodia_R0,G0284,18.26,0.04057142857142857
1330557,275.0,Food,Uganda,Kangulumira,8.0,irregular,65.0,B0955,Uganda_R2,G0331,55.05,0.0411
1247239,3000.0,Agriculture,Armenia,"Vayk, Vayots Dzor region",38.0,monthly,169.0,B0956,Armenia_R2,G0274,865.06,0.04252631578947369
878729,400.0,Agriculture,Pakistan,Jahanian,14.0,monthly,245.0,B0957,Pakistan_R2,G0327,104.85,0.040914285714285716
667927,1475.0,Clothing,Mongolia,Ulaanbaatar,26.0,monthly,42.0,B0958,Mongolia_R1,G0207,95.98,0.041815384615384615
1158829,275.0,Education,Armenia,"Akunk village, Kotayk region",85.0,irregular,169.0,B0959,Armenia_R1,G0269,19.76,0.040103529411764705
1197072,400.0,Services,Pakistan,Abbottabad,14.0,monthly,245.0,B0960,Pakistan_R0,G0308,68.34,0.040914285714285716
1092434,1500.0,Retail,El Salvador,Anamoros,26.0,monthly,199.0,B0961,El Salvador_R1,G0260,207.88,0.04184615384615385
907042,925.0,Food,Uganda,Mbarara,14.0,monthly,222.0,B0962,Uganda_R0,G0098,110.74,0.042114285714285715
987321,125.0,Agriculture,Philippines,"Sagbayan,Bohol",8.0,irregular,125.0,B0963,Philippines_R0,G0142,16.79,0.0405
958049,525.0,Agriculture,South Africa,Finetown,15.0,monthly,445.0,B0964,South Africa_R3,G0005,152.8,0.041120000000000004
876638,275.0,Agriculture,Kenya,Kisii,12.0,monthly,133.0,B0965,Kenya_R1,G0067,90.41,0.04073333333333333
984978,325.0,Health,Philippines,"Toledo, Cebu",8.0,irregular,145.0,B0966,Philippines_R0,G0135,55.75,0.0413
951754,175.0,Agriculture,India,Falakata,43.0,bullet,334.0,B0967,India_R0,G0209,56.32,0.040130232558139536
1000987,125.0,Personal Use,Cambodia,Kandal,8.0,monthly,311.0,B0968,Cambodia_R2,G0068,18.31,0.0405
1206459,625.0,Agriculture,Philippines,"Isabela, Negros Occidental",13.0,irregular,145.0,B0969,Philippines_R2,G0233,120.58,0.04153846153846154
732712,600.0,Personal Use,El Salvador,Sensuntepeque,14.0,monthly,199.0,B0970,El Salvador_R1,G0210,70.69,0.04137142857142857
1043339,600.0,Agriculture,El Salvador,Jiquilisco,20.0,monthly,199.0,B0971,El Salvador_R1,G0256,145.29,0.040959999999999996
1173674,125.0,Personal Use,Cambodia,Prey Veng,8.0,monthly,311.0,B0972,Cambodia_R1,G0296,42.96,0.0405
1201365,250.0,Retail,Philippines,"Mahaplag, Leyte",12.0,irregular,125.0,B0973,Philippines_R3,G0019,57.76,0.04066666666666667
676889,750.0,Education,Jordan,Madaba,15.0,monthly,185.0,B0974,Jordan_R2,G0053,118.01,0.0416
1313875,150.0,Personal Use,Philippines,"Dumaguete, Negros Oriental",14.0,irregular,145.0,B0975,Philippines_R2,G0328,36.65,0.04034285714285714
789371,400.0,Agriculture,Philippines,"Victorias, Negros Occidental",14.0,irregular,145.0,B0976,Philippines_R2,G0157,34.75,0.040914285714285716
1004228,300.0,Agriculture,Philippines,"Sibulan, Negros Oriental",10.0,irregular,145.0,B0977,Philippines_R0,G0231,94.98,0.040959999999999996
852211,450.0,Food,Philippines,"Sibulan, Negros Oriental",14.0,irregular,145.0,B0978,Philippines_R0,G0059,90.42,0.04102857142857143
1059256,1025.0,Food,Colombia,Medellín,26.0,bullet,177.0,B0979,Colombia_R2,G0132,189.43,0.04126153846153846
992303,425.0,Food,Philippines,"Catigbian, Bohol",8.0,irregular,125.0,B0980,Philippines_R3,G0263,95.95,0.0417
1245887,1075.0,Housing,Kosovo,,26.0,monthly,240.0,B0981,Kosovo_R0,G0286,255.24,0.04132307692307692
1272323,150.0,Housing,Philippines,"Dumaguete, Negros Oriental",13.0,irregular,145.0,B0982,Philippines_R2,G0119,10.73,0.04036923076923077
1283717,225.0,Retail,Philippines,"Catbalogan, Samar",8.0,irregular,145.0,B0983,Philippines_R1,G0192,57.33,0.040900000000000006
862113,1000.0,Agriculture,Cambodia,"Kampong Cham province, Dambae district",26.0,monthly,204.0,B0984,Cambodia_R0,G0150,122.58,0.04123076923076923
866998,225.0,Retail,Philippines,"Bogo, Cebu",11.0,irregular,145.0,B0985,Philippines_R3,G0073,59.44,0.04065454545454546
977075,150.0,Clothing,Uganda,Masindi,9.0,irregular,163.0,B0986,Uganda_R1,G0075,44.51,0.04053333333333334
1286470,375.0,Food,Philippines,"Roxas City, Capiz",8.0,irregular,145.0,B0987,Philippines_R0,G0010,109.2,0.0415
1146306,125.0,Food,Philippines,"Palo, Leyte",8.0,irregular,145.0,B0988,Philippines_R0,G0144,26.97,0.0405
1309256,1500.0,Agriculture,Mali,SOUROUTOUNA,8.0,bullet,438.0,B0989,Mali_R1,G0195,309.08,0.046
669550,400.0,Food,Nicaragua,Chinandega,5.0,irregular,74.0,B0990,Nicaragua_R2,G0055,37.15,0.04256
963354,400.0,Retail,Kenya,Kibwezi,14.0,monthly,138.0,B0991,Kenya_R3,G0251,113.04,0.040914285714285716
975571,1975.0,Construction,Albania,Korce,26.0,monthly,239.0,B0992,Albania_R3,G0263,259.56,0.04243076923076923
974973,425.0,Agriculture,Philippines,"Dalaguete, Cebu",8.0,irregular,145.0,B0993,Philippines_R2,G0016,84.58,0.0417
1204733,1750.0,Education,Cambodia,"Kampong Thom Province, Prasat Balang district",53.0,monthly,204.0,B0994,Cambodia_R3,G0122,236.74,0.0410566037735849
653369,1550.0,Retail,Tanzania,Dar es Salaam,10.0,irregular,87.0,B0995,Tanzania_R3,G0319,139.73,0.04496
1274730,400.0,Food,Philippines,"Numancia, Aklan",7.0,irregular,145.0,B0996,Philippines_R1,G0243,95.55,0.04182857142857143
767824,1625.0,Agriculture,Tajikistan,Temurmalik,20.0,monthly,63.0,B0997,Tajikistan_R3,G0170,107.74,0.0426
982475,600.0,Agriculture,Ecuador,Ventanas,10.0,bullet,159.0,B0998,Ecuador_R0,G0091,164.76,0.04192
1006542,1500.0,Clothing,Bolivia,El Alto,11.0,monthly,110.0,B0999,Bolivia_R3,G0120,217.91,0.04436363636363637
1186769,300.0,Services,Pakistan,Lahore,11.0,irregular,247.0,B1000,Pakistan_R0,G0146,15.01,0.04087272727272727
1053539,675.0,Retail,Pakistan,Rawalpindi,14.0,monthly,247.0,B1001,Pakistan_R1,G0154,137.25,0.041542857142857145
1292828,425.0,Construction,Philippines,"Ilog, Negros Occidental",10.0,irregular,145.0,B1002,Philippines_R3,G0252,27.22,0.04136
680181,775.0,Housing,Azerbaijan,,14.0,monthly,207.0,B1003,Azerbaijan_R0,G0251,102.96,0.04177142857142857
784557,600.0,Retail,Timor-Leste,Suai,15.0,monthly,243.0,B1004,Timor-Leste_R1,G0042,157.26,0.04128
1258810,200.0,Agriculture,Philippines,"San Carlos, Negros Occidental",8.0,irregular,145.0,B1005,Philippines_R2,G0159,13.76,0.0408
1175200,725.0,Retail,Sierra Leone,Freetown East,8.0,monthly,148.0,B1006,Sierra Leone_R3,G0072,218.81,0.0429
902924,125.0,Retail,Philippines,"Palo, Leyte",8.0,irregular,145.0,B1007,Philippines_R0,G0167,6.39,0.0405
815146,1350.0,Health,Kenya,NDHIWA,74.0,irregular,324.0,B1008,Kenya_R2,G0242,167.46,0.040583783783783786
702146,700.0,Agriculture,Ecuador,San Gabriel,15.0,monthly,188.0,B1009,Ecuador_R1,G0169,190.59,0.04149333333333333
1210283,225.0,Agriculture,Philippines,"Bais, Negros Oriental",8.0,irregular,145.0,B1010,Philippines_R0,G0105,32.6,0.040900000000000006
1275210,300.0,Clothing,Philippines,"Ammugauan, Sto. Tomas, Isabela",7.0,irregular,123.0,B1011,Philippines_R1,G0242,24.17,0.04137142857142857
872320,300.0,Agriculture,Pakistan,Mansehra,13.0,monthly,245.0,B1012,Pakistan_R0,G0300,47.42,0.04073846153846154
1308045,1700.0,Agriculture,Costa Rica,Cartago,38.0,monthly,127.0,B1013,Costa Rica_R0,G0078,222.9,0.041431578947368417
854640,1400.0,Agriculture,Ecuador,Ventanas,14.0,monthly,159.0,B1014,Ecuador_R0,G0278,423.94,0.0432
787012,1125.0,Retail,Philippines,"Plaridel-Sibugon, Lopez Jaena , Misamis Occidental",19.0,monthly,126.0,B1015,Philippines_R0,G0238,162.0,0.04189473684210526
917111,950.0,Arts,Peru,Cusco,6.0,irregular,119.0,B1016,Peru_R2,G0317,272.35,0.04506666666666667
1217944,300.0,Retail,Philippines,"Manapla, Negros Occidental",8.0,irregular,145.0,B1017,Philippines_R2,G0311,95.27,0.0412
1206021,350.0,Food,Liberia,Paynesville South,6.0,irregular,182.0,B1018,Liberia_R0,G0111,63.05,0.04186666666666666
733829,375.0,Retail,Philippines,"Barili, Cebu",8.0,irregular,145.0,B1019,Philippines_R2,G0268,121.12,0.0415
806698,3275.0,Services,China,NanChong,13.0,monthly,432.0,B1020,China_R2,G0304,534.46,0.04806153846153846
1138222,1800.0,Retail,Sierra Leone,Freetown Central,8.0,monthly,148.0,B1021,Sierra Leone_R1,G0321,610.6,0.047200000000000006
733649,1150.0,Clothing,Uganda,kabale,14.0,monthly,65.0,B1022,Uganda_R1,G0069,88.3,0.04262857142857143
762158,575.0,Agriculture,Costa Rica,"Pilón, Changuena",14.0,bullet,150.0,B1023,Costa Rica_R3,G0149,147.26,0.04131428571428572
747146,1200.0,Food,Honduras,monjaras,27.0,monthly,269.0,B1024,Honduras_R3,G0214,237.77,0.04142222222222222
665980,350.0,Agriculture,Philippines,"Cauayan, Negros Occidental",14.0,irregular,145.0,B1025,Philippines_R1,G0321,58.2,0.0408
748056,325.0,Agriculture,Cambodia,"Battambang province, Moung Russey district",13.0,monthly,204.0,B1026,Cambodia_R0,G0179,77.94,0.0408
771003,575.0,Food,Kenya,Msambweni,13.0,irregular,164.0,B1027,Kenya_R3,G0040,150.17,0.04141538461538462
965491,250.0,Food,El Salvador,Usulután,14.0,monthly,199.0,B1028,El Salvador_R2,G0307,12.83,0.04057142857142857
1286892,200.0,Agriculture,Kenya,Kapcherop,14.0,monthly,156.0,B1029,Kenya_R1,G0111,20.02,0.04045714285714286
1335826,475.0,Services,Pakistan,Multan,15.0,monthly,247.0,B1030,Pakistan_R3,G0180,125.36,0.04101333333333333
653579,1000.0,Housing,Cambodia,Pursat,26.0,monthly,106.0,B1031,Cambodia_R1,G0208,249.92,0.04123076923076923
754906,1225.0,Food,Armenia,Ijevan,26.0,monthly,146.0,B1032,Armenia_R0,G0221,416.27,0.04150769230769231
657328,1125.0,Food,Philippines,"GMA, Cavite",7.0,irregular,144.0,B1033,Philippines_R1,G0045,313.1,0.045142857142857144
912356,550.0,Clothing,Ecuador,Montecristi,5.0,irregular,137.0,B1034,Ecuador_R3,G0087,184.38,0.04352
783599,500.0,Health,El Salvador,El Transito,14.0,monthly,199.0,B1035,El Salvador_R2,G0209,130.38,0.04114285714285715
1292214,250.0,Food,Philippines,"Pulupandan, Negros Occidental",13.0,irregular,145.0,B1036,Philippines_R2,G0020,34.85,0.040615384615384616
1048152,400.0,Agriculture,Philippines,"Hinigaran, Negros Occidental",10.0,irregular,145.0,B1037,Philippines_R1,G0095,32.64,0.04128
1112549,225.0,Clothing,Philippines,"Quezon, Palawan",8.0,irregular,145.0,B1038,Philippines_R0,G0305,64.02,0.040900000000000006
959687,650.0,Retail,Philippines,"Calatrava, Negros Occidental",8.0,irregular,145.0,B1039,Philippines_R3,G0238,158.11,0.0426
1234678,700.0,Retail,El Salvador,,20.0,monthly,167.0,B1040,El Salvador_R0,G0103,45.12,0.041120000000000004
1163342,225.0,Agriculture,Philippines,"Quezon, Palawan",10.0,irregular,145.0,B1041,Philippines_R0,G0018,35.55,0.04072
796274,950.0,Food,Honduras,Danli,18.0,monthly,118.0,B1042,Honduras_R0,G0228,320.19,0.041688888888888886
731354,450.0,Services,Samoa,Vaitele,14.0,irregular,15.0,B1043,Samoa_R0,G0176,90.05,0.04102857142857143
826637,275.0,Agriculture,Philippines,"Tanjay, Negros Oriental",8.0,irregular,145.0,B1044,Philippines_R2,G0334,49.45,0.0411
1028444,125.0,Agriculture,Mali,Feretou,5.0,bullet,302.0,B1045,Mali_R3,G0271,23.41,0.0408
903131,450.0,Food,Philippines,"Dalaguete, Cebu",8.0,irregular,145.0,B1046,Philippines_R2,G0200,50.7,0.041800000000000004
683173,425.0,Retail,Pakistan,Mian Chanoon,14.0,monthly,245.0,B1047,Pakistan_R3,G0128,68.26,0.040971428571428575
826785,225.0,Clothing,Kenya,Tiribe,13.0,irregular,164.0,B1048,Kenya_R2,G0225,36.21,0.040553846153846156
1023937,325.0,Agriculture,Philippines,"Kalibo, Aklan",8.0,irregular,145.0,B1049,Philippines_R0,G0183,21.35,0.0413
1176377,225.0,Food,Philippines,"Hinobaan, Negros Occidental",8.0,irregular,145.0,B1050,Philippines_R1,G0130,63.06,0.040900000000000006
1298232,1025.0,Health,Philippines,"Dasmarinas, Cavite",7.0,irregular,144.0,B1051,Philippines_R0,G0310,179.33,0.04468571428571429
738939,950.0,Food,Vietnam,Ho Chi Minh City,12.0,irregular,172.0,B1052,Vietnam_R2,G0089,281.82,0.04253333333333334
730067,500.0,Clothing,Zimbabwe,Kwekwe,8.0,irregular,305.0,B1053,Zimbabwe_R1,G0046,152.55,0.041999999999999996
1255594,375.0,Agriculture,Tajikistan,Shahrituz,14.0,monthly,63.0,B1054,Tajikistan_R0,G0011,42.6,0.040857142857142856
756514,1925.0,Retail,Kyrgyzstan,Karakol town,14.0,monthly,171.0,B1055,Kyrgyzstan_R3,G0091,475.87,0.0444
848397,1050.0,Agriculture,Armenia,Tavush region,26.0,monthly,146.0,B1056,Armenia_R2,G0310,201.27,0.0412923076923077
970578,750.0,Retail,Bolivia,El Alto,20.0,monthly,48.0,B1057,Bolivia_R3,G0102,235.54,0.0412
960505,350.0,Agriculture,Philippines,"Sibulan, Negros Oriental",13.0,irregular,145.0,B1058,Philippines_R0,G0144,40.15,0.04086153846153846
817518,200.0,Personal Use,Nigeria,Kaduna,14.0,bullet,288.0,B1059,Nigeria_R2,G0302,50.67,0.04045714285714286
713592,150.0,Agriculture,India,Dhupguri,43.0,bullet,334.0,B1060,India_R3,G0279,34.85,0.04011162790697674
794726,1925.0,Agriculture,Azerbaijan,Agdas,20.0,monthly,56.0,B1061,Azerbaijan_R0,G0163,266.79,0.04308
767521,325.0,Food,Philippines,"La Castellana, Negros Occidental",8.0,irregular,145.0,B1062,Philippines_R3,G0259,29.57,0.0413
1131534,125.0,Food,Togo,baguida,10.0,irregular,296.0,B1063,Togo_R3,G0035,30.69,0.040400000000000005
971116,525.0,Food,Guatemala,Villa Nueva,6.0,irregular,97.0,B1064,Guatemala_R1,G0315,142.58,0.042800000000000005
1213551,1075.0,Food,Rwanda,,8.0,monthly,117.0,B1065,Rwanda_R0,G0223,155.54,0.044300000000000006
882425,225.0,Agriculture,India,Falakata,43.0,bullet,334.0,B1066,India_R0,G0236,54.78,0.040167441860465114
954528,7425.0,Retail,Mexico,San Agustin Mextepec,6.0,irregular,130.0,B1067,Mexico_R1,G0131,1251.4,0.0796
1044203,200.0,Education,Paraguay,Ita,14.0,monthly,58.0,B1068,Paraguay_R3,G0096,52.79,0.04045714285714286
1122361,275.0,Food,Philippines,"Banga, Aklan",11.0,irregular,145.0,B1069,Philippines_R2,G0266,30.19,0.0408
1260317,175.0,Agriculture,Colombia,Ovejas,7.0,bullet,177.0,B1070,Colombia_R1,G0242,55.49,0.0408
1017541,1000.0,Clothing,Cambodia,Kampong Speu Province,20.0,monthly,9.0,B1071,Cambodia_R3,G0309,136.22,0.0416
872500,675.0,Agriculture,Guatemala,Solola,11.0,monthly,246.0,B1072,Guatemala_R0,G0267,108.23,0.04196363636363637
1017650,2000.0,Transportation,Palestine,Gaza City- Gaza Strip,26.0,monthly,80.0,B1073,Palestine_R2,G0134,134.86,0.04246153846153847
746738,175.0,Agriculture,India,Maynaguri,43.0,bullet,334.0,B1074,India_R2,G0187,14.6,0.040130232558139536
889475,1600.0,Agriculture,Albania,Elbasan,26.0,monthly,239.0,B1075,Albania_R0,G0043,327.61,0.04196923076923077
1203684,225.0,Food,Togo,baguida,11.0,irregular,296.0,B1076,Togo_R3,G0316,29.31,0.04065454545454546
1337106,1500.0,Agriculture,El Salvador,Ciudad El Triunfo,14.0,bullet,199.0,B1077,El Salvador_R1,G0252,450.97,0.04342857142857143
1064072,125.0,Personal Use,Cambodia,Takeo,8.0,monthly,311.0,B1078,Cambodia_R0,G0006,6.8,0.0405
1093173,2200.0,Services,Zambia,Lusaka,25.0,bullet,210.0,B1079,Zambia_R3,G0184,360.2,0.042816
782153,350.0,Agriculture,Kenya,Nandi Hills,14.0,monthly,156.0,B1080,Kenya_R3,G0006,52.92,0.0408
741143,6650.0,Clothing,The Democratic Republic of the Congo,"Goma, North Kivu province",6.0,irregular,160.0,B1081,The Democratic Republic of the Congo_R3,G0248,371.06,0.07546666666666667
770585,750.0,Agriculture,Cambodia,"Battambang province, Moung Russey district",14.0,monthly,204.0,B1082,Cambodia_R0,G0329,65.48,0.04171428571428572
1019209,1725.0,Agriculture,Cambodia,Takeo province,14.0,monthly,9.0,B1083,Cambodia_R3,G0004,300.31,0.043942857142857145
760883,400.0,Services,Pakistan,Daska,14.0,monthly,245.0,B1084,Pakistan_R2,G0053,79.14,0.040914285714285716
1183338,2650.0,Food,Peru,Cachora/Cusco,8.0,monthly,119.0,B1085,Peru_R3,G0069,453.91,0.050600000000000006
754389,200.0,Agriculture,India,Dhupguri,43.0,bullet,334.0,B1086,India_R3,G0313,41.86,0.040148837209302325
1147512,825.0,Agriculture,Samoa,Vailele,14.0,irregular,15.0,B1087,Samoa_R0,G0116,188.55,0.04188571428571429
968402,1600.0,Services,El Salvador,,26.0,monthly,81.0,B1088,El Salvador_R0,G0203,84.76,0.04196923076923077
961166,225.0,Personal Use,Nigeria,Kaduna,14.0,bullet,288.0,B1089,Nigeria_R2,G0010,42.58,0.04051428571428571
1141058,450.0,Retail,Philippines,"Cordova, Cebu",14.0,irregular,145.0,B1090,Philippines_R1,G0142,152.57,0.04102857142857143
915905,550.0,Food,Haiti,Fontamara(Centre-Ville),7.0,monthly,442.0,B1091,Haiti_R2,G0053,113.14,0.04251428571428571
770435,125.0,Personal Use,Cambodia,Battambang,8.0,monthly,311.0,B1092,Cambodia_R1,G0242,31.66,0.0405
1301934,1050.0,Retail,Rwanda,,9.0,irregular,117.0,B1093,Rwanda_R0,G0218,150.74,0.04373333333333333
833675,400.0,Services,Nicaragua,Managua,5.0,irregular,176.0,B1094,Nicaragua_R2,G0154,112.88,0.04256
1269844,600.0,Food,Samoa,Papa Puleia,14.0,irregular,15.0,B1095,Samoa_R1,G0335,169.13,0.04137142857142857
987387,1000.0,Personal Use,Palestine,"Rafah city, Gaza Strip",27.0,monthly,80.0,B1096,Palestine_R1,G0093,206.39,0.041185185185185186
1037035,300.0,Food,Kenya,Maua,14.0,monthly,138.0,B1097,Kenya_R0,G0221,102.84,0.04068571428571428
914463,800.0,Arts,Timor-Leste,Baucau,14.0,monthly,243.0,B1098,Timor-Leste_R3,G0232,70.13,0.04182857142857143
1214759,225.0,Education,Vietnam,07 Quảng Nhân,14.0,monthly,121.0,B1099,Vietnam_R0,G0244,12.39,0.04051428571428571
1321510,925.0,Retail,Ghana,"Adabraka, Accra",16.0,irregular,384.0,B1100,Ghana_R2,G0043,259.97,0.04185
875267,375.0,Arts,Philippines,"Antequera, Bohol",7.0,irregular,125.0,B1101,Philippines_R1,G0199,109.55,0.04171428571428572
700260,1500.0,Retail,Timor-Leste,Ermera,11.0,monthly,243.0,B1102,Timor-Leste_R2,G0136,129.09,0.04436363636363637
752430,800.0,Food,Kenya,Kisumu,8.0,monthly,138.0,B1103,Kenya_R2,G0019,103.74,0.0432
1314898,525.0,Food,Philippines,"Siaton, Negros Oriental",7.0,irregular,145.0,B1104,Philippines_R2,G0321,29.01,0.0424
657104,600.0,Food,Rwanda,,6.0,irregular,161.0,B1105,Rwanda_R0,G0033,82.8,0.0432
1280024,325.0,Education,Vietnam,Thanh Hoá,14.0,monthly,121.0,B1106,Vietnam_R2,G0095,91.63,0.04074285714285714
1059395,700.0,Agriculture,El Salvador,San Vicente,20.0,monthly,199.0,B1107,El Salvador_R1,G0020,143.77,0.041120000000000004
951673,300.0,Retail,Pakistan,Rawalpindi,14.0,monthly,247.0,B1108,Pakistan_R1,G0199,46.33,0.04068571428571428
887526,350.0,Retail,Philippines,"Mabinay, Negros Oriental",14.0,irregular,145.0,B1109,Philippines_R3,G0301,56.53,0.0408
843912,700.0,Retail,Pakistan,Lahore,11.0,irregular,247.0,B1110,Pakistan_R0,G0106,35.28,0.042036363636363636
708261,575.0,Housing,Nicaragua,Managua,15.0,monthly,98.0,B1111,Nicaragua_R2,G0072,80.47,0.04122666666666667
697728,925.0,Agriculture,Costa Rica,Quebrada Honda de Daniel Flores,38.0,irregular,150.0,B1112,Costa Rica_R3,G0123,225.64,0.040778947368421053
849496,1150.0,Retail,Philippines,"Silang, Cavite",8.0,irregular,144.0,B1113,Philippines_R0,G0188,393.6,0.0446
1198440,100.0,Personal Use,Cambodia,Takeo,8.0,monthly,311.0,B1114,Cambodia_R0,G0159,30.41,0.040400000000000005
957112,1125.0,Agriculture,Cambodia,"Kampong Cham province, Cheung Prey district",13.0,monthly,204.0,B1115,Cambodia_R2,G0255,64.21,0.04276923076923077
816259,950.0,Services,Zambia,Chongwe,8.0,bullet,210.0,B1116,Zambia_R1,G0057,303.59,0.043800000000000006
656532,3925.0,Food,Burundi,Bubanza,7.0,irregular,162.0,B1117,Burundi_R3,G0176,1118.47,0.05794285714285714
738363,175.0,Food,Kenya,Tiribe,10.0,irregular,164.0,B1118,Kenya_R2,G0002,49.72,0.04056
828445,1000.0,Agriculture,Kenya,Matete,11.0,bullet,202.0,B1119,Kenya_R2,G0246,187.4,0.04290909090909091
1210502,675.0,Housing,Vietnam,"Tĩnh Gia, Thanh Hóa",14.0,monthly,121.0,B1120,Vietnam_R0,G0029,114.35,0.041542857142857145
1161653,500.0,Agriculture,Kenya,Kerugoya,14.0,monthly,156.0,B1121,Kenya_R2,G0109,70.44,0.04114285714285715
991721,300.0,Food,Kenya,Kitale,14.0,monthly,156.0,B1122,Kenya_R3,G0278,20.91,0.04068571428571428
1141405,1350.0,Agriculture,Peru,Mora Grande-San Ignacio,13.0,bullet,484.0,B1123,Peru_R2,G0333,159.94,0.04332307692307692
917722,200.0,Agriculture,India,Falakata,43.0,bullet,334.0,B1124,India_R0,G0110,24.8,0.040148837209302325
927562,250.0,Agriculture,Kenya,Kisii,11.0,monthly,133.0,B1125,Kenya_R1,G0160,48.81,0.04072727272727272
855702,675.0,Agriculture,Kenya,Siongiroi,15.0,monthly,156.0,B1126,Kenya_R2,G0336,185.11,0.041440000000000005
1206633,1050.0,Agriculture,Kenya,Matete,11.0,bullet,202.0,B1127,Kenya_R2,G0259,201.75,0.043054545454545456
1013690,1325.0,Housing,Guatemala,Suchitepéquez,26.0,monthly,246.0,B1128,Guatemala_R2,G0189,89.24,0.041630769230769235
744908,1425.0,Retail,Tajikistan,Dushanbe,20.0,monthly,100.0,B1129,Tajikistan_R2,G0320,480.71,0.04228
797630,1250.0,Education,Indonesia,CILACAP,59.0,irregular,253.0,B1130,Indonesia_R3,G0335,416.02,0.04067796610169491
908809,1975.0,Agriculture,Colombia,El Carmen de Viboral,33.0,bullet,177.0,B1131,Colombia_R2,G0091,563.97,0.041915151515151516
1112140,300.0,Food,Kenya,Msambweni,14.0,irregular,164.0,B1132,Kenya_R3,G0073,104.22,0.04068571428571428
1044215,2000.0,Agriculture,Cambodia,Kampong Cham Province,14.0,monthly,9.0,B1133,Cambodia_R3,G0173,426.69,0.04457142857142857
1257922,100.0,Agriculture,Kenya,Kerugoya,14.0,monthly,156.0,B1134,Kenya_R2,G0038,33.88,0.04022857142857143
1203273,1000.0,Retail,Timor-Leste,Atsabe,15.0,monthly,243.0,B1135,Timor-Leste_R0,G0275,72.68,0.042133333333333335
666381,375.0,Education,Colombia,Bogotà,6.0,monthly,244.0,B1136,Colombia_R1,G0294,59.89,0.041999999999999996
1075090,150.0,Housing,Philippines,"Hinigaran, Negros Occidental",14.0,irregular,145.0,B1137,Philippines_R1,G0036,17.64,0.04034285714285714
1303951,300.0,Arts,Pakistan,Multan,14.0,monthly,247.0,B1138,Pakistan_R3,G0185,32.62,0.04068571428571428
982037,250.0,Clothing,Madagascar,Antananarivo,10.0,irregular,443.0,B1139,Madagascar_R3,G0263,23.06,0.0408
958629,300.0,Clothing,Kenya,Msambweni,13.0,irregular,164.0,B1140,Kenya_R3,G0213,71.02,0.04073846153846154
1247714,575.0,Agriculture,Kenya,Matete,11.0,bullet,202.0,B1141,Kenya_R2,G0246,163.53,0.04167272727272728
1201082,225.0,Personal Use,Mexico,"San Andrés Cohamiata, Mezquitic, Jalisco",20.0,monthly,275.0,B1142,Mexico_R1,G0203,50.29,0.04036
900699,800.0,Retail,Indonesia,,14.0,irregular,129.0,B1143,Indonesia_R0,G0277,75.27,0.04182857142857143
1285156,225.0,Food,Philippines,"Canlaon, Negros Oriental",11.0,irregular,145.0,B1144,Philippines_R0,G0179,66.0,0.04065454545454546
952142,400.0,Services,Kenya,Mwingi,14.0,monthly,138.0,B1145,Kenya_R3,G0208,96.31,0.040914285714285716
852677,1225.0,Retail,Ecuador,Portoviejo,8.0,irregular,137.0,B1146,Ecuador_R0,G0114,203.9,0.044899999999999995
835989,350.0,Retail,Philippines,"Baybay City, Leyte",8.0,irregular,145.0,B1147,Philippines_R1,G0285,88.28,0.041400000000000006
771171,1125.0,Retail,Ecuador,Los Bancos,15.0,monthly,190.0,B1148,Ecuador_R3,G0254,143.97,0.0424
1140475,750.0,Services,Uganda,Kasese,12.0,monthly,163.0,B1149,Uganda_R1,G0216,115.17,0.041999999999999996
1230188,4750.0,Retail,Guatemala,"San Pedro Yepocapa, Chimaltenango",12.0,monthly,55.0,B1150,Guatemala_R1,G0247,1544.92,0.05266666666666667
707374,2075.0,Agriculture,Vietnam,Thanh Hoá,14.0,monthly,121.0,B1151,Vietnam_R2,G0109,284.59,0.04474285714285714
975660,425.0,Services,Philippines,"Minglanilla, Cebu",14.0,irregular,145.0,B1152,Philippines_R0,G0313,81.17,0.040971428571428575
1188453,850.0,Housing,Solomon Islands,Honiara,12.0,irregular,411.0,B1153,Solomon Islands_R1,G0289,269.49,0.04226666666666667
765179,250.0,Retail,Philippines,"Quezon, Palawan",8.0,irregular,145.0,B1154,Philippines_R0,G0326,65.58,0.041
1176103,725.0,Education,Jordan,Baqaa,15.0,monthly,185.0,B1155,Jordan_R3,G0218,49.78,0.04154666666666666
899266,200.0,Clothing,Philippines,"Ubay, Bohol",8.0,irregular,145.0,B1156,Philippines_R1,G0222,18.84,0.0408
1262553,725.0,Education,Jordan,West Irbid,18.0,monthly,185.0,B1157,Jordan_R3,G0154,37.96,0.04128888888888889
786055,425.0,Agriculture,Samoa,Faleasiu,14.0,irregular,15.0,B1158,Samoa_R3,G0273,101.69,0.040971428571428575
786931,550.0,Housing,Mongolia,Ulaanbaatar,15.0,monthly,42.0,B1159,Mongolia_R1,G0158,101.37,0.04117333333333333
1012557,650.0,Agriculture,El Salvador,Osicala,8.0,monthly,199.0,B1160,El Salvador_R0,G0086,58.68,0.0426
668458,1950.0,Retail,Costa Rica,"Puntarenas, 20 de Noviembre",20.0,monthly,151.0,B1161,Costa Rica_R3,G0101,657.89,0.043120000000000006
813585,475.0,Food,Nicaragua,Masaya,8.0,monthly,120.0,B1162,Nicaragua_R3,G0312,99.23,0.0419
1334105,175.0,Food,Sierra Leone,Fullah,7.0,irregular,183.0,B1163,Sierra Leone_R0,G0170,21.45,0.0408
929219,975.0,Health,Tajikistan,Khujand,14.0,monthly,100.0,B1164,Tajikistan_R0,G0027,195.18,0.04222857142857143
1224382,4175.0,Education,Peru,CUSCO,6.0,irregular,119.0,B1165,Peru_R1,G0109,1059.97,0.062266666666666665
1153946,300.0,Services,Pakistan,Gujranwala,14.0,monthly,455.0,B1166,Pakistan_R3,G0255,21.86,0.04068571428571428
799685,150.0,Agriculture,Nigeria,Kaduna,14.0,bullet,288.0,B1167,Nigeria_R2,G0224,19.86,0.04034285714285714
699938,250.0,Housing,Philippines,"Ormoc, Leyte",38.0,irregular,145.0,B1168,Philippines_R0,G0206,73.02,0.040210526315789474
907065,150.0,Retail,Philippines,"Palo, Leyte",8.0,irregular,145.0,B1169,Philippines_R0,G0189,28.18,0.0406
875528,1000.0,Agriculture,Kenya,Matete,10.0,bullet,202.0,B1170,Kenya_R2,G0176,213.97,0.0432
704316,1050.0,Agriculture,Colombia,Turbo,27.0,monthly,177.0,B1171,Colombia_R2,G0283,188.84,0.041244444444444445
1245168,400.0,Clothing,El Salvador,Ciudad El Triunfo,14.0,monthly,199.0,B1172,El Salvador_R1,G0212,25.27,0.040914285714285716
1265952,300.0,Agriculture,Philippines,"Ibajay, Aklan",11.0,irregular,145.0,B1173,Philippines_R3,G0052,29.92,0.04087272727272727
1308175,750.0,Agriculture,Cambodia,"Battambang province, Thmor Koul district",14.0,monthly,204.0,B1174,Cambodia_R2,G0224,137.75,0.04171428571428572
1061990,1200.0,Transportation,Philippines,"Aurora, Zamboanga del Sur",20.0,monthly,136.0,B1175,Philippines_R0,G0141,135.31,0.04192
719405,475.0,Food,Philippines,"Brookes Point, Palawan",8.0,irregular,145.0,B1176,Philippines_R1,G0135,30.87,0.0419
986400,3700.0,Food,Paraguay,Caacupe,6.0,irregular,58.0,B1177,Paraguay_R2,G0166,1121.45,0.05973333333333333
1003168,100.0,Personal Use,Cambodia,Kompong Thom,8.0,monthly,311.0,B1178,Cambodia_R1,G0026,34.44,0.040400000000000005
813358,450.0,Services,Philippines,Iloilo,14.0,irregular,125.0,B1179,Philippines_R2,G0004,129.57,0.04102857142857143
675943,525.0,Education,Philippines,"Bogo, Cebu",8.0,irregular,145.0,B1180,Philippines_R3,G0314,160.72,0.0421
1244491,300.0,Retail,Pakistan,Multan,15.0,monthly,247.0,B1181,Pakistan_R3,G0138,36.78,0.04064
717148,375.0,Agriculture,Philippines,"Compostela, Cebu",11.0,irregular,145.0,B1182,Philippines_R2,G0009,126.82,0.041090909090909095
1224468,5850.0,Retail,Paraguay,San Lorenzo,7.0,irregular,58.0,B1183,Paraguay_R2,G0301,638.1,0.06674285714285715
871872,250.0,Agriculture,Philippines,"Molave- Liloan, Bonifacio",14.0,monthly,126.0,B1184,Philippines_R1,G0330,83.86,0.04057142857142857
1222100,3850.0,Clothing,The Democratic Republic of the Congo,"Goma, North Kivu province",6.0,irregular,160.0,B1185,The Democratic Republic of the Congo_R3,G0061,1341.52,0.06053333333333334
1050600,200.0,Agriculture,Philippines,"Kabankalan, Negros Occidental",14.0,irregular,145.0,B1186,Philippines_R3,G0274,52.7,0.04045714285714286
1103526,175.0,Housing,Philippines,"Isabela, Negros Occidental",14.0,irregular,145.0,B1187,Philippines_R2,G0196,60.26,0.040400000000000005
907536,375.0,Food,Nicaragua,Bilwi,5.0,irregular,328.0,B1188,Nicaragua_R2,G0219,82.82,0.0424
1019573,700.0,Food,Nicaragua,Managua,11.0,monthly,176.0,B1189,Nicaragua_R2,G0124,89.5,0.042036363636363636
901062,200.0,Food,Philippines,"Dumarao, Capiz",8.0,irregular,145.0,B1190,Philippines_R3,G0032,36.22,0.0408
813992,475.0,Clothing,Tanzania,Kilolo,8.0,irregular,379.0,B1191,Tanzania_R1,G0236,108.33,0.0419
1299741,475.0,Agriculture,Tajikistan,Tursun-zoda,20.0,monthly,63.0,B1192,Tajikistan_R2,G0133,34.16,0.040760000000000005
779275,400.0,Housing,El Salvador,,14.0,monthly,81.0,B1193,El Salvador_R0,G0021,94.68,0.040914285714285716
673790,750.0,Agriculture,Uganda,Ntungamo,14.0,monthly,222.0,B1194,Uganda_R3,G0302,258.27,0.04171428571428572
1112224,1000.0,Food,El Salvador,Ciudad Barrios,15.0,monthly,199.0,B1195,El Salvador_R3,G0266,107.03,0.042133333333333335
1032333,575.0,Education,Lebanon,,10.0,monthly,115.0,B1196,Lebanon_R0,G0062,165.47,0.04184
1267291,850.0,Agriculture,Solomon Islands,Honiara,14.0,irregular,411.0,B1197,Solomon Islands_R1,G0220,274.01,0.04194285714285714
790113,475.0,Food,Philippines,"Toledo, Cebu",11.0,irregular,145.0,B1198,Philippines_R0,G0031,158.23,0.041381818181818186
920274,400.0,Services,Samoa,"Tafua Tai, Savaii Island",14.0,irregular,15.0,B1199,Samoa_R2,G0259,135.22,0.040914285714285716
1216950,2175.0,Agriculture,Kyrgyzstan,Kadamzhai district,14.0,monthly,171.0,B1200,Kyrgyzstan_R1,G0126,449.0,0.04497142857142857
1138756,1025.0,Services,Tajikistan,Vakhsh,14.0,monthly,63.0,B1201,Tajikistan_R1,G0208,351.77,0.04234285714285714
993898,300.0,Agriculture,Peru,Zaña - Chiclayo,14.0,monthly,143.0,B1202,Peru_R3,G0127,83.16,0.04068571428571428
916082,4950.0,Health,Bolivia,,63.0,monthly,140.0,B1203,Bolivia_R0,G0239,487.58,0.04251428571428571
1187218,3325.0,Retail,Tanzania,Mara North,10.0,monthly,87.0,B1204,Tanzania_R1,G0104,641.96,0.050640000000000004
832715,700.0,Agriculture,El Salvador,,20.0,monthly,81.0,B1205,El Salvador_R0,G0217,185.85,0.041120000000000004
988094,350.0,Agriculture,Colombia,San Pedro de Urabá,15.0,bullet,177.0,B1206,Colombia_R2,G0091,43.47,0.04074666666666667
1155917,700.0,Food,Colombia,Bogotá,15.0,monthly,154.0,B1207,Colombia_R2,G0288,169.53,0.04149333333333333
1302870,125.0,Personal Use,Philippines,"Dumaguete, Negros Oriental",14.0,irregular,145.0,B1208,Philippines_R2,G0155,31.25,0.040285714285714286
863530,350.0,Retail,Philippines,"Calatrava, Negros Occidental",8.0,irregular,145.0,B1209,Philippines_R3,G0223,34.58,0.041400000000000006
977066,400.0,Agriculture,Kenya,Nyamira,14.0,monthly,156.0,B1210,Kenya_R2,G0174,87.81,0.040914285714285716
842720,350.0,Food,Philippines,"Kabankalan, Negros Occidental",7.0,irregular,145.0,B1211,Philippines_R3,G0193,98.52,0.0416
881797,675.0,Retail,Philippines,"Tudela - Tudela ,Misamis Occidental",20.0,monthly,126.0,B1212,Philippines_R3,G0245,134.78,0.041080000000000005
1106585,250.0,Personal Use,Cambodia,Battambang,8.0,monthly,311.0,B1213,Cambodia_R1,G0254,13.41,0.041
1019650,175.0,Personal Use,Cambodia,Battambang,8.0,monthly,311.0,B1214,Cambodia_R1,G0214,9.22,0.0407
1166889,5325.0,Food,Ecuador,Portoviejo,8.0,monthly,137.0,B1215,Ecuador_R0,G0331,836.6,0.06130000000000001
1013431,500.0,Services,Pakistan,Lahore,13.0,monthly,247.0,B1216,Pakistan_R0,G0109,163.93,0.04123076923076923
1121817,500.0,Agriculture,Ecuador,San Gabriel,12.0,monthly,188.0,B1217,Ecuador_R1,G0219,59.3,0.04133333333333333
1225099,250.0,Retail,Philippines,"Poblacion 3, Clarin Misamis Occidental",8.0,monthly,136.0,B1218,Philippines_R0,G0272,60.08,0.041
1187765,500.0,Education,Lebanon,Qana,14.0,monthly,77.0,B1219,Lebanon_R1,G0251,58.31,0.04114285714285715
986142,275.0,Retail,Haiti,Bon Repos,7.0,monthly,442.0,B1220,Haiti_R1,G0117,40.29,0.04125714285714285
715204,725.0,Retail,Peru,Cusco,6.0,irregular,119.0,B1221,Peru_R2,G0076,220.7,0.043866666666666665
1204372,300.0,Services,Kenya,"Kwa Njenga, Mukuru, Nairobi.",15.0,monthly,258.0,B1222,Kenya_R1,G0171,80.6,0.04064
1003424,575.0,Agriculture,Pakistan,Bhera,14.0,monthly,245.0,B1223,Pakistan_R2,G0023,45.21,0.04131428571428572
1252897,675.0,Agriculture,Kenya,Webuye,9.0,bullet,202.0,B1224,Kenya_R0,G0285,120.56,0.0424
1265115,400.0,Agriculture,Kenya,karatina,14.0,monthly,138.0,B1225,Kenya_R0,G0032,23.5,0.040914285714285716
832547,250.0,Food,El Salvador,Osicala,14.0,monthly,199.0,B1226,El Salvador_R0,G0199,48.57,0.04057142857142857
748465,75.0,Agriculture,Nigeria,Kaduna,17.0,bullet,288.0,B1227,Nigeria_R2,G0241,18.65,0.040141176470588236
999153,550.0,Education,Paraguay,Villarrica,15.0,monthly,58.0,B1228,Paraguay_R1,G0119,47.05,0.04117333333333333
709017,4325.0,Retail,Ecuador,Cuenca,8.0,irregular,137.0,B1229,Ecuador_R3,G0053,591.08,0.057300000000000004
1077195,500.0,Retail,Kenya,Kericho,14.0,irregular,386.0,B1230,Kenya_R2,G0103,84.68,0.04114285714285715
1145218,500.0,Agriculture,Cambodia,"Tbaung Khmum Province, Ponhea Krek district",19.0,monthly,204.0,B1231,Cambodia_R3,G0093,162.93,0.040842105263157895
847934,250.0,Food,Philippines,"Banga, Aklan",7.0,irregular,145.0,B1232,Philippines_R2,G0206,86.99,0.04114285714285715
1214972,175.0,Personal Use,Cambodia,Takeo,8.0,monthly,311.0,B1233,Cambodia_R0,G0016,11.11,0.0407
887461,900.0,Retail,Philippines,"Kabankalan, Negros Occidental",5.0,irregular,145.0,B1234,Philippines_R3,G0194,250.47,0.045759999999999995
814420,900.0,Retail,Ecuador,Montecristi,6.0,irregular,137.0,B1235,Ecuador_R3,G0101,145.37,0.0448
1149529,200.0,Agriculture,Kenya,Eldoret,14.0,monthly,156.0,B1236,Kenya_R2,G0211,33.55,0.04045714285714286
801998,225.0,Clothing,Kenya,nyeri,14.0,monthly,138.0,B1237,Kenya_R2,G0096,62.16,0.04051428571428571
954779,325.0,Agriculture,Colombia,Tierralta,15.0,bullet,177.0,B1238,Colombia_R1,G0334,105.8,0.04069333333333333
1047783,700.0,Agriculture,El Salvador,,14.0,bullet,81.0,B1239,El Salvador_R0,G0126,234.7,0.0416
686280,800.0,Agriculture,Honduras,"Morazan, Yoro",7.0,irregular,201.0,B1240,Honduras_R2,G0069,178.51,0.04365714285714285
986795,600.0,Agriculture,Kenya,Kericho,14.0,monthly,156.0,B1241,Kenya_R2,G0307,94.28,0.04137142857142857
1030737,1000.0,Health,Sierra Leone,Freetown East,8.0,monthly,148.0,B1242,Sierra Leone_R3,G0028,286.26,0.044
789952,1000.0,Housing,Cambodia,Kampong Cham,26.0,monthly,106.0,B1243,Cambodia_R0,G0266,125.3,0.04123076923076923
856435,250.0,Food,Philippines,"Binalbagan, Negros Occidental",8.0,irregular,145.0,B1244,Philippines_R3,G0009,54.81,0.041
1292388,250.0,Retail,Philippines,"Himamaylan, Negros Occidental",10.0,irregular,145.0,B1245,Philippines_R2,G0037,39.39,0.0408
1020201,875.0,Agriculture,Kenya,Webuye,11.0,bullet,202.0,B1246,Kenya_R0,G0239,216.12,0.042545454545454546
707686,4650.0,Food,Peru,Huaycan,6.0,irregular,93.0,B1247,Peru_R0,G0161,567.86,0.0648
705180,1175.0,Education,Paraguay,Ybycuí,15.0,monthly,58.0,B1248,Paraguay_R3,G0297,126.29,0.042506666666666665
1091715,675.0,Services,Honduras,El Progreso.,17.0,monthly,201.0,B1249,Honduras_R1,G0110,219.69,0.041270588235294114
729072,250.0,Retail,Philippines,"Hinigaran, Negros Occidental",8.0,irregular,145.0,B1250,Philippines_R1,G0276,20.14,0.041
1315327,400.0,Arts,Pakistan,Multan,13.0,monthly,247.0,B1251,Pakistan_R3,G0089,80.71,0.04098461538461538
1012870,150.0,Agriculture,Philippines,"Plaridel, Misamis Occidental",8.0,irregular,136.0,B1252,Philippines_R0,G0211,17.44,0.0406
693842,200.0,Retail,Philippines,"Bindoy, Negros Oriental",8.0,irregular,145.0,B1253,Philippines_R1,G0220,12.34,0.0408
1309959,500.0,Transportation,Pakistan,Haripur,14.0,monthly,245.0,B1254,Pakistan_R3,G0298,30.4,0.04114285714285715
879238,1425.0,Education,Jordan,Irbid,18.0,monthly,185.0,B1255,Jordan_R3,G0194,146.16,0.04253333333333334
875594,250.0,Transportation,Philippines,"Calbayog City, Samar",8.0,irregular,145.0,B1256,Philippines_R1,G0294,77.51,0.041
680557,1500.0,Housing,Tajikistan,Zafarabad,20.0,monthly,100.0,B1257,Tajikistan_R2,G0295,202.12,0.0424
1249442,350.0,Clothing,Turkey,,8.0,irregular,198.0,B1258,Turkey_R0,G0075,117.3,0.041400000000000006
1022872,300.0,Clothing,Uganda,Kampala,7.0,monthly,222.0,B1259,Uganda_R2,G0025,67.35,0.04137142857142857
732077,525.0,Clothing,Honduras,"Azacualpa, Santa Bárbara",14.0,monthly,201.0,B1260,Honduras_R2,G0245,95.02,0.0412
1220111,4200.0,Agriculture,Guatemala,"Sacapulas, Quiche",13.0,monthly,55.0,B1261,Guatemala_R3,G0144,940.91,0.05033846153846154
1117659,1800.0,Agriculture,Vietnam,07 Quảng Lợi,20.0,monthly,121.0,B1262,Vietnam_R1,G0168,369.02,0.04288
727591,3775.0,Retail,Benin,,9.0,monthly,104.0,B1263,Benin_R0,G0188,1048.06,0.05342222222222222
1058734,200.0,Personal Use,Cambodia,Battambang,8.0,monthly,311.0,B1264,Cambodia_R1,G0304,26.95,0.0408
1044708,650.0,Retail,Philippines,"Silang, Cavite",7.0,irregular,144.0,B1265,Philippines_R0,G0044,101.34,0.04297142857142858
842004,150.0,Food,Philippines,"Numancia, Aklan",8.0,irregular,145.0,B1266,Philippines_R1,G0301,47.73,0.0406
1307589,400.0,Retail,Kenya,Othaya,14.0,irregular,386.0,B1267,Kenya_R3,G0326,133.57,0.040914285714285716
999525,500.0,Clothing,Zimbabwe,Mbire,14.0,monthly,305.0,B1268,Zimbabwe_R0,G0152,158.88,0.04114285714285715
1021135,600.0,Agriculture,Samoa,Lotofaga,13.0,irregular,15.0,B1269,Samoa_R3,G0206,105.5,0.04147692307692308
959674,575.0,Agriculture,India,"Khurda, Odisha",43.0,bullet,241.0,B1270,India_R1,G0204,163.36,0.040427906976744185
1275836,1000.0,Agriculture,El Salvador,Gotera,14.0,monthly,199.0,B1271,El Salvador_R0,G0096,192.9,0.04228571428571429
744408,175.0,Retail,Liberia,Logan Town,11.0,irregular,182.0,B1272,Liberia_R1,G0079,34.87,0.04050909090909091
742340,425.0,Food,Tajikistan,Spitamen,10.0,monthly,215.0,B1273,Tajikistan_R1,G0001,47.35,0.04136
865529,2875.0,Services,Jordan,Baqaa,23.0,monthly,185.0,B1274,Jordan_R3,G0049,653.6,0.044
1323173,225.0,Personal Use,Cambodia,Kandal,8.0,monthly,311.0,B1275,Cambodia_R2,G0317,23.81,0.040900000000000006
878610,2050.0,Clothing,Mali,Tènè,8.0,monthly,78.0,B1276,Mali_R1,G0235,306.41,0.0482
1173282,250.0,Agriculture,Kenya,Kericho,14.0,monthly,156.0,B1277,Kenya_R2,G0240,76.63,0.04057142857142857
837946,1300.0,Retail,Ecuador,Santo Domingo,12.0,monthly,190.0,B1278,Ecuador_R1,G0031,145.76,0.04346666666666667
653353,475.0,Education,Colombia,Bogotà,7.0,monthly,244.0,B1279,Colombia_R1,G0262,33.89,0.04217142857142857
697565,600.0,Clothing,Kenya,Kiambu,14.0,monthly,138.0,B1280,Kenya_R0,G0201,42.42,0.04137142857142857
1153914,350.0,Food,Pakistan,Gujranwala,14.0,monthly,455.0,B1281,Pakistan_R3,G0130,116.28,0.0408
819748,250.0,Education,Nigeria,Kaduna,14.0,bullet,288.0,B1282,Nigeria_R2,G0296,50.52,0.04057142857142857
939131,825.0,Agriculture,Albania,Lac,14.0,monthly,239.0,B1283,Albania_R3,G0095,142.58,0.04188571428571429
678736,400.0,Agriculture,El Salvador,San Miguel,14.0,monthly,199.0,B1284,El Salvador_R0,G0067,117.31,0.040914285714285716
901031,400.0,Food,Colombia,Cotorra,14.0,bullet,177.0,B1285,Colombia_R3,G0212,120.3,0.040914285714285716
1159734,225.0,Food,Philippines,"Maasin City, Leyte",8.0,irregular,145.0,B1286,Philippines_R3,G0171,33.67,0.040900000000000006
922788,1075.0,Agriculture,Colombia,Urrao,27.0,bullet,177.0,B1287,Colombia_R2,G0149,277.44,0.041274074074074074
894692,425.0,Food,Philippines,"Hinobaan, Negros Occidental",7.0,irregular,145.0,B1288,Philippines_R1,G0200,119.57,0.04194285714285714
1177254,2650.0,Food,Paraguay,Paraguari,7.0,monthly,58.0,B1289,Paraguay_R0,G0000,652.95,0.05211428571428571
822542,25.0,Agriculture,Rwanda,,10.0,irregular,161.0,B1290,Rwanda_R0,G0006,2.39,0.040080000000000005
703164,475.0,Agriculture,Yemen,Haja,40.0,irregular,205.0,B1291,Yemen_R1,G0293,148.56,0.04038
1314646,350.0,Food,Togo,baguida,14.0,irregular,296.0,B1292,Togo_R3,G0002,74.1,0.0408
798137,350.0,Retail,Peru,Lima,8.0,monthly,139.0,B1293,Peru_R3,G0073,47.16,0.041400000000000006
908517,450.0,Retail,Philippines,"Kalibo, Aklan",8.0,irregular,145.0,B1294,Philippines_R0,G0335,79.91,0.041800000000000004
985268,1150.0,Education,Uganda,Mbale,33.0,irregular,329.0,B1295,Uganda_R1,G0245,70.46,0.04111515151515152
991825,225.0,Personal Use,Nigeria,Kaduna,15.0,bullet,288.0,B1296,Nigeria_R2,G0229,19.88,0.04048
867252,1225.0,Agriculture,Kenya,kakamega south,10.0,bullet,202.0,B1297,Kenya_R3,G0325,342.59,0.04392
671384,1475.0,Agriculture,Honduras,taulabe,14.0,monthly,269.0,B1298,Honduras_R1,G0201,73.76,0.043371428571428575
1045248,425.0,Retail,Philippines,"Narra, Palawan",8.0,irregular,145.0,B1299,Philippines_R0,G0147,74.36,0.0417
712277,1100.0,Clothing,Peru,Cusco,6.0,irregular,119.0,B1300,Peru_R2,G0273,227.43,0.04586666666666667
891071,350.0,Retail,Philippines,"Bogo, Cebu",11.0,irregular,145.0,B1301,Philippines_R3,G0048,23.24,0.041018181818181815
655656,300.0,Food,Liberia,Caldwell,11.0,irregular,182.0,B1302,Liberia_R3,G0135,102.58,0.04087272727272727
1096676,575.0,Food,Egypt,Baniswef,14.0,monthly,440.0,B1303,Egypt_R2,G0180,67.76,0.04131428571428572
1271534,1000.0,Services,El Salvador,San Miguel,14.0,monthly,199.0,B1304,El Salvador_R0,G0187,141.26,0.04228571428571429
1319595,675.0,Agriculture,Vietnam,09  Đông Sơn,14.0,monthly,121.0,B1305,Vietnam_R2,G0202,95.3,0.041542857142857145
1054398,275.0,Agriculture,Tajikistan,Shahrituz,14.0,monthly,63.0,B1306,Tajikistan_R0,G0297,32.76,0.04062857142857143
1274891,625.0,Agriculture,Tajikistan,Tursun-zoda,15.0,monthly,63.0,B1307,Tajikistan_R2,G0081,31.53,0.04133333333333333
657308,450.0,Entertainment,Philippines,Ozamiz - Ozamis City Misamis Occidental,8.0,irregular,126.0,B1308,Philippines_R0,G0243,120.96,0.041800000000000004
876292,525.0,Agriculture,Tajikistan,Shahristan,12.0,monthly,100.0,B1309,Tajikistan_R0,G0125,178.53,0.041400000000000006
1304358,175.0,Personal Use,Cambodia,Kompong Thom,8.0,monthly,311.0,B1310,Cambodia_R1,G0042,20.53,0.0407
760715,4875.0,Food,The Democratic Republic of the Congo,"Goma, North Kivu province",6.0,irregular,160.0,B1311,The Democratic Republic of the Congo_R3,G0261,1213.46,0.066
1096081,400.0,Agriculture,Tajikistan,Bobojon Gafurov,14.0,monthly,215.0,B1312,Tajikistan_R2,G0240,109.03,0.040914285714285716
1048341,3475.0,Agriculture,Thailand,Chiang Rai,18.0,bullet,472.0,B1313,Thailand_R0,G0023,1058.23,0.046177777777777776
869342,500.0,Agriculture,El Salvador,,14.0,bullet,167.0,B1314,El Salvador_R0,G0072,88.39,0.04114285714285715
1258476,600.0,Food,Samoa,Fasitoo Tai,14.0,irregular,15.0,B1315,Samoa_R3,G0177,84.53,0.04137142857142857
818723,225.0,Education,Nigeria,Kaduna,14.0,bullet,288.0,B1316,Nigeria_R2,G0128,33.21,0.04051428571428571
791323,350.0,Agriculture,Philippines,"Narra, Palawan",8.0,irregular,145.0,B1317,Philippines_R0,G0157,92.33,0.041400000000000006
1305296,225.0,Personal Use,Cambodia,Kandal,8.0,monthly,311.0,B1318,Cambodia_R2,G0121,66.38,0.040900000000000006
1329150,200.0,Housing,Philippines,"Bindoy, Negros Oriental",14.0,irregular,145.0,B1319,Philippines_R1,G0052,20.9,0.04045714285714286
1318130,500.0,Food,El Salvador,,14.0,monthly,167.0,B1320,El Salvador_R0,G0105,80.64,0.04114285714285715
780917,375.0,Food,Philippines,"Quezon, Palawan",8.0,irregular,145.0,B1321,Philippines_R0,G0281,120.22,0.0415
928955,350.0,Food,Philippines,"Taytay, Palawan",8.0,irregular,145.0,B1322,Philippines_R3,G0117,102.2,0.041400000000000006
802790,1200.0,Education,Tajikistan,Tursunzade,26.0,monthly,100.0,B1323,Tajikistan_R1,G0001,414.55,0.04147692307692308
888709,800.0,Education,Peru,San Juan de Lurigancho,9.0,monthly,93.0,B1324,Peru_R2,G0030,221.02,0.04284444444444445
1023872,225.0,Agriculture,Philippines,"Compostela, Cebu",7.0,irregular,145.0,B1325,Philippines_R2,G0235,37.79,0.04102857142857143
675421,1100.0,Agriculture,Cambodia,Kampong Cham,20.0,monthly,106.0,B1326,Cambodia_R0,G0072,249.91,0.041760000000000005
1058300,1175.0,Food,Guatemala,Suchitepéquez,14.0,monthly,246.0,B1327,Guatemala_R2,G0279,291.76,0.042685714285714285
1240611,475.0,Food,Philippines,"Himamaylan, Negros Occidental",10.0,irregular,145.0,B1328,Philippines_R2,G0132,34.93,0.04152
1003335,125.0,Personal Use,Cambodia,Kandal,8.0,monthly,311.0,B1329,Cambodia_R2,G0187,26.67,0.0405
1136945,475.0,Retail,Philippines,"Dumaguete, Negros Oriental",11.0,irregular,145.0,B1330,Philippines_R2,G0098,124.83,0.041381818181818186
952540,3175.0,Food,Peru,Cusco,6.0,irregular,119.0,B1331,Peru_R2,G0176,318.12,0.056933333333333336
1164424,600.0,Retail,Kenya,Kapsabet,14.0,irregular,386.0,B1332,Kenya_R0,G0332,170.51,0.04137142857142857
852152,250.0,Agriculture,Philippines,"Bogo, Cebu",13.0,irregular,145.0,B1333,Philippines_R3,G0000,56.28,0.040615384615384616
778181,1500.0,Entertainment,Colombia,Medellín,15.0,bullet,177.0,B1334,Colombia_R2,G0096,503.5,0.0432
1044465,2925.0,Food,Paraguay,Asunción,6.0,irregular,58.0,B1335,Paraguay_R3,G0035,183.48,0.0556
975690,1700.0,Food,Uganda,Kamwenge,8.0,monthly,163.0,B1336,Uganda_R1,G0130,220.32,0.0468
1280248,1900.0,Agriculture,Costa Rica,San José,36.0,monthly,127.0,B1337,Costa Rica_R2,G0330,437.89,0.041688888888888886
947048,875.0,Retail,Philippines,Ozamiz - Ozamis City Misamis Occidental,26.0,monthly,126.0,B1338,Philippines_R0,G0150,121.6,0.04107692307692308
1296168,500.0,Agriculture,Cambodia,"Kampong Thom Province, Kampong Svay District",26.0,monthly,204.0,B1339,Cambodia_R1,G0138,132.16,0.040615384615384616
1102792,175.0,Housing,Philippines,"Sagay, Negros Occidental",14.0,irregular,145.0,B1340,Philippines_R2,G0201,48.6,0.040400000000000005
1191022,550.0,Agriculture,Kenya,Chwele,11.0,bullet,202.0,B1341,Kenya_R1,G0140,44.42,0.0416
1205667,175.0,Retail,Philippines,"Tacloban City, Leyte",8.0,irregular,145.0,B1342,Philippines_R3,G0158,35.73,0.0407
909966,1650.0,Agriculture,Kyrgyzstan,"Uch -Terek village, Jalalabat region",20.0,monthly,171.0,B1343,Kyrgyzstan_R3,G0121,334.4,0.04264
853413,575.0,Food,Philippines,"GMA, Cavite",9.0,irregular,144.0,B1344,Philippines_R1,G0154,92.45,0.04204444444444444
1195614,1675.0,Services,Mozambique,Maputo,15.0,bullet,210.0,B1345,Mozambique_R2,G0030,552.54,0.04357333333333334
1129784,475.0,Retail,Haiti,Fontamara(Centre-Ville),8.0,monthly,442.0,B1346,Haiti_R2,G0262,141.67,0.0419
798058,5425.0,Services,United States,New Jersey,24.0,monthly,131.0,B1347,United States_R0,G0101,1405.96,0.047233333333333336
873414,2325.0,Agriculture,Indonesia,Baturiti_Tabanan_Bali,8.0,irregular,82.0,B1348,Indonesia_R1,G0238,614.49,0.0493
1195783,600.0,Retail,Ecuador,Tulcán,12.0,monthly,188.0,B1349,Ecuador_R3,G0285,113.11,0.0416
961798,300.0,Personal Use,Haiti,Les Anglais,73.0,monthly,260.0,B1350,Haiti_R0,G0040,97.89,0.040131506849315074
940398,350.0,Food,Philippines,"Sibulan, Negros Oriental",14.0,irregular,145.0,B1351,Philippines_R0,G0218,90.43,0.0408
1060535,2250.0,Housing,Vietnam,Mai Sơn - Sơn La,14.0,irregular,363.0,B1352,Vietnam_R0,G0225,604.56,0.045142857142857144
701482,300.0,Food,El Salvador,El Transito,10.0,monthly,199.0,B1353,El Salvador_R2,G0202,92.55,0.040959999999999996
709636,250.0,Food,Philippines,"Narra, Palawan",8.0,irregular,145.0,B1354,Philippines_R0,G0298,33.06,0.041
821999,1100.0,Agriculture,El Salvador,San Miguel,14.0,bullet,199.0,B1355,El Salvador_R0,G0180,321.33,0.04251428571428571
920637,200.0,Food,India,Kandi,43.0,bullet,334.0,B1356,India_R3,G0083,21.71,0.040148837209302325
993694,750.0,Food,Uganda,Kamwenge,10.0,monthly,163.0,B1357,Uganda_R1,G0076,115.2,0.0424
1330781,550.0,Transportation,Tanzania,Geita - Lake Zone,14.0,monthly,87.0,B1358,Tanzania_R0,G0161,82.88,0.04125714285714285
871266,2375.0,Agriculture,Kyrgyzstan,Tash-Kumyr,26.0,monthly,171.0,B1359,Kyrgyzstan_R2,G0071,815.95,0.042923076923076925
666634,600.0,Agriculture,Cambodia,"Siem Reap Province, Srey Snom district",13.0,monthly,204.0,B1360,Cambodia_R3,G0101,184.18,0.04147692307692308
1176017,275.0,Housing,Mozambique,Namaacha,18.0,monthly,23.0,B1361,Mozambique_R0,G0156,71.6,0.040488888888888894
767915,4725.0,Education,Peru,Lima,60.0,bullet,358.0,B1362,Peru_R3,G0133,1266.85,0.04252
1039649,150.0,Retail,Uganda,Hoima,7.0,irregular,163.0,B1363,Uganda_R3,G0323,32.79,0.04068571428571428
1274676,300.0,Agriculture,Kenya,Maua,14.0,irregular,386.0,B1364,Kenya_R0,G0046,100.24,0.04068571428571428
830233,175.0,Agriculture,Kenya,Limuru,14.0,monthly,388.0,B1365,Kenya_R2,G0253,34.8,0.040400000000000005
1250847,400.0,Arts,Samoa,PUAPUA,14.0,irregular,15.0,B1366,Samoa_R3,G0163,65.66,0.040914285714285716
1178913,250.0,Retail,Kenya,Changamwe,13.0,irregular,164.0,B1367,Kenya_R0,G0313,24.73,0.040615384615384616
895406,650.0,Food,Tajikistan,Kanibadam,20.0,monthly,100.0,B1368,Tajikistan_R1,G0114,185.81,0.04104
1185178,325.0,Food,Philippines,"Palo, Leyte",8.0,irregular,145.0,B1369,Philippines_R0,G0323,87.86,0.0413
910651,4225.0,Education,Tajikistan,Dushanbe,39.0,monthly,100.0,B1370,Tajikistan_R2,G0017,698.42,0.04346666666666667
1117199,850.0,Health,Mexico,Monterrey,20.0,monthly,357.0,B1371,Mexico_R0,G0298,48.92,0.04136
1234930,125.0,Personal Use,Cambodia,Kandal,8.0,monthly,311.0,B1372,Cambodia_R2,G0284,37.71,0.0405
674982,175.0,Food,Kenya,Tiribe,14.0,irregular,164.0,B1373,Kenya_R2,G0250,9.35,0.040400000000000005
956167,4525.0,Clothing,Bolivia,La Paz / El Alto,12.0,monthly,59.0,B1374,Bolivia_R1,G0172,1181.52,0.052066666666666664
1000977,350.0,Food,Tanzania,Dar es Salaam,6.0,irregular,87.0,B1375,Tanzania_R3,G0199,119.38,0.04186666666666666
748077,2700.0,Food,Kosovo,,14.0,monthly,240.0,B1376,Kosovo_R0,G0208,489.51,0.04617142857142857
1192474,1025.0,Retail,Philippines,"Narra, Palawan",11.0,irregular,145.0,B1377,Philippines_R0,G0255,123.5,0.042981818181818184
698529,300.0,Food,Sierra Leone,Moriba town Bo,11.0,irregular,183.0,B1378,Sierra Leone_R3,G0061,78.44,0.04087272727272727
804275,2500.0,Retail,Lebanon,Nabatieh,21.0,monthly,77.0,B1379,Lebanon_R1,G0091,737.85,0.04380952380952381
1171301,225.0,Agriculture,Philippines,"Hinigaran, Negros Occidental",8.0,irregular,145.0,B1380,Philippines_R1,G0228,48.13,0.040900000000000006
1264444,500.0,Retail,Timor-Leste,Uatucarbau,15.0,monthly,243.0,B1381,Timor-Leste_R0,G0048,170.06,0.04106666666666667
668384,250.0,Services,Kenya,Kisumu,8.0,monthly,138.0,B1382,Kenya_R2,G0296,16.38,0.041
1132084,600.0,Agriculture,Ecuador,San Gabriel,12.0,monthly,188.0,B1383,Ecuador_R1,G0099,120.86,0.0416
716833,425.0,Services,Senegal,,25.0,monthly,108.0,B1384,Senegal_R0,G0033,112.85,0.040544
684046,400.0,Housing,El Salvador,,14.0,monthly,81.0,B1385,El Salvador_R0,G0081,123.52,0.040914285714285716
1304777,650.0,Food,Honduras,San Lorenzo,15.0,monthly,118.0,B1386,Honduras_R2,G0107,67.45,0.04138666666666667
1117117,3600.0,Services,Peru,CUSCO,8.0,monthly,119.0,B1387,Peru_R1,G0129,1044.0,0.054400000000000004
1054582,350.0,Food,Colombia,Medellín,14.0,bullet,177.0,B1388,Colombia_R2,G0270,75.53,0.0408
740328,2000.0,Education,Lebanon,Saida,14.0,monthly,77.0,B1389,Lebanon_R0,G0084,337.93,0.04457142857142857
1106319,625.0,Personal Use,Yemen,hodeidah,12.0,monthly,205.0,B1390,Yemen_R3,G0323,55.95,0.04166666666666667
812387,500.0,Agriculture,Tajikistan,Shahrituz,14.0,monthly,63.0,B1391,Tajikistan_R0,G0071,154.79,0.04114285714285715
863528,225.0,Health,Tajikistan,Panjakent,14.0,monthly,100.0,B1392,Tajikistan_R0,G0208,21.87,0.04051428571428571
1276127,225.0,Retail,Philippines,"Himamaylan, Negros Occidental",8.0,irregular,145.0,B1393,Philippines_R2,G0138,32.16,0.040900000000000006
1199445,500.0,Manufacturing,Zimbabwe,Shurugwi,13.0,monthly,305.0,B1394,Zimbabwe_R2,G0041,68.51,0.04123076923076923
889929,1025.0,Health,Uganda,Kasese,24.0,irregular,329.0,B1395,Uganda_R1,G0011,319.21,0.04136666666666666
1033997,325.0,Retail,Philippines,"Sindangan - Calatunan, Sindangan, Zambo.Del Norte",13.0,irregular,126.0,B1396,Philippines_R2,G0333,81.84,0.0408
1091790,2550.0,Clothing,Paraguay,Ita,6.0,irregular,58.0,B1397,Paraguay_R3,G0295,736.96,0.05360000000000001
792932,250.0,Clothing,Philippines,"Dulag, Leyte",14.0,irregular,125.0,B1398,Philippines_R0,G0271,31.29,0.04057142857142857
1014825,250.0,Retail,Colombia,Medellín,15.0,bullet,177.0,B1399,Colombia_R2,G0219,59.37,0.04053333333333334
1204732,5300.0,Food,Vietnam,Thanh Hoá,17.0,monthly,121.0,B1400,Vietnam_R2,G0297,1174.08,0.04997647058823529
1137445,600.0,Retail,Kenya,Eldoret,14.0,irregular,386.0,B1401,Kenya_R2,G0228,179.91,0.04137142857142857
832306,2525.0,Agriculture,Kyrgyzstan,Kazarman village,14.0,monthly,171.0,B1402,Kyrgyzstan_R0,G0127,812.61,0.045771428571428574
1208957,8250.0,Clothing,The Democratic Republic of the Congo,"Goma, North Kivu province",8.0,monthly,160.0,B1403,The Democratic Republic of the Congo_R3,G0151,442.59,0.07300000000000001
1283721,500.0,Agriculture,Kenya,Kimilili,9.0,bullet,202.0,B1404,Kenya_R0,G0220,126.1,0.041777777777777775
741046,475.0,Food,Pakistan,Pakpatan,14.0,monthly,245.0,B1405,Pakistan_R1,G0116,31.14,0.04108571428571429
976697,400.0,Retail,Philippines,"Cordova, Cebu",13.0,irregular,145.0,B1406,Philippines_R1,G0151,85.86,0.04098461538461538
813799,600.0,Personal Use,Tajikistan,Vakhsh,14.0,monthly,63.0,B1407,Tajikistan_R1,G0070,81.77,0.04137142857142857
948258,875.0,Food,Tanzania,Dar es Salaam,7.0,irregular,87.0,B1408,Tanzania_R3,G0297,124.28,0.044
812086,200.0,Housing,Philippines,Dipolog-Dapitan City,8.0,irregular,126.0,B1409,Philippines_R0,G0293,31.18,0.0408
1033430,425.0,Agriculture,Philippines,"Siaton, Negros Oriental",13.0,irregular,145.0,B1410,Philippines_R2,G0292,100.46,0.04104615384615384
876065,625.0,Education,Paraguay,Ybycuí,15.0,monthly,58.0,B1411,Paraguay_R3,G0321,93.88,0.04133333333333333
757495,525.0,Food,El Salvador,Ciudad El Triunfo,7.0,bullet,199.0,B1412,El Salvador_R1,G0060,141.65,0.0424
730780,1075.0,Construction,Colombia,,27.0,monthly,177.0,B1413,Colombia_R0,G0320,184.21,0.041274074074074074
857675,275.0,Food,Kenya,Kisii,12.0,monthly,133.0,B1414,Kenya_R1,G0051,19.39,0.04073333333333333
1132995,200.0,Agriculture,Philippines,"Banga, Aklan",8.0,irregular,145.0,B1415,Philippines_R2,G0273,57.03,0.0408
1131199,350.0,Agriculture,Philippines,"Mabinay, Negros Oriental",8.0,irregular,145.0,B1416,Philippines_R3,G0259,47.5,0.041400000000000006
1103966,450.0,Food,Philippines,"Binalbagan, Negros Occidental",8.0,irregular,145.0,B1417,Philippines_R3,G0147,80.92,0.041800000000000004
1005331,75.0,Personal Use,Nigeria,Kaduna,14.0,bullet,288.0,B1418,Nigeria_R2,G0174,19.17,0.04017142857142857
1214239,350.0,Arts,Pakistan,Multan,15.0,monthly,247.0,B1419,Pakistan_R3,G0018,52.41,0.04074666666666667
1011312,325.0,Agriculture,Colombia,Los Palmitos,14.0,bullet,177.0,B1420,Colombia_R3,G0203,21.77,0.04074285714285714
1060202,850.0,Services,Colombia,Itagui,27.0,bullet,177.0,B1421,Colombia_R2,G0134,137.85,0.04100740740740741
806675,875.0,Agriculture,Kenya,Butere,11.0,bullet,202.0,B1422,Kenya_R2,G0105,291.67,0.042545454545454546
703760,5800.0,Retail,Congo,Brazzaville,5.0,irregular,165.0,B1423,Congo_R2,G0043,1406.62,0.07712000000000001
1145566,525.0,Agriculture,Philippines,"Manapla, Negros Occidental",8.0,irregular,145.0,B1424,Philippines_R2,G0223,132.01,0.0421
667722,250.0,Food,Kenya,Samburu,13.0,irregular,164.0,B1425,Kenya_R2,G0058,59.92,0.040615384615384616
966909,175.0,Education,Philippines,"San Carlos, Negros Occidental",8.0,irregular,145.0,B1426,Philippines_R2,G0290,19.2,0.0407
1141622,125.0,Personal Use,Cambodia,Siem Reap,8.0,monthly,311.0,B1427,Cambodia_R2,G0140,21.94,0.0405
1130439,350.0,Retail,Philippines,"Oroquieta-Tipan, Oroquieta City, Mis. Occ",10.0,monthly,126.0,B1428,Philippines_R2,G0145,96.35,0.041120000000000004
762063,500.0,Clothing,El Salvador,Osicala,15.0,monthly,199.0,B1429,El Salvador_R0,G0151,40.21,0.04106666666666667
663667,2325.0,Food,Bolivia,La Paz  / El Alto,12.0,monthly,59.0,B1430,Bolivia_R0,G0303,310.05,0.046200000000000005
704535,375.0,Retail,Philippines,"Sampaloc, Cabatuan, Isabela",8.0,irregular,123.0,B1431,Philippines_R0,G0066,49.84,0.0415
1024610,475.0,Agriculture,Kenya,Kenyenya,14.0,monthly,156.0,B1432,Kenya_R1,G0075,85.31,0.04108571428571429
1254305,200.0,Agriculture,Philippines,"DAPACAN BAJO, CALAMBA, MISAMIS OCCIDENTAL",8.0,irregular,136.0,B1433,Philippines_R3,G0049,68.82,0.0408
780217,1150.0,Agriculture,Nicaragua,Managua,15.0,monthly,98.0,B1434,Nicaragua_R2,G0296,80.79,0.04245333333333333
875807,1450.0,Agriculture,Bolivia,Cochabamba,20.0,irregular,140.0,B1435,Bolivia_R2,G0074,298.13,0.042319999999999997
1213665,400.0,Clothing,Ecuador,Tulcán,13.0,monthly,188.0,B1436,Ecuador_R3,G0181,41.52,0.04098461538461538
865100,725.0,Agriculture,Kenya,Kakamega North,10.0,bullet,202.0,B1437,Kenya_R0,G0331,247.37,0.042319999999999997
931044,425.0,Agriculture,Philippines,"Tanjay, Negros Oriental",13.0,irregular,145.0,B1438,Philippines_R2,G0281,35.7,0.04104615384615384
816875,2925.0,Food,Bolivia,Santa Cruz,8.0,irregular,110.0,B1439,Bolivia_R2,G0289,500.41,0.051699999999999996
1021827,225.0,Retail,Philippines,"Clarin, Misamis Occidental",8.0,monthly,136.0,B1440,Philippines_R2,G0064,61.06,0.040900000000000006
930693,1550.0,Agriculture,El Salvador,Osicala,27.0,irregular,199.0,B1441,El Salvador_R0,G0130,405.12,0.041837037037037034
1289685,450.0,Housing,Vietnam,"Quang Trach, Quang Binh",26.0,monthly,394.0,B1442,Vietnam_R1,G0102,79.57,0.040553846153846156
697407,800.0,Agriculture,Philippines,"Bayabo East, Tumauini, Isabela",8.0,bullet,123.0,B1443,Philippines_R2,G0276,123.17,0.0432
657434,625.0,Agriculture,Cambodia,"Battambang province, Sangke district",14.0,monthly,204.0,B1444,Cambodia_R2,G0230,105.8,0.041428571428571426
857095,2025.0,Agriculture,Cambodia,"Kampong Cham province, Ou Reang Ov district",14.0,monthly,204.0,B1445,Cambodia_R3,G0276,261.8,0.044628571428571434
862317,1675.0,Agriculture,Burkina Faso,BOGODOGO,8.0,bullet,187.0,B1446,Burkina Faso_R0,G0225,186.93,0.046700000000000005
1048475,175.0,Food,Colombia,Sopetran,14.0,bullet,177.0,B1447,Colombia_R1,G0215,34.11,0.040400000000000005
1173505,175.0,Food,Haiti,Delmas,7.0,monthly,442.0,B1448,Haiti_R0,G0173,22.85,0.0408
1094578,675.0,Housing,India,"Jharsuguda, Odisha",43.0,bullet,241.0,B1449,India_R0,G0065,91.96,0.040502325581395354
1065574,200.0,Agriculture,Kenya,Thika,14.0,monthly,388.0,B1450,Kenya_R1,G0008,49.41,0.04045714285714286
1110598,2350.0,Retail,Ecuador,Portoviejo,8.0,irregular,137.0,B1451,Ecuador_R0,G0322,800.32,0.0494
747827,950.0,Clothing,Costa Rica,"El Ceibo, San Vito, Coto Brus",38.0,irregular,150.0,B1452,Costa Rica_R3,G0197,219.54,0.0408
731180,500.0,Food,El Salvador,La Unión,8.0,monthly,199.0,B1453,El Salvador_R2,G0011,36.55,0.041999999999999996
978595,600.0,Agriculture,Honduras,"Morazan, Yoro",11.0,bullet,201.0,B1454,Honduras_R2,G0081,43.61,0.041745454545454544
1064099,325.0,Food,Philippines,"Narra, Palawan",8.0,irregular,145.0,B1455,Philippines_R0,G0097,109.01,0.0413
1257952,775.0,Food,Ghana,"Teshie, Accra",7.0,irregular,231.0,B1456,Ghana_R0,G0086,107.87,0.04354285714285715
1209081,850.0,Agriculture,Armenia,Gegharkunik region,20.0,monthly,146.0,B1457,Armenia_R2,G0159,65.98,0.04136
835420,400.0,Food,Philippines,"La Castellana, Negros Occidental",11.0,irregular,145.0,B1458,Philippines_R3,G0096,91.89,0.04116363636363636
1280394,900.0,Education,Vietnam,02 Hoằng Phụ,17.0,monthly,121.0,B1459,Vietnam_R1,G0336,213.39,0.041694117647058826
1108222,200.0,Agriculture,El Salvador,Anamoros,12.0,bullet,199.0,B1460,El Salvador_R1,G0064,48.91,0.04053333333333334
1324752,2100.0,Clothing,Ghana,"Teshie, Accra",10.0,irregular,231.0,B1461,Ghana_R0,G0103,273.46,0.04672
1214930,825.0,Agriculture,Kenya,Teso,11.0,bullet,202.0,B1462,Kenya_R1,G0288,44.99,0.0424
723632,2900.0,Agriculture,Vietnam,Thanh Hoá,14.0,monthly,121.0,B1463,Vietnam_R2,G0197,984.56,0.04662857142857143
1211983,1500.0,Personal Use,Peru,,15.0,monthly,435.0,B1464,Peru_R0,G0028,187.9,0.0432
1220834,3000.0,Agriculture,Armenia,"Sverdlov village, Lori region",38.0,monthly,169.0,B1465,Armenia_R1,G0047,758.42,0.04252631578947369
928927,875.0,Agriculture,Colombia,Taraza,26.0,bullet,177.0,B1466,Colombia_R0,G0177,229.24,0.04107692307692308
1209504,500.0,Retail,Kenya,Kericho,14.0,monthly,138.0,B1467,Kenya_R2,G0239,116.5,0.04114285714285715
932755,325.0,Retail,Philippines,"Tudela - Tudela ,Misamis Occidental",12.0,monthly,126.0,B1468,Philippines_R3,G0157,46.76,0.04086666666666667
964737,250.0,Agriculture,Cambodia,"Battambang province, Sangke district",14.0,monthly,204.0,B1469,Cambodia_R2,G0223,32.83,0.04057142857142857
781495,600.0,Food,El Salvador,San Miguel,14.0,monthly,199.0,B1470,El Salvador_R0,G0215,137.58,0.04137142857142857
1199451,900.0,Retail,Peru,CUSCO,6.0,irregular,119.0,B1471,Peru_R1,G0080,278.85,0.0448
1041887,100.0,Agriculture,Mali,Bafaga,5.0,bullet,302.0,B1472,Mali_R0,G0035,33.4,0.04064
756458,925.0,Transportation,Uganda,Kyenjojo,14.0,monthly,163.0,B1473,Uganda_R2,G0009,75.64,0.042114285714285715
851692,150.0,Food,Uganda,Kampala,5.0,irregular,112.0,B1474,Uganda_R2,G0013,14.47,0.040959999999999996
1324707,150.0,Agriculture,Kenya,Kitale,14.0,monthly,156.0,B1475,Kenya_R3,G0131,50.01,0.04034285714285714
973252,225.0,Agriculture,Philippines,"Barili, Cebu",10.0,irregular,145.0,B1476,Philippines_R2,G0097,60.97,0.04072
1317500,325.0,Food,Philippines,"Concepcion, Iloilo",9.0,irregular,125.0,B1477,Philippines_R2,G0149,102.34,0.041155555555555556
713317,250.0,Transportation,Philippines,"Pan-ay, Capiz",8.0,irregular,145.0,B1478,Philippines_R0,G0322,27.7,0.041
1192892,325.0,Retail,Philippines,"Plaridel - Balanlinao, Misamis Occidental",10.0,irregular,126.0,B1479,Philippines_R3,G0296,73.54,0.04104
1262953,225.0,Agriculture,Egypt,Baniswef,14.0,monthly,440.0,B1480,Egypt_R2,G0113,58.58,0.04051428571428571
733815,375.0,Arts,Peru,Ccorao - San Sebastian - Cusco - Cusco,8.0,monthly,119.0,B1481,Peru_R2,G0085,95.26,0.0415
1175052,400.0,Agriculture,Philippines,"Manapla, Negros Occidental",8.0,irregular,145.0,B1482,Philippines_R2,G0333,68.98,0.0416
789382,300.0,Retail,Philippines,"Minglanilla, Cebu",7.0,irregular,145.0,B1483,Philippines_R0,G0013,16.39,0.04137142857142857
663609,1200.0,Agriculture,El Salvador,Usulután,14.0,bullet,199.0,B1484,El Salvador_R2,G0305,269.85,0.04274285714285714
1131165,600.0,Services,Kenya,Mombasa,11.0,monthly,138.0,B1485,Kenya_R0,G0318,75.56,0.041745454545454544
1070958,225.0,Services,Philippines,"Silay, Negros Occidental",11.0,irregular,145.0,B1486,Philippines_R1,G0210,41.64,0.04065454545454546
1137857,300.0,Food,Kenya,nyeri,8.0,monthly,138.0,B1487,Kenya_R2,G0011,101.18,0.0412
1133207,1275.0,Health,Tajikistan,Kanibadam,26.0,monthly,100.0,B1488,Tajikistan_R1,G0201,216.38,0.041569230769230775
697584,1100.0,Agriculture,Kenya,Nairobi West,14.0,monthly,138.0,B1489,Kenya_R2,G0229,332.13,0.04251428571428571
1065951,575.0,Arts,Samoa,Vailoa Tai,14.0,irregular,15.0,B1490,Samoa_R0,G0210,61.27,0.04131428571428572
673308,425.0,Retail,Philippines,"Hinobaan, Negros Occidental",10.0,irregular,145.0,B1491,Philippines_R1,G0047,106.99,0.04136
1286595,400.0,Agriculture,Kenya,Eldoret,14.0,monthly,156.0,B1492,Kenya_R2,G0137,137.24,0.040914285714285716
862059,675.0,Food,Uganda,Hoima,12.0,monthly,163.0,B1493,Uganda_R3,G0075,54.38,0.041800000000000004
1271965,100.0,Personal Use,Cambodia,Prey Veng,8.0,monthly,311.0,B1494,Cambodia_R1,G0204,5.25,0.040400000000000005
1298581,325.0,Housing,India,Balasore,14.0,monthly,428.0,B1495,India_R1,G0313,58.52,0.04074285714285714
1317831,300.0,Agriculture,Kenya,Nkubu,14.0,monthly,156.0,B1496,Kenya_R2,G0298,23.34,0.04068571428571428
1183619,325.0,Services,Tajikistan,Shahrituz,26.0,monthly,63.0,B1497,Tajikistan_R0,G0039,89.22,0.040400000000000005
1321575,1050.0,Education,Uganda,Jinja,23.0,irregular,329.0,B1498,Uganda_R3,G0154,340.58,0.04146086956521739
820792,450.0,Retail,Pakistan,Sialkot,14.0,monthly,245.0,B1499,Pakistan_R0,G0328,81.09,0.04102857142857143
897763,450.0,Retail,Philippines,"Quezon, Palawan",8.0,irregular,145.0,B1500,Philippines_R0,G0320,57.43,0.041800000000000004
1094794,200.0,Agriculture,Nigeria,Kaduna,19.0,bullet,288.0,B1501,Nigeria_R2,G0118,36.06,0.04033684210526316
685345,575.0,Transportation,Pakistan,Lahore,14.0,monthly,245.0,B1502,Pakistan_R0,G0016,153.54,0.04131428571428572
686240,2850.0,Arts,Thailand,Chiang Mai,14.0,bullet,225.0,B1503,Thailand_R2,G0175,150.24,0.046514285714285716
851460,250.0,Housing,Philippines,"Oroquieta-Upper Langcangan, Oroquieta City",8.0,irregular,126.0,B1504,Philippines_R0,G0268,56.71,0.041
764803,350.0,Food,Philippines,"Oroquieta-Burgos, Aloran",10.0,monthly,126.0,B1505,Philippines_R1,G0146,81.9,0.041120000000000004
1260856,450.0,Retail,Philippines,Roxas Palawan,8.0,irregular,145.0,B1506,Philippines_R1,G0196,108.59,0.041800000000000004
1206666,800.0,Agriculture,Kenya,Webuye,11.0,bullet,202.0,B1507,Kenya_R0,G0186,98.09,0.04232727272727273
829136,2925.0,Retail,India,"Bhadrak, Odisha",43.0,bullet,241.0,B1508,India_R1,G0325,772.83,0.042176744186046514
1322201,600.0,Food,Samoa,Vaiusu,14.0,irregular,15.0,B1509,Samoa_R1,G0121,46.45,0.04137142857142857
833709,425.0,Services,Colombia,Medellín,15.0,bullet,177.0,B1510,Colombia_R2,G0059,46.66,0.04090666666666667
1203059,1075.0,Food,Ecuador,Rocafuerte,7.0,monthly,137.0,B1511,Ecuador_R1,G0074,336.73,0.04491428571428571
1277861,775.0,Food,Peru,Urubamba - Urubamba - Cusco,6.0,irregular,119.0,B1512,Peru_R1,G0010,210.5,0.04413333333333333
930417,4250.0,Food,Rwanda,,6.0,irregular,161.0,B1513,Rwanda_R0,G0311,230.03,0.06266666666666666
964890,2500.0,Services,Palestine,Nablus,39.0,monthly,80.0,B1514,Palestine_R2,G0193,311.28,0.04205128205128206
1063641,475.0,Agriculture,Philippines,"Bais, Negros Oriental",10.0,irregular,145.0,B1515,Philippines_R0,G0332,54.3,0.04152
957443,225.0,Food,Philippines,"Catigbian, Bohol",10.0,irregular,125.0,B1516,Philippines_R3,G0150,29.53,0.04072
1247375,1825.0,Services,Costa Rica,Alajuela,38.0,monthly,127.0,B1517,Costa Rica_R0,G0198,226.79,0.041536842105263164
1327497,550.0,Agriculture,Moldova,Ungheni,21.0,monthly,454.0,B1518,Moldova_R2,G0056,37.82,0.04083809523809524
1221642,500.0,Services,Kenya,Bungoma,14.0,irregular,386.0,B1519,Kenya_R2,G0234,93.84,0.04114285714285715
948828,300.0,Education,Jordan,Ramtha,15.0,monthly,185.0,B1520,Jordan_R3,G0294,80.95,0.04064
700037,375.0,Food,Peru,Huaro - Quispicanchis - Cusco,8.0,monthly,119.0,B1521,Peru_R2,G0189,87.01,0.0415
1108689,425.0,Food,Philippines,"Naic, Cavite",7.0,irregular,389.0,B1522,Philippines_R3,G0312,107.04,0.04194285714285714
1099151,450.0,Services,India,"Nayagarh, Odisha",43.0,bullet,241.0,B1523,India_R1,G0210,33.46,0.040334883720930234
810215,225.0,Agriculture,Philippines,"Compostela, Cebu",8.0,irregular,145.0,B1524,Philippines_R2,G0210,75.48,0.040900000000000006
1260355,875.0,Services,Colombia,Bello,20.0,bullet,177.0,B1525,Colombia_R3,G0209,263.85,0.041400000000000006
1185423,1000.0,Retail,Senegal,,14.0,monthly,105.0,B1526,Senegal_R0,G0166,291.53,0.04228571428571429
1188718,375.0,Food,Philippines,Roxas Palawan,8.0,irregular,145.0,B1527,Philippines_R1,G0273,111.34,0.0415
1102659,2450.0,Health,Nicaragua,Chinandega,38.0,monthly,176.0,B1528,Nicaragua_R2,G0326,808.04,0.042063157894736844
1145036,250.0,Services,Rwanda,Rulindo,37.0,irregular,271.0,B1529,Rwanda_R3,G0298,53.32,0.04021621621621622
787671,1000.0,Retail,El Salvador,,14.0,monthly,81.0,B1530,El Salvador_R0,G0066,110.08,0.04228571428571429
677117,500.0,Retail,El Salvador,,11.0,monthly,81.0,B1531,El Salvador_R0,G0213,117.52,0.04145454545454545
724161,300.0,Agriculture,El Salvador,,9.0,bullet,167.0,B1532,El Salvador_R0,G0008,81.86,0.04106666666666667
1243226,225.0,Retail,Liberia,Congo Town,11.0,irregular,182.0,B1533,Liberia_R1,G0293,61.06,0.04065454545454546
774428,350.0,Transportation,Philippines,"Mialen, Clarin, Misamis Occidental",10.0,monthly,136.0,B1534,Philippines_R3,G0286,72.25,0.041120000000000004
867758,950.0,Agriculture,Costa Rica,"Concepción, Pilas, Buenos Aires",26.0,irregular,150.0,B1535,Costa Rica_R2,G0267,67.01,0.04116923076923077
657466,200.0,Retail,Pakistan,Lahore,11.0,irregular,247.0,B1536,Pakistan_R0,G0077,32.27,0.040581818181818184
983766,75.0,Agriculture,Ghana,Asuom,10.0,irregular,449.0,B1537,Ghana_R3,G0045,24.47,0.04024
1255497,850.0,Services,Paraguay,Paraguari,14.0,monthly,58.0,B1538,Paraguay_R0,G0115,191.53,0.04194285714285714
1118643,550.0,Housing,Indonesia,Tangerang,37.0,irregular,406.0,B1539,Indonesia_R0,G0267,116.32,0.04047567567567568
879239,1425.0,Education,Jordan,Tafila,23.0,monthly,185.0,B1540,Jordan_R2,G0192,186.18,0.04198260869565218
925553,500.0,Agriculture,Azerbaijan,Agdas,20.0,monthly,56.0,B1541,Azerbaijan_R0,G0041,80.27,0.0408
1040080,300.0,Food,Philippines,"Kabankalan, Negros Occidental",8.0,irregular,145.0,B1542,Philippines_R3,G0224,95.58,0.0412
1009237,325.0,Retail,Philippines,"Mayorga,Leyte",12.0,irregular,125.0,B1543,Philippines_R0,G0063,81.23,0.04086666666666667
1234481,500.0,Retail,Pakistan,Gujrat,14.0,monthly,455.0,B1544,Pakistan_R2,G0023,143.11,0.04114285714285715
1188619,125.0,Retail,Philippines,"Palo, Leyte",11.0,irregular,145.0,B1545,Philippines_R0,G0247,23.29,0.040363636363636365
1074741,850.0,Food,Peru,Huaycan,6.0,irregular,93.0,B1546,Peru_R0,G0021,203.21,0.044533333333333334
1179927,325.0,Agriculture,Philippines,"Dalaguete, Cebu",8.0,irregular,145.0,B1547,Philippines_R2,G0190,40.47,0.0413
802275,75.0,Agriculture,Nigeria,Kaduna,14.0,bullet,288.0,B1548,Nigeria_R2,G0163,19.62,0.04017142857142857
845520,250.0,Retail,Philippines,"Sampaloc, Cabatuan, Isabela",8.0,irregular,123.0,B1549,Philippines_R0,G0087,44.57,0.041
863540,1075.0,Education,Paraguay,Luque,15.0,monthly,58.0,B1550,Paraguay_R2,G0054,196.47,0.042293333333333336
1146527,4925.0,Retail,Bolivia,La Paz  / El Alto,10.0,monthly,59.0,B1551,Bolivia_R0,G0034,1205.62,0.055760000000000004
1053440,675.0,Agriculture,Kenya,Teso,9.0,bullet,202.0,B1552,Kenya_R1,G0254,223.35,0.0424
742001,250.0,Agriculture,Philippines,"Bais, Negros Oriental",11.0,irregular,145.0,B1553,Philippines_R0,G0112,17.3,0.04072727272727272
830450,300.0,Retail,Philippines,"Tacloban City, Leyte",8.0,irregular,145.0,B1554,Philippines_R3,G0100,89.23,0.0412
1198703,500.0,Agriculture,Zimbabwe,Shurugwi,13.0,monthly,305.0,B1555,Zimbabwe_R2,G0013,68.86,0.04123076923076923
1236642,450.0,Services,Philippines,"Bogo, Cebu",8.0,irregular,145.0,B1556,Philippines_R3,G0014,82.43,0.041800000000000004
822709,400.0,Education,Nigeria,Kaduna,14.0,bullet,288.0,B1557,Nigeria_R2,G0253,22.63,0.040914285714285716
678151,125.0,Food,Sierra Leone,Wara Wara town,11.0,irregular,183.0,B1558,Sierra Leone_R1,G0073,17.54,0.040363636363636365
655949,375.0,Retail,Peru,Nazca,14.0,monthly,139.0,B1559,Peru_R1,G0120,75.3,0.040857142857142856
806094,375.0,Retail,Turkey,,13.0,irregular,198.0,B1560,Turkey_R0,G0107,25.07,0.04092307692307692
1049005,350.0,Retail,Philippines,"Catbalogan, Samar",11.0,irregular,145.0,B1561,Philippines_R1,G0261,69.07,0.041018181818181815
1306141,225.0,Personal Use,Cambodia,Preah Sihanouk,8.0,monthly,311.0,B1562,Cambodia_R0,G0045,73.83,0.040900000000000006
1274074,1275.0,Transportation,Georgia,Tbilisi,26.0,monthly,181.0,B1563,Georgia_R2,G0063,104.06,0.041569230769230775
1091388,200.0,Personal Use,Cambodia,Kampot,8.0,monthly,311.0,B1564,Cambodia_R2,G0105,55.87,0.0408
921587,3375.0,Agriculture,Peru,Vilcabamba-La Convencion,8.0,monthly,119.0,B1565,Peru_R0,G0082,583.54,0.053500000000000006
1139774,225.0,Food,Philippines,"Bindoy, Negros Oriental",7.0,irregular,145.0,B1566,Philippines_R1,G0024,55.47,0.04102857142857143
1232559,500.0,Agriculture,Kenya,Webuye,11.0,bullet,202.0,B1567,Kenya_R0,G0054,64.04,0.04145454545454545
1226526,225.0,Agriculture,Philippines,"Pagadian City, Zamboanga del Sur",8.0,irregular,126.0,B1568,Philippines_R1,G0007,22.02,0.040900000000000006
834408,125.0,Agriculture,Philippines,"Annabuculan, Amulung, Cagayan",8.0,irregular,123.0,B1569,Philippines_R3,G0252,12.27,0.0405
857931,175.0,Services,Philippines,"Roxas City, Capiz",8.0,irregular,145.0,B1570,Philippines_R0,G0308,12.45,0.0407
661870,275.0,Retail,Philippines,"Bogo, Cebu",13.0,irregular,145.0,B1571,Philippines_R3,G0231,29.07,0.04067692307692308
965992,1425.0,Retail,Ghana,Dome Kwabenya Accra,37.0,irregular,384.0,B1572,Ghana_R3,G0090,355.2,0.041232432432432436
795011,175.0,Clothing,Peru,Lima,5.0,irregular,139.0,B1573,Peru_R3,G0054,55.04,0.041120000000000004
736716,450.0,Food,Samoa,Elise Fou,14.0,irregular,15.0,B1574,Samoa_R0,G0138,132.41,0.04102857142857143
1058976,325.0,Agriculture,Philippines,"Maasin City, Leyte",10.0,irregular,145.0,B1575,Philippines_R3,G0237,83.05,0.04104
1169815,250.0,Manufacturing,Pakistan,Lahore,11.0,irregular,247.0,B1576,Pakistan_R0,G0179,20.78,0.04072727272727272
1172748,1250.0,Housing,Guatemala,Suchitepéquez,14.0,monthly,246.0,B1577,Guatemala_R2,G0305,170.95,0.04285714285714286
660606,1500.0,Housing,El Salvador,Gotera,26.0,monthly,199.0,B1578,El Salvador_R0,G0124,214.41,0.04184615384615385
1133499,225.0,Retail,Philippines,"Ilog, Negros Occidental",11.0,irregular,145.0,B1579,Philippines_R3,G0319,28.12,0.04065454545454546
745421,150.0,Agriculture,Nigeria,Kaduna,18.0,bullet,288.0,B1580,Nigeria_R2,G0201,30.68,0.040266666666666666
901897,250.0,Agriculture,India,Falakata,43.0,bullet,334.0,B1581,India_R0,G0216,52.67,0.04018604651162791
1117966,1100.0,Agriculture,Cambodia,Svay Reang Province,14.0,monthly,9.0,B1582,Cambodia_R0,G0185,172.77,0.04251428571428571
1203747,250.0,Services,Rwanda,Ruhango,38.0,irregular,271.0,B1583,Rwanda_R2,G0121,39.03,0.040210526315789474
1091483,200.0,Food,Kenya,Kisauni,14.0,irregular,164.0,B1584,Kenya_R0,G0329,59.71,0.04045714285714286
1287387,175.0,Personal Use,Cambodia,Siem Reap,8.0,monthly,311.0,B1585,Cambodia_R2,G0321,50.19,0.0407
1001458,400.0,Retail,Pakistan,Rawalpindi,14.0,monthly,247.0,B1586,Pakistan_R1,G0185,56.94,0.040914285714285716
877799,275.0,Transportation,Kenya,Kisii,12.0,monthly,133.0,B1587,Kenya_R1,G0103,89.14,0.04073333333333333
1279554,500.0,Agriculture,Pakistan,Muzaffargarh,14.0,monthly,247.0,B1588,Pakistan_R0,G0155,167.92,0.04114285714285715
770847,750.0,Education,Armenia,Yerevan,26.0,monthly,146.0,B1589,Armenia_R3,G0290,111.02,0.04092307692307692
1237421,225.0,Food,Philippines,"Estancia, Iloilo",8.0,irregular,145.0,B1590,Philippines_R1,G0326,35.17,0.040900000000000006
951401,175.0,Retail,Philippines,"Dumarao, Capiz",8.0,irregular,145.0,B1591,Philippines_R3,G0157,35.3,0.0407
908685,325.0,Retail,Philippines,"Narra, Palawan",8.0,irregular,145.0,B1592,Philippines_R0,G0063,108.01,0.0413
1222103,250.0,Services,Pakistan,Gujranwala,14.0,monthly,455.0,B1593,Pakistan_R3,G0049,78.22,0.04057142857142857
958834,1500.0,Housing,El Salvador,,38.0,monthly,81.0,B1594,El Salvador_R0,G0110,121.16,0.04126315789473684
1099982,250.0,Agriculture,Kenya,Makueni,14.0,monthly,133.0,B1595,Kenya_R0,G0280,41.95,0.04057142857142857
1164088,250.0,Food,Philippines,"Isabela, Negros Occidental",8.0,irregular,145.0,B1596,Philippines_R2,G0241,54.0,0.041
1041439,525.0,Food,Philippines,"Puerto Princesa South, Palawan",8.0,irregular,145.0,B1597,Philippines_R0,G0309,105.49,0.0421
1235221,1000.0,Food,The Democratic Republic of the Congo,IDJWI,10.0,monthly,402.0,B1598,The Democratic Republic of the Congo_R0,G0304,108.16,0.0432
974135,325.0,Food,Colombia,Bello,14.0,bullet,177.0,B1599,Colombia_R3,G0115,99.98,0.04074285714285714
683335,400.0,Food,Nicaragua,Boaco,11.0,monthly,176.0,B1600,Nicaragua_R2,G0059,101.23,0.04116363636363636
796302,150.0,Services,Philippines,"Villa Marzo Cordon, Isabela",8.0,irregular,123.0,B1601,Philippines_R2,G0204,45.21,0.0406
810857,1100.0,Education,Kyrgyzstan,Bishkek,80.0,irregular,326.0,B1602,Kyrgyzstan_R1,G0232,338.39,0.040440000000000004
1145120,225.0,Food,Philippines,"Estancia, Iloilo",7.0,irregular,145.0,B1603,Philippines_R1,G0274,61.76,0.04102857142857143
954264,325.0,Agriculture,Philippines,"Banga, Aklan",8.0,irregular,145.0,B1604,Philippines_R2,G0102,59.07,0.0413
1244510,300.0,Retail,Philippines,"Cadiz, Negros Occidental",8.0,irregular,145.0,B1605,Philippines_R1,G0020,69.95,0.0412
946080,600.0,Agriculture,Pakistan,Duniyanpur,14.0,monthly,245.0,B1606,Pakistan_R2,G0196,58.87,0.04137142857142857
1310900,225.0,Agriculture,Philippines,"Estancia, Iloilo",8.0,irregular,145.0,B1607,Philippines_R1,G0085,56.72,0.040900000000000006
799513,725.0,Housing,Vietnam,Thanh Hoá,20.0,monthly,121.0,B1608,Vietnam_R2,G0008,75.24,0.04116
731921,800.0,Agriculture,Colombia,Montería,21.0,monthly,177.0,B1609,Colombia_R0,G0006,206.55,0.04121904761904762
758373,675.0,Food,Philippines,"Puerto Princesa, Palawan",8.0,irregular,145.0,B1610,Philippines_R0,G0060,80.24,0.0427
1260451,800.0,Food,Solomon Islands,Honiara,11.0,irregular,411.0,B1611,Solomon Islands_R1,G0179,68.21,0.04232727272727273
1004966,225.0,Retail,Philippines,"Quezon, Palawan",8.0,irregular,145.0,B1612,Philippines_R0,G0050,22.41,0.040900000000000006
1066510,5000.0,Retail,Tanzania,Arusha,4.0,bullet,397.0,B1613,Tanzania_R1,G0221,252.99,0.08
1195978,500.0,Food,Kenya,Kakamega,8.0,irregular,386.0,B1614,Kenya_R1,G0084,132.81,0.041999999999999996
822427,350.0,Retail,Kenya,Eastlands,11.0,monthly,133.0,B1615,Kenya_R1,G0053,94.4,0.041018181818181815
758051,1250.0,Agriculture,Mali,Tamaro,10.0,bullet,78.0,B1616,Mali_R3,G0137,255.6,0.044
1068118,400.0,Agriculture,Nigeria,Kaduna,19.0,bullet,288.0,B1617,Nigeria_R2,G0094,39.36,0.04067368421052632
754925,600.0,Retail,Indonesia,Depok,14.0,bullet,219.0,B1618,Indonesia_R1,G0056,45.04,0.04137142857142857
832594,850.0,Agriculture,Peru,Pimpingos - Cutervo - Cajamarca,14.0,monthly,143.0,B1619,Peru_R2,G0129,47.38,0.04194285714285714
1144876,550.0,Retail,Philippines,tudela,14.0,monthly,126.0,B1620,Philippines_R3,G0195,54.85,0.04125714285714285
1198731,1000.0,Food,Ecuador,Tulcán,12.0,monthly,188.0,B1621,Ecuador_R3,G0010,317.26,0.04266666666666667
918937,1475.0,Agriculture,Armenia,Gegharkunik region,26.0,monthly,146.0,B1622,Armenia_R2,G0076,180.63,0.041815384615384615
1173613,600.0,Agriculture,Samoa,Leauvaa,14.0,irregular,15.0,B1623,Samoa_R0,G0012,93.77,0.04137142857142857
1173883,650.0,Housing,Tajikistan,Bohtar,20.0,monthly,63.0,B1624,Tajikistan_R3,G0046,53.04,0.04104
778873,300.0,Food,Colombia,Barranquilla,13.0,monthly,154.0,B1625,Colombia_R1,G0268,35.01,0.04073846153846154
1116951,300.0,Services,Pakistan,Gujranwala,14.0,monthly,455.0,B1626,Pakistan_R3,G0269,61.73,0.04068571428571428
966334,150.0,Retail,Kenya,Voi,14.0,monthly,133.0,B1627,Kenya_R3,G0223,34.85,0.04034285714285714
1183341,900.0,Services,Peru,CUSCO,6.0,irregular,119.0,B1628,Peru_R1,G0115,111.25,0.0448
1276339,375.0,Agriculture,Philippines,"Barili, Cebu",11.0,irregular,145.0,B1629,Philippines_R2,G0109,25.24,0.041090909090909095
1062532,200.0,Personal Use,Cambodia,Kompong Thom,8.0,monthly,311.0,B1630,Cambodia_R1,G0127,33.46,0.0408
1234419,1500.0,Retail,Palestine,Gaza City-Gaza Strip,39.0,monthly,80.0,B1631,Palestine_R1,G0294,180.39,0.04123076923076923
783126,425.0,Retail,Philippines,"Calatrava, Negros Occidental",13.0,irregular,145.0,B1632,Philippines_R3,G0222,49.24,0.04104615384615384
1045088,1500.0,Food,Ecuador,Tulcán,14.0,monthly,188.0,B1633,Ecuador_R3,G0286,506.94,0.04342857142857143
920128,150.0,Agriculture,Guatemala,Suchitepéquez,8.0,monthly,246.0,B1634,Guatemala_R2,G0281,35.23,0.0406
1183150,1675.0,Agriculture,Armenia,Artik town,30.0,monthly,169.0,B1635,Armenia_R3,G0117,363.58,0.041786666666666666
1026045,300.0,Retail,Colombia,Medellín,14.0,bullet,177.0,B1636,Colombia_R2,G0292,52.42,0.04068571428571428
1132866,450.0,Agriculture,Kyrgyzstan,"Tyup district, Issyk-Kul region",19.0,monthly,171.0,B1637,Kyrgyzstan_R0,G0103,80.41,0.040757894736842104
1228863,175.0,Personal Use,Cambodia,Kampot,8.0,monthly,311.0,B1638,Cambodia_R2,G0334,37.15,0.0407
766013,500.0,Retail,Zimbabwe,Gokwe South,8.0,irregular,305.0,B1639,Zimbabwe_R3,G0233,129.46,0.041999999999999996
874105,1575.0,Clothing,Guatemala,Solola,14.0,monthly,246.0,B1640,Guatemala_R0,G0027,410.51,0.0436
667491,125.0,Transportation,Philippines,"Brgy. Aurora, Quezon, Nueva Vizcaya",8.0,irregular,123.0,B1641,Philippines_R1,G0156,12.69,0.0405
798653,575.0,Services,Kenya,Limuru,8.0,monthly,388.0,B1642,Kenya_R2,G0211,115.02,0.042300000000000004
806334,400.0,Food,El Salvador,,14.0,monthly,167.0,B1643,El Salvador_R0,G0299,69.43,0.040914285714285716
731285,200.0,Personal Use,El Salvador,,14.0,monthly,81.0,B1644,El Salvador_R0,G0149,62.23,0.04045714285714286
822520,2000.0,Agriculture,Armenia,Norashen village,26.0,monthly,169.0,B1645,Armenia_R3,G0178,478.85,0.04246153846153847
751869,1000.0,Clothing,United States,San Diego,14.0,monthly,249.0,B1646,United States_R2,G0003,209.75,0.04228571428571429
1127448,550.0,Retail,Philippines,"Ubay, Bohol",7.0,irregular,145.0,B1647,Philippines_R1,G0014,46.54,0.04251428571428571
1266568,250.0,Transportation,Philippines,"Carcar City, Cebu",8.0,irregular,125.0,B1648,Philippines_R2,G0292,57.92,0.041
932787,1100.0,Transportation,Philippines,"Coron, Palawan",8.0,irregular,144.0,B1649,Philippines_R3,G0098,93.68,0.0444
777843,675.0,Retail,Philippines,"Dasmarinas, Cavite",7.0,irregular,144.0,B1650,Philippines_R0,G0116,102.03,0.04308571428571428
1224356,700.0,Food,El Salvador,,17.0,monthly,167.0,B1651,El Salvador_R0,G0087,65.0,0.04131764705882353
856629,750.0,Agriculture,Kenya,Webuye,11.0,bullet,202.0,B1652,Kenya_R0,G0030,193.22,0.04218181818181818
724322,450.0,Food,Samoa,Saleapaga,14.0,irregular,15.0,B1653,Samoa_R1,G0174,50.34,0.04102857142857143
1205487,500.0,Food,Philippines,"Pulupandan, Negros Occidental",10.0,irregular,145.0,B1654,Philippines_R2,G0038,83.78,0.0416
1119554,800.0,Services,Kenya,nyeri,14.0,monthly,138.0,B1655,Kenya_R2,G0273,254.96,0.04182857142857143
856650,1250.0,Transportation,Kenya,Kisumu,20.0,monthly,133.0,B1656,Kenya_R2,G0264,139.12,0.041999999999999996
1252665,400.0,Agriculture,Philippines,"Pan-ay, Capiz",8.0,irregular,145.0,B1657,Philippines_R0,G0227,80.94,0.0416
908529,850.0,Education,Tajikistan,Vahdat,14.0,monthly,100.0,B1658,Tajikistan_R0,G0066,149.41,0.04194285714285714
791111,375.0,Education,Uganda,Mukono,21.0,irregular,329.0,B1659,Uganda_R2,G0032,20.79,0.04057142857142857
1175891,275.0,Housing,Mozambique,Namaacha,18.0,monthly,23.0,B1660,Mozambique_R0,G0178,79.15,0.040488888888888894
1227136,300.0,Food,Philippines,"sindangan, zamboanga del norte",8.0,monthly,126.0,B1661,Philippines_R3,G0289,21.21,0.0412
917117,1275.0,Retail,Peru,Cusco,6.0,irregular,119.0,B1662,Peru_R2,G0268,245.15,0.0468
1332735,3000.0,Services,Palestine,Tulkarem City,33.0,monthly,80.0,B1663,Palestine_R0,G0298,654.61,0.04290909090909091
729269,550.0,Clothing,Philippines,"Toledo, Cebu",7.0,irregular,145.0,B1664,Philippines_R0,G0003,131.19,0.04251428571428571
677278,375.0,Education,Colombia,Bogotà,6.0,monthly,244.0,B1665,Colombia_R1,G0245,96.22,0.041999999999999996
864853,225.0,Agriculture,Philippines,"Larena-Pangi, Siquijor, Siquijor Prtovince",8.0,irregular,126.0,B1666,Philippines_R2,G0024,28.35,0.040900000000000006
956708,1000.0,Education,Bolivia,La Paz,22.0,monthly,110.0,B1667,Bolivia_R0,G0198,52.99,0.04145454545454545
1229915,200.0,Agriculture,Pakistan,Haripur,14.0,monthly,245.0,B1668,Pakistan_R3,G0192,53.41,0.04045714285714286
1146111,2975.0,Agriculture,Myanmar (Burma),Kungyangon,14.0,bullet,416.0,B1669,Myanmar (Burma)_R3,G0088,626.82,0.0468
1165559,1700.0,Agriculture,Ecuador,San Gabriel,17.0,monthly,188.0,B1670,Ecuador_R1,G0195,511.42,0.0432
922888,400.0,Agriculture,Philippines,"Hinobaan, Negros Occidental",13.0,irregular,145.0,B1671,Philippines_R1,G0185,118.57,0.04098461538461538
746675,1950.0,Agriculture,Kyrgyzstan,"Otradnoe village, Issyk-Kul region",25.0,monthly,171.0,B1672,Kyrgyzstan_R0,G0226,590.85,0.042496000000000006
900787,2525.0,Agriculture,Kyrgyzstan,"Ak-Jar village, Naryn region",13.0,monthly,171.0,B1673,Kyrgyzstan_R0,G0026,493.71,0.046215384615384617
778242,4375.0,Services,United States,Oklahoma City,24.0,monthly,131.0,B1674,United States_R0,G0065,656.64,0.04583333333333334
1137825,225.0,Retail,Kenya,Maua,14.0,monthly,138.0,B1675,Kenya_R0,G0039,64.68,0.04051428571428571
1012772,3125.0,Food,Paraguay,Caacupe,6.0,irregular,58.0,B1676,Paraguay_R2,G0080,579.34,0.05666666666666667
1056467,175.0,Retail,Philippines,"Palo, Leyte",8.0,irregular,145.0,B1677,Philippines_R0,G0112,18.38,0.0407
760350,375.0,Agriculture,Peru,Cayaltí - Chiclayo,14.0,monthly,143.0,B1678,Peru_R3,G0302,114.93,0.040857142857142856
721780,300.0,Retail,Philippines,"Binalbagan, Negros Occidental",11.0,irregular,145.0,B1679,Philippines_R3,G0104,94.43,0.04087272727272727
932880,275.0,Food,Philippines,"Taytay, Palawan",8.0,irregular,145.0,B1680,Philippines_R3,G0137,52.22,0.0411
858061,125.0,Personal Use,Cambodia,Kandal,8.0,monthly,311.0,B1681,Cambodia_R2,G0274,9.09,0.0405
978738,275.0,Food,Philippines,"Compostela, Cebu",11.0,irregular,145.0,B1682,Philippines_R2,G0240,45.75,0.0408
1224134,1025.0,Health,Colombia,Albán/Cundinamarca,21.0,monthly,154.0,B1683,Colombia_R2,G0276,298.34,0.04156190476190476
1299615,6175.0,Clothing,Paraguay,Lambaré,6.0,irregular,58.0,B1684,Paraguay_R2,G0213,1979.29,0.07293333333333334
1183834,175.0,Agriculture,Colombia,Montería,8.0,bullet,177.0,B1685,Colombia_R0,G0332,19.43,0.0407
902418,525.0,Agriculture,Kenya,Molo,16.0,monthly,156.0,B1686,Kenya_R0,G0055,36.8,0.04105
1293750,1925.0,Agriculture,Kyrgyzstan,Toktogul district,13.0,monthly,171.0,B1687,Kyrgyzstan_R2,G0333,602.92,0.04473846153846154
1255751,1000.0,Retail,Philippines,Parañaque City,8.0,irregular,144.0,B1688,Philippines_R0,G0111,166.82,0.044
1252190,200.0,Personal Use,Philippines,"Escalante, Negros Occidental",14.0,irregular,145.0,B1689,Philippines_R1,G0161,42.51,0.04045714285714286
768716,575.0,Agriculture,Uganda,Mubende,24.0,monthly,287.0,B1690,Uganda_R1,G0248,195.74,0.040766666666666666
1091656,500.0,Agriculture,El Salvador,Ciudad El Triunfo,14.0,bullet,199.0,B1691,El Salvador_R1,G0013,34.98,0.04114285714285715
932120,1200.0,Agriculture,Cambodia,Siem Reap Province,20.0,monthly,9.0,B1692,Cambodia_R2,G0271,293.39,0.04192
1005208,600.0,Agriculture,Jordan,Salheye,18.0,monthly,185.0,B1693,Jordan_R3,G0211,43.34,0.04106666666666667
1223797,350.0,Agriculture,Pakistan,Haripur,14.0,monthly,245.0,B1694,Pakistan_R3,G0140,56.92,0.0408
1135122,1075.0,Arts,Armenia,Vanadzor town,26.0,monthly,169.0,B1695,Armenia_R1,G0294,312.98,0.04132307692307692
873500,250.0,Retail,Philippines,"Taytay, Palawan",8.0,irregular,145.0,B1696,Philippines_R3,G0009,45.01,0.041
1134745,225.0,Retail,Philippines,Tagbilaran City. Bohol,13.0,irregular,125.0,B1697,Philippines_R0,G0025,78.56,0.040553846153846156
901709,200.0,Retail,Philippines,"Palo, Leyte",8.0,irregular,145.0,B1698,Philippines_R0,G0312,43.54,0.0408
848359,1325.0,Food,Ecuador,Portoviejo,8.0,irregular,137.0,B1699,Ecuador_R0,G0023,193.91,0.0453
1324107,600.0,Retail,Philippines,"Cabisera 23, San Antonio, Ilagan, Isabela",8.0,irregular,123.0,B1700,Philippines_R3,G0295,69.62,0.0424
662639,275.0,Food,Philippines,Oroquieta-Misamis Occidental ,12.0,monthly,126.0,B1701,Philippines_R0,G0115,42.67,0.04073333333333333
842125,350.0,Housing,Uganda,Fort Portal,10.0,monthly,163.0,B1702,Uganda_R0,G0281,56.62,0.041120000000000004
1074244,750.0,Services,India,Nambol,13.0,monthly,428.0,B1703,India_R3,G0205,52.96,0.04184615384615385
1215926,175.0,Food,Liberia,Buchanan,11.0,irregular,182.0,B1704,Liberia_R1,G0284,28.15,0.04050909090909091
838236,450.0,Retail,Philippines,"La Castellana, Negros Occidental",14.0,irregular,145.0,B1705,Philippines_R3,G0328,85.17,0.04102857142857143
1045036,825.0,Food,Nicaragua,Leon,14.0,monthly,96.0,B1706,Nicaragua_R1,G0149,220.13,0.04188571428571429
749575,275.0,Food,Philippines,"Narra, Palawan",7.0,irregular,145.0,B1707,Philippines_R0,G0289,67.93,0.04125714285714285
654771,400.0,Agriculture,El Salvador,,14.0,irregular,167.0,B1708,El Salvador_R0,G0250,105.05,0.040914285714285716
763159,550.0,Housing,Peru,SANTIAGO,14.0,monthly,139.0,B1709,Peru_R0,G0265,28.88,0.04125714285714285
1296638,300.0,Services,Kenya,Tala;Kangundo,14.0,monthly,133.0,B1710,Kenya_R1,G0048,34.59,0.04068571428571428
914137,750.0,Agriculture,Jordan,Baqaa,15.0,monthly,185.0,B1711,Jordan_R3,G0195,186.38,0.0416
1200798,150.0,Services,India,Jaipur,14.0,monthly,428.0,B1712,India_R1,G0272,29.28,0.04034285714285714
904166,1175.0,Food,Burkina Faso,"Gounghin, Ouagadougou",8.0,monthly,187.0,B1713,Burkina Faso_R2,G0062,60.62,0.044700000000000004
896312,425.0,Services,Kenya,Kisauni,13.0,irregular,164.0,B1714,Kenya_R0,G0305,123.82,0.04104615384615384
1322265,200.0,Education,Paraguay,Coronel Oviedo,14.0,monthly,58.0,B1715,Paraguay_R2,G0294,56.37,0.04045714285714286
683900,5425.0,Retail,Senegal,,8.0,monthly,105.0,B1716,Senegal_R0,G0170,1163.8,0.061700000000000005
1293250,500.0,Education,Lebanon,Nabatieh,15.0,monthly,77.0,B1717,Lebanon_R1,G0167,34.97,0.04106666666666667
973232,450.0,Retail,Philippines,"Guimbal, Iloilo",6.0,irregular,144.0,B1718,Philippines_R2,G0244,125.98,0.0424
1279629,525.0,Retail,Philippines,Roxas Palawan,8.0,irregular,145.0,B1719,Philippines_R1,G0050,118.18,0.0421
865767,225.0,Retail,Philippines,"Ubay, Bohol",8.0,irregular,145.0,B1720,Philippines_R1,G0264,64.03,0.040900000000000006
1175880,150.0,Food,Kenya,Nkubu,14.0,monthly,156.0,B1721,Kenya_R2,G0093,41.33,0.04034285714285714
1233261,425.0,Retail,Uganda,Bundibugyo,8.0,monthly,163.0,B1722,Uganda_R3,G0301,123.63,0.0417
1125636,425.0,Clothing,Philippines,"Kabankalan, Negros Occidental",8.0,irregular,145.0,B1723,Philippines_R3,G0252,87.3,0.0417
1007869,775.0,Food,Azerbaijan,Bilasuvar,20.0,monthly,56.0,B1724,Azerbaijan_R1,G0335,71.38,0.04124
718226,800.0,Services,Philippines,Pasay City,8.0,irregular,144.0,B1725,Philippines_R2,G0317,201.08,0.0432
1030092,900.0,Retail,Ecuador,Tulcán,14.0,monthly,188.0,B1726,Ecuador_R3,G0115,212.53,0.04205714285714286
908486,200.0,Retail,Philippines,"Kalibo, Aklan",8.0,irregular,145.0,B1727,Philippines_R0,G0201,54.54,0.0408
850732,425.0,Food,Solomon Islands,Honiara,11.0,irregular,411.0,B1728,Solomon Islands_R1,G0028,42.91,0.04123636363636364
702345,500.0,Agriculture,Cambodia,"Kampong Cham province, Kampong Siem district",26.0,monthly,204.0,B1729,Cambodia_R3,G0015,54.25,0.040615384615384616
862217,1025.0,Clothing,Uganda,Fort Portal,14.0,monthly,163.0,B1730,Uganda_R0,G0180,325.05,0.04234285714285714
1025342,425.0,Retail,Philippines,"Hinigaran, Negros Occidental",14.0,irregular,145.0,B1731,Philippines_R1,G0001,116.87,0.040971428571428575
973286,775.0,Food,Tajikistan,Rudaki,14.0,monthly,100.0,B1732,Tajikistan_R2,G0161,249.91,0.04177142857142857
991529,650.0,Retail,Tanzania,Dar es Salaam,9.0,irregular,87.0,B1733,Tanzania_R3,G0280,180.45,0.04231111111111111
1255111,1000.0,Agriculture,El Salvador,Usulután,14.0,bullet,199.0,B1734,El Salvador_R2,G0166,229.15,0.04228571428571429
1208746,500.0,Food,Kenya,Tiribe,13.0,irregular,164.0,B1735,Kenya_R2,G0228,123.12,0.04123076923076923
978093,200.0,Agriculture,Tajikistan,Khuroson,11.0,monthly,63.0,B1736,Tajikistan_R2,G0057,63.35,0.040581818181818184
1269902,250.0,Agriculture,Tajikistan,Shahrituz,14.0,monthly,63.0,B1737,Tajikistan_R0,G0063,55.91,0.04057142857142857
866904,1125.0,Services,Ecuador,Atuntaqui,18.0,monthly,190.0,B1738,Ecuador_R2,G0084,269.68,0.041999999999999996
699733,6000.0,Agriculture,Panama,Embera-Puru,41.0,irregular,306.0,B1739,Panama_R3,G0068,581.66,0.04468292682926829
811946,125.0,Education,Nigeria,Kaduna,14.0,bullet,288.0,B1740,Nigeria_R2,G0190,24.02,0.040285714285714286
1119986,3300.0,Food,Rwanda,,6.0,irregular,161.0,B1741,Rwanda_R0,G0009,874.23,0.0576
1140687,450.0,Food,Bolivia,La Paz,5.0,monthly,48.0,B1742,Bolivia_R0,G0260,59.08,0.04288
854971,375.0,Food,Cambodia,"Banteay Meanchey Province, Mongkul Borey District",13.0,monthly,204.0,B1743,Cambodia_R2,G0088,41.5,0.04092307692307692
1294589,550.0,Agriculture,Kenya,Eldoret,13.0,monthly,156.0,B1744,Kenya_R2,G0236,79.28,0.04135384615384616
974280,725.0,Food,Colombia,Puerto Boyacá,26.0,bullet,177.0,B1745,Colombia_R0,G0061,88.78,0.04089230769230769
1209583,300.0,Housing,Indonesia,Tangerang,37.0,irregular,406.0,B1746,Indonesia_R0,G0239,34.34,0.04025945945945946
871132,50.0,Food,Togo,Agoe,6.0,irregular,296.0,B1747,Togo_R3,G0145,8.87,0.040266666666666666
1013556,1100.0,Manufacturing,El Salvador,,14.0,monthly,81.0,B1748,El Salvador_R0,G0317,354.59,0.04251428571428571
1223490,300.0,Agriculture,Philippines,"Calamba, Misamis Occidental",13.0,monthly,126.0,B1749,Philippines_R0,G0211,60.64,0.04073846153846154
1176357,350.0,Food,Philippines,"Hinobaan, Negros Occidental",14.0,irregular,145.0,B1750,Philippines_R1,G0318,37.23,0.0408
1057715,50.0,Personal Use,Philippines,"Himamaylan, Negros Occidental",7.0,irregular,145.0,B1751,Philippines_R2,G0309,3.65,0.04022857142857143
1276285,250.0,Agriculture,Philippines,"Guihulngan, Negros Oriental",13.0,irregular,145.0,B1752,Philippines_R1,G0236,64.71,0.040615384615384616
1055643,650.0,Agriculture,Tajikistan,Shahristan,15.0,monthly,100.0,B1753,Tajikistan_R0,G0289,107.15,0.04138666666666667
1101935,2375.0,Retail,Paraguay,San Pedro,7.0,monthly,58.0,B1754,Paraguay_R1,G0058,704.3,0.05085714285714286
1215547,1025.0,Retail,Philippines,"Quezon, Palawan",13.0,irregular,145.0,B1755,Philippines_R0,G0128,254.05,0.04252307692307693
955976,1100.0,Retail,Peru,Cusco,6.0,irregular,119.0,B1756,Peru_R2,G0064,317.76,0.04586666666666667
883697,275.0,Retail,Philippines,"Banga, Aklan",8.0,irregular,145.0,B1757,Philippines_R2,G0303,36.19,0.0411
1137538,300.0,Food,El Salvador,,11.0,monthly,167.0,B1758,El Salvador_R0,G0290,77.31,0.04087272727272727
1172404,5350.0,Retail,Rwanda,,8.0,irregular,161.0,B1759,Rwanda_R0,G0206,691.32,0.06140000000000001
740740,1500.0,Housing,Cambodia,Kampong Chhnang Province,17.0,monthly,9.0,B1760,Cambodia_R3,G0159,497.58,0.042823529411764705
1143917,75.0,Personal Use,Nigeria,Kaduna,15.0,bullet,288.0,B1761,Nigeria_R2,G0070,18.07,0.04016
851188,1975.0,Agriculture,Rwanda,,7.0,bullet,161.0,B1762,Rwanda_R0,G0308,291.02,0.049028571428571435
665492,400.0,Agriculture,Nicaragua,Managua,15.0,monthly,98.0,B1763,Nicaragua_R2,G0183,52.34,0.04085333333333334
1185226,575.0,Retail,Uganda,Kampala,14.0,monthly,222.0,B1764,Uganda_R2,G0127,61.68,0.04131428571428572
866091,4050.0,Food,Mexico,"Purisima Concepcion Mayorazgo, San Felipe del Prog",8.0,monthly,130.0,B1765,Mexico_R0,G0168,1046.49,0.0562
1231760,225.0,Services,Philippines,"Dasmarinas, Cavite",7.0,irregular,144.0,B1766,Philippines_R0,G0035,26.01,0.04102857142857143
1294244,400.0,Arts,Pakistan,Muzaffargarh,14.0,monthly,247.0,B1767,Pakistan_R0,G0028,91.44,0.040914285714285716
1203478,775.0,Agriculture,Tajikistan,Shahrituz,14.0,monthly,100.0,B1768,Tajikistan_R0,G0277,100.28,0.04177142857142857
1007889,1575.0,Retail,Haiti,Delmas,9.0,monthly,442.0,B1769,Haiti_R0,G0077,391.53,0.0456
1051126,300.0,Food,Philippines,"Kabankalan, Negros Occidental",8.0,irregular,145.0,B1770,Philippines_R3,G0270,88.34,0.0412
990559,1000.0,Retail,Zimbabwe,Chikomba West,14.0,monthly,305.0,B1771,Zimbabwe_R1,G0092,283.41,0.04228571428571429
718492,2400.0,Education,Iraq,,14.0,monthly,321.0,B1772,Iraq_R0,G0316,667.81,0.04548571428571428
880499,400.0,Arts,Philippines,"Cordova, Cebu",7.0,irregular,145.0,B1773,Philippines_R1,G0295,42.53,0.04182857142857143
1098743,275.0,Clothing,Turkey,,8.0,irregular,198.0,B1774,Turkey_R0,G0214,21.04,0.0411
1253937,525.0,Retail,Colombia,Cartagena de Indias,15.0,monthly,154.0,B1775,Colombia_R2,G0184,136.33,0.041120000000000004
1174910,175.0,Agriculture,Philippines,"Catarman, Northern Samar",8.0,irregular,145.0,B1776,Philippines_R0,G0275,28.09,0.0407
1306106,1200.0,Retail,Cambodia,Siem Reap,20.0,monthly,499.0,B1777,Cambodia_R2,G0225,215.64,0.04192
1168962,425.0,Food,Philippines,"Manapla, Negros Occidental",7.0,irregular,145.0,B1778,Philippines_R2,G0257,25.22,0.04194285714285714
1132429,350.0,Agriculture,Cambodia,"Battambang province, Sangke district",10.0,monthly,204.0,B1779,Cambodia_R2,G0282,44.76,0.041120000000000004
919909,250.0,Retail,Kenya,Kisii,12.0,monthly,133.0,B1780,Kenya_R1,G0143,15.03,0.04066666666666667
1101614,100.0,Arts,Peru,Cusco,6.0,irregular,119.0,B1781,Peru_R2,G0218,31.38,0.04053333333333334
1205615,500.0,Food,Philippines,"Tacloban City, Leyte",8.0,irregular,145.0,B1782,Philippines_R3,G0066,61.51,0.041999999999999996
1307161,250.0,Retail,Philippines,"Bais, Negros Oriental",14.0,irregular,145.0,B1783,Philippines_R0,G0145,54.3,0.04057142857142857
927602,200.0,Food,Kenya,Samburu,13.0,irregular,164.0,B1784,Kenya_R2,G0039,12.34,0.04049230769230769
882793,125.0,Food,Philippines,"Calamba, Misamis Occidental",8.0,irregular,136.0,B1785,Philippines_R0,G0099,31.26,0.0405
938790,7975.0,Clothing,Rwanda,,8.0,monthly,161.0,B1786,Rwanda_R0,G0170,1171.59,0.0719
1159978,125.0,Retail,Philippines,Sogod Leyte,8.0,irregular,145.0,B1787,Philippines_R3,G0247,39.92,0.0405
798660,3525.0,Food,Senegal,,8.0,monthly,105.0,B1788,Senegal_R0,G0071,1115.43,0.054099999999999995
1151340,3875.0,Clothing,Paraguay,Asunción,6.0,irregular,58.0,B1789,Paraguay_R3,G0019,571.9,0.060666666666666674
686291,5475.0,Food,Ecuador,Cuenca,8.0,irregular,137.0,B1790,Ecuador_R3,G0253,1753.58,0.0619
1244093,275.0,Education,Kenya,"Makadara, Nairobi.",14.0,monthly,258.0,B1791,Kenya_R3,G0194,95.93,0.04062857142857143
1158079,1625.0,Retail,Ghana,Kasoa,7.0,irregular,231.0,B1792,Ghana_R0,G0307,483.64,0.04742857142857143
956630,2050.0,Food,Peru,Urubamba - Urubamba - Cusco,8.0,monthly,119.0,B1793,Peru_R1,G0139,622.1,0.0482
1111286,525.0,Retail,Madagascar,Antsirabe,11.0,monthly,359.0,B1794,Madagascar_R3,G0060,65.47,0.04152727272727273
949758,1475.0,Agriculture,Kyrgyzstan,Uzgen district,14.0,monthly,171.0,B1795,Kyrgyzstan_R0,G0320,328.94,0.043371428571428575
838879,1300.0,Agriculture,Armenia,Kapan,26.0,monthly,146.0,B1796,Armenia_R3,G0311,91.23,0.0416
823870,1325.0,Construction,Yemen,Taiz,12.0,monthly,205.0,B1797,Yemen_R0,G0138,103.98,0.043533333333333334
982331,50.0,Agriculture,Ghana,Akim-Abaam,10.0,irregular,449.0,B1798,Ghana_R3,G0014,17.48,0.04016
1227594,200.0,Agriculture,Kenya,Taveta,14.0,monthly,138.0,B1799,Kenya_R1,G0164,29.6,0.04045714285714286
1044668,4600.0,Education,Paraguay,Carapegua,27.0,monthly,58.0,B1800,Paraguay_R0,G0072,1262.49,0.045451851851851854
1294309,450.0,Agriculture,El Salvador,El Transito,14.0,bullet,199.0,B1801,El Salvador_R2,G0153,131.4,0.04102857142857143
1112954,300.0,Agriculture,Kenya,Makueni,14.0,monthly,133.0,B1802,Kenya_R0,G0147,92.22,0.04068571428571428
1054337,1275.0,Retail,Sierra Leone,Makeni,10.0,monthly,148.0,B1803,Sierra Leone_R2,G0063,445.34,0.04408
813939,600.0,Agriculture,Tajikistan,Spitamen,14.0,monthly,63.0,B1804,Tajikistan_R1,G0178,73.47,0.04137142857142857
1110923,300.0,Services,Philippines,"Himamaylan, Negros Occidental",11.0,irregular,145.0,B1805,Philippines_R2,G0166,18.63,0.04087272727272727
1054849,350.0,Retail,Philippines,"Minglanilla, Cebu",8.0,irregular,145.0,B1806,Philippines_R0,G0328,60.68,0.041400000000000006
1241268,800.0,Clothing,El Salvador,El Transito,20.0,monthly,199.0,B1807,El Salvador_R2,G0232,71.22,0.04128
1034956,575.0,Agriculture,Kenya,Webuye,11.0,bullet,202.0,B1808,Kenya_R0,G0293,32.62,0.04167272727272728
1019201,1500.0,Clothing,Paraguay,Villarrica,17.0,monthly,58.0,B1809,Paraguay_R1,G0198,237.19,0.042823529411764705
1176615,1500.0,Education,Lebanon,Aley,17.0,monthly,77.0,B1810,Lebanon_R0,G0054,427.68,0.042823529411764705
796730,750.0,Agriculture,El Salvador,,14.0,irregular,167.0,B1811,El Salvador_R0,G0283,164.89,0.04171428571428572
675018,450.0,Food,Philippines,"Minglanilla, Cebu",11.0,irregular,145.0,B1812,Philippines_R0,G0107,64.73,0.041309090909090906
1179398,350.0,Personal Use,Cambodia,Kampong Chhnang,26.0,monthly,106.0,B1813,Cambodia_R1,G0038,86.21,0.04043076923076923
661573,1750.0,Education,Nicaragua,Leon,50.0,monthly,176.0,B1814,Nicaragua_R1,G0036,209.31,0.041120000000000004
1029582,400.0,Agriculture,Albania,Lezhe,13.0,monthly,239.0,B1815,Albania_R1,G0139,21.73,0.04098461538461538
673303,275.0,Retail,Philippines,"Hinobaan, Negros Occidental",10.0,irregular,145.0,B1816,Philippines_R1,G0108,76.81,0.04088
1256376,825.0,Transportation,Mexico,"Nezahualcoyotl, México",13.0,irregular,294.0,B1817,Mexico_R1,G0178,195.63,0.04203076923076923
862747,350.0,Clothing,Kenya,Nakuru,8.0,monthly,138.0,B1818,Kenya_R3,G0031,97.54,0.041400000000000006
1054171,975.0,Agriculture,Kenya,Chwele,9.0,bullet,202.0,B1819,Kenya_R1,G0012,60.14,0.04346666666666667
1068600,975.0,Education,Pakistan,Faisalabad,14.0,monthly,245.0,B1820,Pakistan_R1,G0219,293.61,0.04222857142857143
908716,1500.0,Agriculture,Cambodia,Kampong Speu Province,17.0,monthly,9.0,B1821,Cambodia_R3,G0092,353.79,0.042823529411764705
1290078,175.0,Housing,Philippines,"Dumaguete, Negros Oriental",7.0,irregular,145.0,B1822,Philippines_R2,G0273,38.33,0.0408
809225,450.0,Food,Rwanda,,6.0,irregular,161.0,B1823,Rwanda_R0,G0287,106.82,0.0424
1038676,1025.0,Retail,Armenia,Vanadzor,26.0,monthly,146.0,B1824,Armenia_R1,G0150,317.06,0.04126153846153846
748464,75.0,Agriculture,Nigeria,Kaduna,17.0,bullet,288.0,B1825,Nigeria_R2,G0020,16.96,0.040141176470588236
1061397,500.0,Clothing,Kenya,Likoni,13.0,irregular,164.0,B1826,Kenya_R0,G0203,112.14,0.04123076923076923
1112774,525.0,Health,Tajikistan,Dushanbe,14.0,monthly,100.0,B1827,Tajikistan_R2,G0243,182.28,0.0412
1118291,500.0,Services,El Salvador,,14.0,monthly,167.0,B1828,El Salvador_R0,G0118,138.51,0.04114285714285715
681295,925.0,Retail,Kenya,Katito,14.0,monthly,133.0,B1829,Kenya_R3,G0080,168.99,0.042114285714285715
983066,225.0,Agriculture,Philippines,"Magaysay, Naguillan, Isabela",8.0,irregular,123.0,B1830,Philippines_R0,G0252,59.0,0.040900000000000006
1100921,500.0,Food,El Salvador,,14.0,monthly,81.0,B1831,El Salvador_R0,G0051,83.38,0.04114285714285715
1024125,400.0,Education,Kenya,Eldoret,14.0,monthly,156.0,B1832,Kenya_R2,G0093,47.47,0.040914285714285716
993990,250.0,Services,Colombia,Medellín,18.0,bullet,177.0,B1833,Colombia_R2,G0015,57.26,0.04044444444444445
959249,750.0,Personal Use,Nigeria,Kaduna,14.0,bullet,288.0,B1834,Nigeria_R2,G0181,246.34,0.04171428571428572
900123,400.0,Food,Philippines,"Sibulan, Negros Oriental",14.0,irregular,145.0,B1835,Philippines_R0,G0295,131.5,0.040914285714285716
911576,225.0,Agriculture,Philippines,"Pagadian City, Zamboanga del Sur",7.0,monthly,126.0,B1836,Philippines_R1,G0314,34.33,0.04102857142857143
697709,800.0,Agriculture,El Salvador,El Transito,14.0,bullet,199.0,B1837,El Salvador_R2,G0165,166.64,0.04182857142857143
862052,175.0,Personal Use,Kenya,Matuu,14.0,monthly,133.0,B1838,Kenya_R2,G0029,19.86,0.040400000000000005
1330037,1500.0,Retail,Ecuador,Tulcán,16.0,monthly,188.0,B1839,Ecuador_R3,G0300,523.03,0.043
694287,350.0,Food,Philippines,"Sagay, Negros Occidental",11.0,irregular,145.0,B1840,Philippines_R2,G0134,120.52,0.041018181818181815
1121336,1075.0,Agriculture,Philippines,"Pagadian-Sto. Nino, Pagadian City, Zamboanga Del S",14.0,irregular,126.0,B1841,Philippines_R1,G0307,263.22,0.04245714285714286
918039,425.0,Education,Paraguay,Ybycuí,14.0,monthly,58.0,B1842,Paraguay_R3,G0325,123.81,0.040971428571428575
1179866,225.0,Agriculture,Philippines,"Cauayan, Negros Occidental",13.0,irregular,145.0,B1843,Philippines_R1,G0272,59.52,0.040553846153846156
891450,175.0,Food,Madagascar,,9.0,irregular,443.0,B1844,Madagascar_R0,G0158,39.89,0.040622222222222226
1321884,4800.0,Food,Paraguay,Concepción,8.0,monthly,58.0,B1845,Paraguay_R1,G0320,316.82,0.0592
870702,1325.0,Agriculture,Kenya,Butere,10.0,bullet,202.0,B1846,Kenya_R2,G0105,247.02,0.04424
851683,150.0,Retail,Uganda,Kampala,5.0,irregular,112.0,B1847,Uganda_R2,G0010,37.87,0.040959999999999996
707610,300.0,Food,Liberia,West Point,12.0,irregular,182.0,B1848,Liberia_R1,G0299,75.98,0.0408
698136,575.0,Agriculture,Philippines,"San Isidro, Cauayan City, Isabela",8.0,irregular,123.0,B1849,Philippines_R3,G0207,93.11,0.042300000000000004
715787,350.0,Retail,Philippines,"Jimenez-Palilan, Jimenez, Misamis Occidental",12.0,irregular,126.0,B1850,Philippines_R1,G0160,116.38,0.040933333333333335
877441,275.0,Agriculture,Kenya,Kisii,12.0,monthly,133.0,B1851,Kenya_R1,G0303,27.56,0.04073333333333333
1230948,1025.0,Services,Philippines,"Dasmarinas, Cavite",8.0,irregular,144.0,B1852,Philippines_R0,G0003,205.11,0.0441
1303012,500.0,Agriculture,Kenya,Kitale,14.0,monthly,156.0,B1853,Kenya_R3,G0258,128.63,0.04114285714285715
946457,1175.0,Arts,Guatemala,"Tecpan Guatemala,Chimaltenango",14.0,monthly,97.0,B1854,Guatemala_R3,G0154,304.49,0.042685714285714285
1178348,925.0,Food,Tanzania,Geita - Lake Zone,14.0,monthly,87.0,B1855,Tanzania_R0,G0147,226.25,0.042114285714285715
654094,950.0,Retail,Pakistan,Rawalpindi,14.0,monthly,247.0,B1856,Pakistan_R1,G0160,125.96,0.04217142857142857
957304,300.0,Retail,El Salvador,,14.0,monthly,81.0,B1857,El Salvador_R0,G0099,29.06,0.04068571428571428
1116444,100.0,Agriculture,Nigeria,Kaduna,19.0,bullet,288.0,B1858,Nigeria_R2,G0169,24.08,0.040168421052631575
1091396,650.0,Retail,Philippines,"Pontevedra, Negros Occidental",8.0,irregular,145.0,B1859,Philippines_R3,G0108,149.36,0.0426
1053522,700.0,Services,Lebanon,Berj Hammoud,15.0,monthly,404.0,B1860,Lebanon_R0,G0000,72.66,0.04149333333333333
1024172,175.0,Food,Togo,Adidogomé,8.0,irregular,296.0,B1861,Togo_R3,G0097,45.77,0.0407
756811,1725.0,Services,Peru,Huaycan,6.0,irregular,93.0,B1862,Peru_R0,G0314,321.8,0.0492
935033,675.0,Food,Colombia,Taraza,32.0,bullet,177.0,B1863,Colombia_R0,G0294,168.97,0.040675
835444,375.0,Agriculture,Tajikistan,Pyandj,14.0,monthly,63.0,B1864,Tajikistan_R2,G0142,112.95,0.040857142857142856
1005810,600.0,Agriculture,Kenya,Kapsowar,14.0,monthly,156.0,B1865,Kenya_R2,G0179,60.55,0.04137142857142857
700836,200.0,Agriculture,Peru,Ayacucho,10.0,monthly,71.0,B1866,Peru_R0,G0097,11.15,0.04064
1307970,1500.0,Retail,El Salvador,Anamoros,14.0,monthly,199.0,B1867,El Salvador_R1,G0106,425.6,0.04342857142857143
945244,250.0,Agriculture,Kenya,Kisii,12.0,monthly,133.0,B1868,Kenya_R1,G0173,58.23,0.04066666666666667
1093963,700.0,Agriculture,Kenya,Nkubu,14.0,monthly,156.0,B1869,Kenya_R2,G0076,181.92,0.0416
1094989,6325.0,Agriculture,Mexico,"Ejido la Concepcion de los Baños, Ixtlahuaca",14.0,monthly,130.0,B1870,Mexico_R0,G0275,1906.65,0.05445714285714286
1229103,250.0,Transportation,Pakistan,Abbottabad,14.0,monthly,245.0,B1871,Pakistan_R0,G0147,72.71,0.04057142857142857
814888,2375.0,Food,The Democratic Republic of the Congo,"Bukavu, Sud Kivu Provice",6.0,irregular,160.0,B1872,The Democratic Republic of the Congo_R3,G0034,803.41,0.05266666666666667
712865,1150.0,Retail,Sierra Leone,Bo,12.0,monthly,148.0,B1873,Sierra Leone_R0,G0022,242.4,0.04306666666666667
723974,425.0,Food,Pakistan,Gujranwala,14.0,monthly,245.0,B1874,Pakistan_R3,G0083,83.53,0.040971428571428575
1240736,300.0,Food,India,South Dinajpur,14.0,monthly,428.0,B1875,India_R1,G0236,51.17,0.04068571428571428
934252,300.0,Retail,Philippines,"Catarman, Northern Samar",8.0,irregular,145.0,B1876,Philippines_R0,G0086,28.83,0.0412
927993,500.0,Retail,Cambodia,"Siem Reap Province, Prasat Bakong district",13.0,monthly,204.0,B1877,Cambodia_R2,G0284,110.89,0.04123076923076923
925820,200.0,Housing,El Salvador,,14.0,monthly,81.0,B1878,El Salvador_R0,G0229,26.62,0.04045714285714286
823909,575.0,Services,Kenya,Oloitoktok,14.0,monthly,133.0,B1879,Kenya_R0,G0238,187.68,0.04131428571428572
666336,175.0,Retail,Liberia,New Kru,11.0,irregular,182.0,B1880,Liberia_R1,G0289,39.37,0.04050909090909091
681015,700.0,Retail,Philippines,"Dasmarinas, Cavite",8.0,irregular,144.0,B1881,Philippines_R0,G0269,159.5,0.042800000000000005
1201904,1000.0,Retail,Ecuador,Jaramijo,8.0,irregular,137.0,B1882,Ecuador_R1,G0282,156.48,0.044
848570,750.0,Food,El Salvador,,14.0,monthly,167.0,B1883,El Salvador_R0,G0118,49.2,0.04171428571428572
704406,250.0,Food,Philippines,"Quezon, Palawan",8.0,irregular,145.0,B1884,Philippines_R0,G0015,14.88,0.041
798238,1100.0,Clothing,Ecuador,Manta,8.0,irregular,137.0,B1885,Ecuador_R0,G0292,194.7,0.0444
841214,225.0,Agriculture,Kenya,Kilifi,8.0,monthly,138.0,B1886,Kenya_R2,G0318,16.96,0.040900000000000006
1153427,425.0,Agriculture,Samoa,Mutiatele,13.0,irregular,15.0,B1887,Samoa_R2,G0265,98.62,0.04104615384615384
964787,1000.0,Personal Use,Cambodia,"Kampong Cham province, Cheung Prey district",26.0,monthly,204.0,B1888,Cambodia_R2,G0280,314.29,0.04123076923076923
1303408,500.0,Food,Cambodia,Kandal,14.0,monthly,499.0,B1889,Cambodia_R2,G0218,157.44,0.04114285714285715
988677,75.0,Personal Use,Nigeria,Kaduna,14.0,bullet,288.0,B1890,Nigeria_R2,G0278,18.58,0.04017142857142857
935990,350.0,Agriculture,Colombia,Bello,26.0,bullet,177.0,B1891,Colombia_R3,G0307,39.68,0.04043076923076923
774405,3850.0,Retail,Peru,Cusco,6.0,irregular,119.0,B1892,Peru_R2,G0215,1189.26,0.06053333333333334
1057551,500.0,Clothing,El Salvador,La Unión,8.0,monthly,199.0,B1893,El Salvador_R2,G0022,157.91,0.041999999999999996
1150024,225.0,Retail,Philippines,"Binalbagan, Negros Occidental",8.0,irregular,145.0,B1894,Philippines_R3,G0278,24.52,0.040900000000000006
1027538,900.0,Agriculture,Kenya,Teso,11.0,bullet,202.0,B1895,Kenya_R1,G0321,244.11,0.04261818181818182
759868,525.0,Food,Philippines,"Cordova, Cebu",11.0,irregular,145.0,B1896,Philippines_R1,G0155,71.38,0.04152727272727273
906962,325.0,Retail,Philippines,"Hinigaran, Negros Occidental",8.0,irregular,145.0,B1897,Philippines_R1,G0044,94.51,0.0413
1043025,200.0,Retail,Kenya,Embu,8.0,monthly,138.0,B1898,Kenya_R1,G0131,69.83,0.0408
1095997,200.0,Food,Kenya,Kaloleni,13.0,irregular,164.0,B1899,Kenya_R2,G0327,11.8,0.04049230769230769
932102,1075.0,Construction,Paraguay,Caaguazú,14.0,monthly,58.0,B1900,Paraguay_R2,G0299,343.15,0.04245714285714286
858984,1350.0,Agriculture,Rwanda,,8.0,bullet,161.0,B1901,Rwanda_R0,G0289,319.67,0.045399999999999996
776923,225.0,Retail,Kenya,Kisumu,8.0,monthly,133.0,B1902,Kenya_R2,G0152,76.95,0.040900000000000006
1150936,825.0,Agriculture,Albania,,26.0,monthly,239.0,B1903,Albania_R0,G0058,156.34,0.04101538461538462
727440,3750.0,Food,Tanzania,Mara North,10.0,monthly,87.0,B1904,Tanzania_R1,G0258,1140.81,0.052000000000000005
895494,275.0,Agriculture,Kenya,Kisii,11.0,monthly,133.0,B1905,Kenya_R1,G0023,18.9,0.0408
674039,100.0,Agriculture,Philippines,"Larena-Camogao, Enrique Villanueva",7.0,irregular,126.0,B1906,Philippines_R3,G0279,15.06,0.04045714285714286
1204232,250.0,Food,Philippines,"Banga, Aklan",11.0,irregular,145.0,B1907,Philippines_R2,G0249,17.53,0.04072727272727272
786410,725.0,Education,Jordan,Irbid,15.0,monthly,185.0,B1908,Jordan_R3,G0262,248.39,0.04154666666666666
861667,425.0,Food,El Salvador,,14.0,monthly,167.0,B1909,El Salvador_R0,G0092,125.41,0.040971428571428575
994864,325.0,Retail,Colombia,Barranquilla,15.0,monthly,154.0,B1910,Colombia_R1,G0233,99.37,0.04069333333333333
674846,325.0,Food,Philippines,"Bogo, Cebu",8.0,irregular,145.0,B1911,Philippines_R3,G0044,107.7,0.0413
823558,1550.0,Agriculture,Kyrgyzstan,Mazar Suu village,20.0,irregular,171.0,B1912,Kyrgyzstan_R2,G0064,117.07,0.042480000000000004
818363,1400.0,Retail,Nicaragua,Managua,15.0,monthly,176.0,B1913,Nicaragua_R2,G0157,231.95,0.042986666666666666
742386,125.0,Food,Liberia,Tappita,12.0,irregular,182.0,B1914,Liberia_R2,G0243,8.91,0.04033333333333333
853415,950.0,Food,Nicaragua,Leon,10.0,monthly,74.0,B1915,Nicaragua_R1,G0292,107.58,0.04304
712319,1150.0,Clothing,Philippines,"Tondo, Manila",6.0,irregular,144.0,B1916,Philippines_R0,G0051,136.63,0.04613333333333333
1017980,325.0,Agriculture,Philippines,"Pilar, Bohol",7.0,irregular,125.0,B1917,Philippines_R2,G0234,61.99,0.041485714285714285
781761,125.0,Food,Philippines,"Dumarao, Capiz",8.0,irregular,145.0,B1918,Philippines_R3,G0234,16.32,0.0405
1076335,300.0,Agriculture,El Salvador,Anamoros,8.0,bullet,199.0,B1919,El Salvador_R1,G0052,24.09,0.0412
1212448,200.0,Personal Use,Cambodia,Kampot,8.0,monthly,311.0,B1920,Cambodia_R2,G0200,20.05,0.0408
821435,150.0,Personal Use,Cambodia,Phnom Penh,8.0,monthly,311.0,B1921,Cambodia_R0,G0246,14.13,0.0406
892781,125.0,Retail,Philippines,Oroquieta-Tuyabang Alto Oroquieta City Misamis Occ,8.0,irregular,126.0,B1922,Philippines_R1,G0004,42.74,0.0405
1310939,400.0,Personal Use,Tajikistan,Spitamen,14.0,monthly,100.0,B1923,Tajikistan_R1,G0089,111.12,0.040914285714285716
976225,75.0,Personal Use,Nigeria,Kaduna,14.0,bullet,288.0,B1924,Nigeria_R2,G0055,25.52,0.04017142857142857
736315,425.0,Retail,Philippines,"Puerto Princesa North, Palawan",8.0,irregular,145.0,B1925,Philippines_R2,G0299,77.32,0.0417
1283789,4175.0,Arts,Peru,Huarochiri,6.0,irregular,93.0,B1926,Peru_R0,G0162,557.41,0.062266666666666665
664798,225.0,Agriculture,Philippines,"Hinigaran, Negros Occidental",8.0,irregular,145.0,B1927,Philippines_R1,G0007,65.13,0.040900000000000006
825426,200.0,Food,Pakistan,Haripur,14.0,monthly,245.0,B1928,Pakistan_R3,G0284,29.58,0.04045714285714286
878595,575.0,Retail,Philippines,"Hinigaran, Negros Occidental",8.0,irregular,145.0,B1929,Philippines_R1,G0160,80.39,0.042300000000000004
924667,225.0,Agriculture,Philippines,"Jimenez-Sta.Cruz,Jimenez,Misamis Occidental",10.0,monthly,126.0,B1930,Philippines_R0,G0047,26.94,0.04072
785607,3650.0,Services,Paraguay,Lambaré,5.0,irregular,58.0,B1931,Paraguay_R2,G0016,324.5,0.06336
1304911,100.0,Personal Use,Cambodia,Phnom Penh,8.0,monthly,311.0,B1932,Cambodia_R0,G0059,12.69,0.040400000000000005
821971,500.0,Food,El Salvador,,13.0,monthly,81.0,B1933,El Salvador_R0,G0153,78.3,0.04123076923076923
904506,75.0,Food,Philippines,"Poblacion 3, Clarin Misamis Occidental",8.0,irregular,136.0,B1934,Philippines_R0,G0038,18.91,0.0403
1169615,325.0,Agriculture,Philippines,"La Castellana, Negros Occidental",10.0,irregular,145.0,B1935,Philippines_R3,G0095,22.35,0.04104
874906,1700.0,Arts,Indonesia,Gianyar,10.0,bullet,225.0,B1936,Indonesia_R2,G0217,192.36,0.04544
962484,500.0,Agriculture,Philippines,"Calatrava, Negros Occidental",14.0,irregular,145.0,B1937,Philippines_R3,G0042,146.35,0.04114285714285715
1076694,1125.0,Agriculture,Cambodia,Tbong Khmum Province,11.0,monthly,9.0,B1938,Cambodia_R3,G0039,105.84,0.04327272727272727
1146157,325.0,Housing,Indonesia,Tangerang,25.0,irregular,406.0,B1939,Indonesia_R0,G0085,49.66,0.040416
1222840,450.0,Housing,Vietnam,"Quang Trach, Quang Binh",26.0,monthly,394.0,B1940,Vietnam_R1,G0085,139.23,0.040553846153846156
878576,575.0,Housing,Mozambique,"Catembe, Maputo",20.0,monthly,23.0,B1941,Mozambique_R0,G0187,55.47,0.04092
1019241,325.0,Clothing,Philippines,"Santander, Cebu",14.0,irregular,145.0,B1942,Philippines_R1,G0278,24.32,0.04074285714285714
1126800,1200.0,Food,Palestine,"Khanyounis, Gaza Strip",25.0,monthly,80.0,B1943,Palestine_R3,G0099,234.43,0.041536000000000003
1062373,7150.0,Retail,Mexico,Loc. Mata Naranjo; Veracruz,7.0,irregular,130.0,B1944,Mexico_R2,G0156,1006.19,0.0726857142857143
1150511,225.0,Retail,Philippines,"Mabinay, Negros Oriental",14.0,irregular,145.0,B1945,Philippines_R3,G0168,49.28,0.04051428571428571
745959,1025.0,Food,Honduras,,12.0,monthly,118.0,B1946,Honduras_R0,G0200,298.42,0.04273333333333333
875474,425.0,Food,Mali,Boumoutou,5.0,monthly,78.0,B1947,Mali_R0,G0118,38.74,0.04272
1049324,1450.0,Agriculture,Kyrgyzstan,Bakai-Ata district,14.0,monthly,171.0,B1948,Kyrgyzstan_R3,G0270,325.1,0.043314285714285715
881175,675.0,Retail,Philippines,"Quezon, Palawan",8.0,irregular,145.0,B1949,Philippines_R0,G0242,136.12,0.0427
751825,250.0,Agriculture,Kenya,Bungoma,35.0,irregular,259.0,B1950,Kenya_R2,G0029,23.31,0.04022857142857143
804676,3475.0,Food,Bolivia,La Paz / El Alto,12.0,monthly,59.0,B1951,Bolivia_R1,G0327,824.27,0.04926666666666667
1175502,800.0,Agriculture,Samoa,Manunu,14.0,irregular,15.0,B1952,Samoa_R3,G0297,105.67,0.04182857142857143
1098162,200.0,Retail,Philippines,"Liloan, Cebu",8.0,irregular,145.0,B1953,Philippines_R2,G0230,39.27,0.0408
951998,325.0,Food,Philippines,"Calamba, Misamis Occidental",7.0,monthly,126.0,B1954,Philippines_R0,G0160,24.27,0.041485714285714285
1240764,500.0,Retail,Pakistan,Rawalpindi,14.0,monthly,247.0,B1955,Pakistan_R1,G0263,93.94,0.04114285714285715
1309671,100.0,Personal Use,Cambodia,Kandal,8.0,monthly,311.0,B1956,Cambodia_R2,G0100,14.19,0.040400000000000005
1127473,400.0,Arts,Samoa,Lotopa,14.0,irregular,15.0,B1957,Samoa_R0,G0073,118.69,0.040914285714285716
883549,575.0,Retail,Philippines,"Numancia, Aklan",7.0,irregular,145.0,B1958,Philippines_R1,G0218,38.58,0.04262857142857143
1056016,1100.0,Agriculture,Philippines,"Oroquieta-Maular, Aloran, Misamis Occidental",26.0,monthly,126.0,B1959,Philippines_R1,G0027,193.14,0.04135384615384616
895675,550.0,Retail,Pakistan,Hafizabad,14.0,monthly,245.0,B1960,Pakistan_R0,G0129,103.14,0.04125714285714285
978107,475.0,Agriculture,Pakistan,Khushab,14.0,monthly,245.0,B1961,Pakistan_R0,G0108,127.06,0.04108571428571429
994141,125.0,Arts,Indonesia,,14.0,irregular,129.0,B1962,Indonesia_R0,G0047,27.79,0.040285714285714286
1164387,450.0,Services,Pakistan,Gujrat,14.0,monthly,455.0,B1963,Pakistan_R2,G0175,112.57,0.04102857142857143
1091777,1000.0,Food,Ecuador,Tulcán,20.0,monthly,188.0,B1964,Ecuador_R3,G0263,283.11,0.0416
1202389,525.0,Food,Philippines,"Hinigaran, Negros Occidental",8.0,irregular,145.0,B1965,Philippines_R1,G0046,162.05,0.0421
1013756,2475.0,Food,Vietnam,03 Thiệu Dương,14.0,monthly,121.0,B1966,Vietnam_R0,G0046,356.8,0.045657142857142854
690427,1175.0,Clothing,Sierra Leone,Freetown Central,8.0,monthly,148.0,B1967,Sierra Leone_R1,G0272,248.4,0.044700000000000004
816174,225.0,Agriculture,Kenya,Limuru,8.0,monthly,388.0,B1968,Kenya_R2,G0262,67.96,0.040900000000000006
701970,400.0,Personal Use,Kenya,Kitengela,14.0,monthly,138.0,B1969,Kenya_R2,G0174,138.73,0.040914285714285716
1189775,50.0,Housing,Indonesia,Tangerang,14.0,irregular,406.0,B1970,Indonesia_R0,G0322,15.84,0.04011428571428571
731002,750.0,Agriculture,Cambodia,"Battambang province, Moung Russey district",14.0,monthly,204.0,B1971,Cambodia_R0,G0267,121.08,0.04171428571428572
813186,400.0,Personal Use,Tajikistan,Gonchi,14.0,monthly,215.0,B1972,Tajikistan_R0,G0130,43.42,0.040914285714285716
1110875,750.0,Food,Philippines,"Talibon, Bohol",8.0,irregular,145.0,B1973,Philippines_R2,G0193,147.61,0.043
1325332,350.0,Agriculture,Kenya,Chuka,14.0,monthly,156.0,B1974,Kenya_R2,G0138,95.37,0.0408
1300641,325.0,Housing,Philippines,"Cortes, Bohol",12.0,irregular,125.0,B1975,Philippines_R0,G0230,64.28,0.04086666666666667
1108162,8000.0,Construction,Somalia,Borama,14.0,monthly,325.0,B1976,Somalia_R2,G0073,1559.63,0.05828571428571429
665782,350.0,Clothing,Kenya,Likoni,14.0,irregular,164.0,B1977,Kenya_R0,G0090,105.51,0.0408
1065841,750.0,Agriculture,Kyrgyzstan,Aksy district,7.0,monthly,171.0,B1978,Kyrgyzstan_R3,G0023,118.82,0.04342857142857143
997587,100.0,Retail,Philippines,"Batuan, Bohol",8.0,irregular,125.0,B1979,Philippines_R2,G0090,30.79,0.040400000000000005
1144082,275.0,Agriculture,Philippines,"Jagna, Bohol",11.0,irregular,125.0,B1980,Philippines_R0,G0094,47.31,0.0408
1200942,800.0,Retail,Madagascar,,12.0,monthly,443.0,B1981,Madagascar_R0,G0004,118.78,0.042133333333333335
1204491,3800.0,Clothing,Ukraine,Drogobych,26.0,monthly,26.0,B1982,Ukraine_R3,G0282,707.55,0.04467692307692308
984749,2825.0,Retail,Costa Rica,,20.0,monthly,151.0,B1983,Costa Rica_R0,G0239,787.42,0.044520000000000004
1149900,400.0,Food,Philippines,"Talisay City, Negros Occidental",8.0,irregular,145.0,B1984,Philippines_R3,G0265,35.12,0.0416
1005329,4250.0,Services,Bolivia,Santa Cruz,8.0,monthly,110.0,B1985,Bolivia_R2,G0114,462.93,0.05700000000000001
1163722,125.0,Personal Use,Cambodia,Takeo,8.0,monthly,311.0,B1986,Cambodia_R0,G0191,41.93,0.0405
1251865,525.0,Retail,Philippines,"Minglanilla, Cebu",11.0,irregular,145.0,B1987,Philippines_R0,G0010,53.89,0.04152727272727273
960925,400.0,Retail,El Salvador,,14.0,monthly,81.0,B1988,El Salvador_R0,G0222,88.13,0.040914285714285716
937564,100.0,Agriculture,Nigeria,Kaduna,19.0,bullet,288.0,B1989,Nigeria_R2,G0097,22.38,0.040168421052631575
662837,275.0,Agriculture,Uganda,Sheema,34.0,monthly,259.0,B1990,Uganda_R1,G0032,54.14,0.040258823529411764
737441,350.0,Agriculture,Cambodia,"Kampong Cham province, Tbaung Khmum district",14.0,monthly,204.0,B1991,Cambodia_R3,G0265,85.2,0.0408
1218787,2425.0,Food,Burkina Faso,Bobo Dioulasso,8.0,monthly,398.0,B1992,Burkina Faso_R0,G0104,288.45,0.0497
1113164,375.0,Food,Philippines,"Hinobaan, Negros Occidental",7.0,irregular,145.0,B1993,Philippines_R1,G0110,80.92,0.04171428571428572
896563,275.0,Retail,Philippines,"Ivisan, Capiz",11.0,irregular,145.0,B1994,Philippines_R1,G0197,44.45,0.0408
1314408,1675.0,Agriculture,Cambodia,"Siem Reap Province, Pouk District",13.0,monthly,204.0,B1995,Cambodia_R2,G0136,416.24,0.044123076923076925
744221,1325.0,Agriculture,Indonesia,,38.0,monthly,129.0,B1996,Indonesia_R0,G0318,122.39,0.04111578947368422
743401,500.0,Housing,Cambodia,Pursat,14.0,monthly,106.0,B1997,Cambodia_R1,G0244,110.63,0.04114285714285715
742562,250.0,Food,Honduras,San Lorenzo,10.0,monthly,118.0,B1998,Honduras_R2,G0069,26.4,0.0408
861909,325.0,Food,Philippines,"Minglanilla, Cebu",8.0,irregular,145.0,B1999,Philippines_R0,G0251,43.42,0.0413
