borrower_id,emb_0,emb_1,emb_2,emb_3,emb_4,emb_5,emb_6,emb_7,emb_8,emb_9,emb_10,emb_11,emb_12,emb_13,emb_14,emb_15,emb_16,emb_17,emb_18,emb_19,emb_20,emb_21,emb_22,emb_23,emb_24,emb_25,emb_26,emb_27,emb_28,emb_29,emb_30,emb_31,predicted_stress_prob,source_timestep
B0000,0.0,0.0,0.0,0.0,0.0,0.93090284,0.0,1.2387007,1.2638295,0.0,0.0,0.75150275,0.5080062,0.0,0.0,0.0,0.98807424,1.4598012,0.35567057,0.19342023,0.0,0.7157936,0.0,0.587973,0.0,0.1508387,1.192188,0.0,0.5813496,0.15401486,1.1313612,0.0,0.07745235,11
B0001,0.0,0.0,0.0,0.0,0.0,0.97924316,0.0,1.1736529,1.2157798,0.0,0.0,0.90630436,0.56454074,0.0,0.0,0.0,1.246297,1.4062926,0.37236297,0.1946572,0.0,0.7041315,0.0,0.7941848,0.0,0.34089464,1.2228276,0.0,0.6576534,0.15973185,1.2073178,0.0,0.065926194,11
B0002,0.0,0.0,0.0,0.0,0.0,1.0804807,0.0,1.398398,1.3872403,0.0,0.0,1.408412,0.8166756,0.0,0.0,0.0,1.898341,1.4633875,0.50477946,0.20251372,0.0,0.86273646,0.0,1.212348,0.0,0.8780662,1.717088,0.0,1.0279928,0.29244125,1.5898117,0.0,0.030618869,11
B0003,0.0,0.0,0.0,0.0,0.0,0.9012629,0.0,1.1642339,1.220556,0.0,0.0,0.813956,0.53764325,0.0,0.0,0.0,1.0809886,1.3899944,0.38356453,0.18029824,0.0,0.6947186,0.0,0.66955227,0.0,0.3052951,1.1814206,0.0,0.61755395,0.19365224,1.1578982,0.0,0.07506461,11
B0004,0.0,0.0,0.0,0.0,0.0,1.1946528,0.0,1.2732008,1.2603128,0.0,0.0,1.1348181,0.5914577,0.0,0.0,0.0,1.5213963,1.4250736,0.41241112,0.24616328,0.0,0.7431197,0.0,0.9813347,0.0,0.5119668,1.451434,0.0,0.91039217,0.12456754,1.3417106,0.0,0.0463889,11
B0005,0.0,0.0,0.0,0.0,0.0,1.0802453,0.0,1.3610096,1.2657893,0.0,0.0,1.3299208,0.7640601,0.0,0.0,0.0,1.8057287,1.3761414,0.5128429,0.21546645,0.0,0.84301805,0.0,1.1955237,0.0,0.7583711,1.6612854,0.0,0.9990945,0.2694656,1.4644369,0.0,0.035294767,11
B0006,0.0,0.0,0.0,0.0,0.0,1.1803164,0.0,1.3855878,1.31723,0.0,0.0,1.4583983,0.7282661,0.0,0.0,0.0,1.8728417,1.7678833,0.48816428,0.23795603,0.0,0.834901,0.0,1.2457335,0.0,0.74033064,1.6509122,0.0,1.0268921,0.21350917,1.4579704,0.0,0.029882906,11
B0007,0.0,0.0,0.0,0.0,0.0,1.101223,0.0,1.3989393,1.3293471,0.0,0.0,1.3641993,0.7979293,0.0,0.0,0.0,1.8532388,1.4237033,0.50027037,0.21351951,0.0,0.8580153,0.0,1.2006311,0.0,0.8258045,1.6852224,0.0,1.068488,0.27196157,1.5204453,0.0,0.03235184,11
B0008,0.0,0.0,0.0,0.0,0.0,0.8426516,0.0,0.1904077,1.076371,0.0,0.0,0.6964383,0.16368207,0.0,0.0,0.0,0.6200501,1.5815291,0.0,0.20616238,0.0,0.35048574,0.0,0.32145378,0.0,0.0,0.8615233,0.0,0.24431366,0.0,0.9003597,0.0,0.14648937,11
B0009,0.0,0.0,0.0,0.0,0.0,1.2558336,0.0,1.334457,1.356955,0.0,0.0,1.1955539,0.61209685,0.0,0.0,0.0,1.512634,1.5164406,0.3816631,0.24194795,0.0,0.7253187,0.0,0.9524138,0.0,0.5717583,1.4260914,0.0,0.9256237,0.12249139,1.3870776,0.0,0.04318053,11
B0010,0.0,0.0,0.0,0.0,0.0,1.0928952,0.0,1.2412504,1.348171,0.0,0.0,1.0197802,0.61060476,0.0,0.0,0.0,1.3999181,1.4827008,0.35212344,0.20654944,0.0,0.7750216,0.0,0.80933654,0.0,0.4583364,1.4017103,0.0,0.77539515,0.1539456,1.363316,0.0,0.0523274,11
B0011,0.0,0.0,0.0,0.0,0.0,0.92805547,0.0,1.180862,1.2374287,0.0,0.0,0.66343325,0.44246513,0.0,0.0,0.0,0.7748485,1.4409995,0.29972866,0.18779919,0.0,0.6717963,0.0,0.4500389,0.0,0.094186276,1.1745245,0.0,0.54033804,0.14374018,1.0875553,0.0,0.09022251,11
B0012,0.0,0.0,0.0,0.0,0.0,1.1400838,0.0,1.2081761,1.1606088,0.0,0.0,1.0490618,0.43969014,0.0,0.0,0.0,0.92687553,1.2740545,0.46799406,0.2436553,0.0,0.45918196,0.0,0.7377345,0.0,0.45253003,1.1460994,0.0,0.7363919,0.15401307,1.0091012,0.0,0.07390285,11
B0013,0.0,0.0,0.0,0.0,0.0,1.2248217,0.0,1.2793491,1.4011738,0.0,0.0,1.2197416,0.6455867,0.0,0.0,0.0,1.6422148,1.5004165,0.39129603,0.23189093,0.0,0.7653408,0.0,0.95623004,0.0,0.62260157,1.5321453,0.0,0.93125665,0.14252818,1.4932382,0.0,0.040144715,11
B0014,0.0,0.0,0.0,0.0,0.0,1.057342,0.0,1.3921788,1.2665095,0.0,0.0,1.3384063,0.7770437,0.0,0.0,0.0,1.8367134,1.4192982,0.5215254,0.21487986,0.0,0.8420613,0.0,1.2378688,0.0,0.75085557,1.6699764,0.0,1.0289943,0.2734471,1.5161886,0.0,0.03367032,11
B0015,0.0,0.0,0.0,0.0,0.0,1.1226609,0.0,1.4106575,1.2407655,0.0,0.0,1.3488282,0.7612942,0.0,0.0,0.0,1.7430426,1.4144298,0.5053563,0.23064697,0.0,0.84801626,0.0,1.202795,0.0,0.7406268,1.6757157,0.0,1.006991,0.27233714,1.4515252,0.0,0.0347908,11
B0016,0.0,0.0,0.0,0.0,0.0,1.2231253,0.0,1.2944603,1.3955405,0.0,0.0,1.215225,0.6450841,0.0,0.0,0.0,1.6284629,1.4998071,0.3930502,0.23329659,0.0,0.7649383,0.0,0.96124387,0.0,0.6154175,1.5218903,0.0,0.93570274,0.143323,1.4808986,0.0,0.040338792,11
B0017,0.0,0.0,0.0,0.0,0.0,1.0690452,0.0,1.3074632,1.3327186,0.0,0.0,1.4353583,0.76486325,0.0,0.0,0.0,1.9281118,1.7180749,0.51621896,0.21824214,0.0,0.8317612,0.0,1.3079748,0.0,0.78746754,1.6416149,0.0,1.033815,0.24902928,1.4700148,0.0,0.030292284,11
B0018,0.0,0.0,0.0,0.0,0.0,0.77977014,0.0,0.19022876,1.014352,0.0,0.0,0.6249493,0.1531325,0.0,0.0,0.0,0.46772286,1.5711484,0.0,0.19625036,0.0,0.35382044,0.0,0.28888637,0.0,0.0,0.7732905,0.0,0.16895086,0.0,0.8317433,0.0,0.16325563,11
B0019,0.0,0.0,0.0,0.0,0.0,0.9131971,0.0,1.1711965,1.1547954,0.0,0.0,0.6661271,0.43692136,0.0,0.0,0.0,0.7211614,1.4231929,0.3107431,0.19572872,0.0,0.65264475,0.0,0.49881774,0.0,0.09233275,1.157551,0.0,0.55367315,0.15005216,1.0053674,0.0,0.0937005,11
B0020,0.0,0.0,0.0,0.0,0.0,1.0035847,0.0,1.3227806,1.239194,0.0,0.0,1.2884142,0.7624769,0.0,0.0,0.0,1.830452,1.3617917,0.5119381,0.1981568,0.0,0.82205725,0.0,1.2167885,0.0,0.7352524,1.6109684,0.0,0.9684936,0.2760232,1.452534,0.0,0.037062313,11
B0021,0.0,0.0,0.0,0.0,0.0,1.1234555,0.0,1.3913016,1.3040105,0.0,0.0,1.3905398,0.78864026,0.0,0.0,0.0,1.8327833,1.4935577,0.49869812,0.223434,0.0,0.85766226,0.0,1.2135222,0.0,0.7965306,1.6887268,0.0,1.0553857,0.26590234,1.5099429,0.0,0.032018032,11
B0022,0.0,0.0,0.0,0.0,0.0,1.086374,0.0,1.1752145,1.2069856,0.0,0.0,1.0357387,0.5554927,0.0,0.0,0.0,1.2368582,1.5617161,0.32701132,0.22107352,0.0,0.7063346,0.0,0.82164454,0.0,0.3822302,1.2224001,0.0,0.7818333,0.12021303,1.1859457,0.0,0.060056575,11
B0023,0.0,0.0,0.0,0.0,0.0,1.0721972,0.0,1.3755771,1.2401865,0.0,0.0,1.3177328,0.7519038,0.0,0.0,0.0,1.7846918,1.3932688,0.5189094,0.2247543,0.0,0.84850466,0.0,1.2159803,0.0,0.72222984,1.6674092,0.0,1.0059562,0.2662016,1.4486072,0.0,0.035465933,11
B0024,0.0,0.0,0.0,0.0,0.0,1.0223691,0.0,1.2774584,1.2672803,0.0,0.0,0.89326805,0.563166,0.0,0.0,0.0,1.1517583,1.4839096,0.35672787,0.20808074,0.0,0.7549808,0.0,0.73416525,0.0,0.31426606,1.2766654,0.0,0.6999512,0.16368589,1.2425337,0.0,0.06326617,11
B0025,0.0,0.0,0.0,0.0,0.0,1.1037794,0.0,1.4021242,1.3324107,0.0,0.0,1.3660772,0.79865676,0.0,0.0,0.0,1.8558284,1.4273685,0.5014064,0.21429396,0.0,0.8598599,0.0,1.2019919,0.0,0.82653344,1.6877908,0.0,1.0722853,0.27153522,1.5235808,0.0,0.032162573,11
B0026,0.0,0.0,0.0,0.0,0.0,1.1038947,0.0,1.399956,1.3239774,0.0,0.0,1.3583586,0.79414684,0.0,0.0,0.0,1.8520987,1.4345672,0.50476736,0.21738383,0.0,0.8627784,0.0,1.2056512,0.0,0.81310654,1.6843625,0.0,1.0785542,0.2676373,1.5214825,0.0,0.0322547,11
B0027,0.0,0.0,0.0,0.0,0.0,1.2228053,0.0,1.2828591,1.4148953,0.0,0.0,1.2137256,0.6533699,0.0,0.0,0.0,1.677579,1.5138006,0.39878333,0.23422487,0.0,0.7836559,0.0,0.9698824,0.0,0.61614144,1.5459512,0.0,0.9486277,0.13948017,1.5102394,0.0,0.039073475,11
B0028,0.0,0.0,0.0,0.0,0.0,1.1014866,0.0,1.3999395,1.3264054,0.0,0.0,1.363872,0.7970698,0.0,0.0,0.0,1.8489637,1.4231412,0.49955556,0.21371447,0.0,0.85724026,0.0,1.1998211,0.0,0.82376707,1.6842821,0.0,1.0658283,0.2722361,1.5189667,0.0,0.032444064,11
B0029,0.0,0.0,0.0,0.0,0.0,0.9319713,0.0,1.1663162,1.2346393,0.0,0.0,0.6998878,0.45972216,0.0,0.0,0.0,0.8317419,1.4066305,0.29391512,0.18309519,0.0,0.6574038,0.0,0.48245484,0.0,0.16441338,1.1434308,0.0,0.5492564,0.14634767,1.0777818,0.0,0.088751465,11
B0030,0.0,0.0,0.0,0.0,0.0,1.0600057,0.0,1.2525835,1.3086088,0.0,0.0,0.9692868,0.5919783,0.0,0.0,0.0,1.3023912,1.4685047,0.36778903,0.20536703,0.0,0.7687588,0.0,0.7912138,0.0,0.42494488,1.3502146,0.0,0.7623472,0.16512819,1.3129671,0.0,0.05632702,11
B0031,0.0,0.0,0.0,0.0,0.0,1.0812732,0.0,1.2235886,1.2688009,0.0,0.0,0.97474253,0.56479543,0.0,0.0,0.0,1.2307103,1.5464317,0.3332256,0.21277165,0.0,0.7535335,0.0,0.77065253,0.0,0.35625666,1.2866817,0.0,0.73626864,0.13136938,1.253495,0.0,0.05930289,11
B0032,0.0,0.0,0.0,0.0,0.0,1.1498277,0.0,1.3571329,1.3392922,0.0,0.0,1.5005596,0.7753126,0.0,0.0,0.0,1.9001855,1.7537247,0.50317323,0.23956299,0.0,0.8572018,0.0,1.2991898,0.0,0.7952556,1.6895895,0.0,1.0691273,0.2437652,1.513355,0.0,0.028392632,11
B0033,0.0,0.0,0.0,0.0,0.0,0.7132571,0.0,0.18047208,1.1381084,0.0,0.0,0.4248177,0.2361989,0.0,0.0,0.0,0.4139892,1.4680915,0.0,0.14962599,0.0,0.38390046,0.0,0.13638955,0.0,0.0,0.7395798,0.0,0.097911656,0.0,0.9148766,0.0,0.17738296,11
B0034,0.0,0.0,0.0,0.0,0.0,1.2679815,0.0,1.2826757,1.330029,0.0,0.0,1.1991081,0.5935259,0.0,0.0,0.0,1.5203761,1.4970031,0.39761287,0.2437409,0.0,0.7154941,0.0,0.96200246,0.0,0.5692899,1.4620491,0.0,0.9234749,0.1193534,1.4089098,0.0,0.043401547,11
B0035,0.0,0.0,0.0,0.0,0.0,0.9176545,0.0,1.2523893,1.3753722,0.0,0.0,0.5106705,0.3805042,0.0,0.0,0.0,0.5492738,1.4463795,0.2987734,0.17275986,0.0,0.6440873,0.0,0.2686311,0.0,0.03982526,1.3112724,0.0,0.50270814,0.16137572,1.1503994,0.0,0.09638126,11
B0036,0.0,0.0,0.0,0.0,0.0,0.91491675,0.0,1.0747979,1.1609555,0.0,0.0,0.88495517,0.55072653,0.0,0.0,0.0,1.2664417,1.3813195,0.400308,0.18745683,0.0,0.70829165,0.0,0.81264055,0.0,0.35711262,1.1801513,0.0,0.70868707,0.15904585,1.1502045,0.0,0.06935386,11
B0037,0.0,0.0,0.0,0.0,0.0,1.09203,0.0,1.3197005,1.354336,0.0,0.0,1.4703531,0.82776946,0.0,0.0,0.0,1.9073279,1.6171081,0.49617532,0.22679791,0.0,0.8599182,0.0,1.2752812,0.0,0.8735143,1.6981711,0.0,1.0968647,0.28168744,1.5457771,0.0,0.029378166,11
B0038,0.0,0.0,0.0,0.0,0.0,1.1275712,0.0,1.4231678,1.3149331,0.0,0.0,1.3765504,0.7968519,0.0,0.0,0.0,1.8362652,1.4662659,0.51237327,0.22565243,0.0,0.8741117,0.0,1.222002,0.0,0.80105215,1.7049187,0.0,1.0828943,0.27034342,1.526017,0.0,0.031444024,11
B0039,0.0,0.0,0.0,0.0,0.0,1.0705671,0.0,1.3932629,1.3730568,0.0,0.0,1.3796184,0.8188654,0.0,0.0,0.0,1.9034258,1.4286013,0.50236213,0.197165,0.0,0.85407394,0.0,1.2070205,0.0,0.86407197,1.6847625,0.0,1.0394568,0.28849223,1.5751035,0.0,0.031481758,11
B0040,0.0,0.0,0.0,0.0,0.0,1.1158046,0.0,1.4098974,1.2822304,0.0,0.0,1.3688835,0.7822144,0.0,0.0,0.0,1.8113265,1.4646739,0.5223129,0.22755377,0.0,0.86735976,0.0,1.2384719,0.0,0.7585022,1.690784,0.0,1.0387785,0.274447,1.4979367,0.0,0.032522574,11
B0041,0.0,0.0,0.0,0.0,0.0,1.2719457,0.0,1.287755,1.3851874,0.0,0.0,1.2148256,0.61073774,0.0,0.0,0.0,1.5688938,1.501218,0.38506323,0.24214734,0.0,0.72609466,0.0,0.9458302,0.0,0.58852935,1.4909389,0.0,0.9217757,0.12004437,1.4424961,0.0,0.041822463,11
B0042,0.0,0.0,0.0,0.0,0.0,1.2951595,0.0,1.4041044,1.2974231,0.0,0.0,1.0580716,0.516815,0.0,0.0,0.0,1.1800674,1.5665548,0.3281148,0.2679118,0.0,0.6930392,0.0,0.800999,0.0,0.3145158,1.3177509,0.0,0.78433156,0.06832537,1.21361,0.0,0.05403161,11
B0043,0.0,0.0,0.0,0.0,0.0,1.0227123,0.0,1.2425885,1.245847,0.0,0.0,1.0234668,0.5660789,0.0,0.0,0.0,1.2143909,1.4120243,0.4254797,0.21571872,0.0,0.662076,0.0,0.8420044,0.0,0.4886375,1.2323968,0.0,0.83309865,0.19047648,1.2068559,0.0,0.059984572,11
B0044,0.0,0.0,0.0,0.0,0.0,1.2599697,0.0,1.2803621,1.4156299,0.0,0.0,1.2355267,0.63397104,0.0,0.0,0.0,1.6473731,1.5366421,0.39678568,0.24074169,0.0,0.7594318,0.0,0.9629495,0.0,0.6036879,1.5400109,0.0,0.9364197,0.12667774,1.5057147,0.0,0.0391716,11
B0045,0.0,0.0,0.0,0.0,0.0,0.9395244,0.0,1.2255152,1.2713363,0.0,0.0,0.61349833,0.42215365,0.0,0.0,0.0,0.6825019,1.4297715,0.31278235,0.18599592,0.0,0.6657709,0.0,0.38827145,0.0,0.064370796,1.2218626,0.0,0.51387805,0.15474208,1.115704,0.0,0.092363,11
B0046,0.0,0.0,0.0,0.0,0.0,1.0724443,0.0,1.2490778,1.2859306,0.0,0.0,0.9995873,0.5959554,0.0,0.0,0.0,1.354219,1.4669963,0.36545134,0.21454644,0.0,0.77685905,0.0,0.8292585,0.0,0.4226005,1.3647583,0.0,0.7509821,0.15242057,1.3054945,0.0,0.05493675,11
B0047,0.0,0.0,0.0,0.0,0.0,1.0256741,0.0,1.2442306,1.2783401,0.0,0.0,0.76196337,0.48717213,0.0,0.0,0.0,0.8960295,1.5369318,0.2960875,0.19880292,0.0,0.723719,0.0,0.53049946,0.0,0.1612152,1.2364739,0.0,0.617975,0.13548231,1.17977,0.0,0.0758523,11
B0048,0.0,0.0,0.0,0.0,0.0,0.9920157,0.0,1.3104345,1.1778581,0.0,0.0,1.2506499,0.73364353,0.0,0.0,0.0,1.7436602,1.2873821,0.48776507,0.19985124,0.0,0.79540056,0.0,1.1746167,0.0,0.71058583,1.5940144,0.0,0.93046343,0.27197045,1.390774,0.0,0.040885057,11
B0049,0.0,0.0,0.0,0.0,0.0,1.0755455,0.0,1.3771539,1.2421103,0.0,0.0,1.3380429,0.7644076,0.0,0.0,0.0,1.7947054,1.3906517,0.5152515,0.22323525,0.0,0.8491453,0.0,1.2220304,0.0,0.74616444,1.6806049,0.0,1.0237647,0.26927334,1.4537922,0.0,0.03485555,11
B0050,0.0,0.0,0.0,0.0,0.0,1.1417348,0.0,1.2214559,1.2587388,0.0,0.0,1.0288389,0.56205654,0.0,0.0,0.0,1.3232853,1.4830387,0.33780783,0.22645545,0.0,0.7453257,0.0,0.81628716,0.0,0.3927685,1.3727126,0.0,0.7466212,0.12064007,1.2917767,0.0,0.055585157,11
B0051,0.0,0.0,0.0,0.0,0.0,1.0305743,0.0,1.2422167,1.2842722,0.0,0.0,0.8901222,0.55565643,0.0,0.0,0.0,1.1695306,1.4510925,0.351556,0.19802406,0.0,0.74782217,0.0,0.71180916,0.0,0.35361165,1.3007406,0.0,0.7075991,0.16427743,1.267792,0.0,0.063340396,11
B0052,0.0,0.0,0.0,0.0,0.0,0.90183365,0.0,1.1998718,1.3206732,0.0,0.0,0.5562345,0.4000002,0.0,0.0,0.0,0.621205,1.4409753,0.29112518,0.17733055,0.0,0.64298266,0.0,0.32651013,0.0,0.06927514,1.2584081,0.0,0.4892905,0.15620123,1.0931163,0.0,0.09667704,11
B0053,0.0,0.0,0.0,0.0,0.0,1.2953153,0.0,1.3245754,1.3366902,0.0,0.0,1.204488,0.5937019,0.0,0.0,0.0,1.5262957,1.5136956,0.38972148,0.25788313,0.0,0.740322,0.0,0.96316665,0.0,0.52487946,1.5000491,0.0,0.907993,0.10851139,1.407109,0.0,0.042317457,11
B0054,0.0,0.0,0.0,0.0,0.0,1.0032375,0.0,1.1949581,1.1622121,0.0,0.0,0.9320333,0.5602181,0.0,0.0,0.0,1.2521071,1.3595451,0.36151418,0.20619988,0.0,0.7365092,0.0,0.819087,0.0,0.38566324,1.2983078,0.0,0.6847771,0.1631811,1.2069095,0.0,0.06422066,11
B0055,0.0,0.0,0.0,0.0,0.0,1.2754211,0.0,1.3393464,1.3106364,0.0,0.0,1.2068872,0.59856033,0.0,0.0,0.0,1.502339,1.5165584,0.40709427,0.25535715,0.0,0.7463293,0.0,0.98039997,0.0,0.5408064,1.4920158,0.0,0.91285694,0.12933293,1.4033669,0.0,0.042440224,11
B0056,0.0,0.0,0.0,0.0,0.0,1.2363731,0.0,1.2841973,1.3906207,0.0,0.0,1.2197886,0.6481874,0.0,0.0,0.0,1.6583004,1.5273981,0.4112269,0.23946536,0.0,0.7829048,0.0,0.98078644,0.0,0.6018505,1.5475342,0.0,0.94605476,0.13973768,1.5014534,0.0,0.039123993,11
B0057,0.0,0.0,0.0,0.0,0.0,1.1029677,0.0,1.4018667,1.3208277,0.0,0.0,1.3628057,0.7961414,0.0,0.0,0.0,1.8459029,1.4256653,0.50122786,0.21426733,0.0,0.8584506,0.0,1.2022948,0.0,0.81666505,1.6828858,0.0,1.0625427,0.27266356,1.5209169,0.0,0.03247264,11
B0058,0.0,0.0,0.0,0.0,0.0,1.0717673,0.0,1.2171135,1.1962321,0.0,0.0,0.96999073,0.5244199,0.0,0.0,0.0,1.1721544,1.3961679,0.39420408,0.22243074,0.0,0.68110883,0.0,0.82217467,0.0,0.383475,1.2518564,0.0,0.7407375,0.15210658,1.1701281,0.0,0.0637772,11
B0059,0.0,0.0,0.0,0.0,0.0,1.8159995,0.0,1.6073658,1.5981805,0.0,0.0,1.495888,0.538107,0.0,0.0,0.0,1.5311538,2.181404,0.36263752,0.36418426,0.0,0.82225794,0.0,1.096442,0.0,0.4315974,1.6697325,0.0,1.150673,0.0,1.5964047,0.0,0.02467112,11
B0060,0.0,0.0,0.0,0.0,0.0,1.2145013,0.0,1.2739402,1.3679228,0.0,0.0,1.2119038,0.63352334,0.0,0.0,0.0,1.591023,1.4832506,0.4102448,0.23131885,0.0,0.74376965,0.0,0.96462977,0.0,0.63381684,1.4933112,0.0,0.94388914,0.15008545,1.4528853,0.0,0.04167447,11
B0061,0.0,0.0,0.0,0.0,0.0,1.1055787,0.0,1.2661343,1.2408237,0.0,0.0,1.0052118,0.5524905,0.0,0.0,0.0,1.2021756,1.4749814,0.38055593,0.228381,0.0,0.71455145,0.0,0.8186704,0.0,0.40225923,1.2848632,0.0,0.8049011,0.14781761,1.2332855,0.0,0.058506507,11
B0062,0.0,0.0,0.0,0.0,0.0,0.9508593,0.0,1.2165506,1.258892,0.0,0.0,0.7252974,0.478791,0.0,0.0,0.0,0.88660586,1.4302682,0.30529276,0.18852207,0.0,0.68293756,0.0,0.5222837,0.0,0.18699464,1.1888554,0.0,0.5804774,0.1532692,1.1447836,0.0,0.08195826,11
B0063,0.0,0.0,0.0,0.0,0.0,1.6746726,0.0,1.5829072,1.4447447,0.0,0.0,1.309294,0.52029985,0.0,0.0,0.0,1.2657294,1.9849015,0.29475754,0.3365797,0.0,0.79124147,0.0,0.9223322,0.0,0.2651713,1.59818,0.0,1.0433674,0.0,1.48228,0.0,0.03397636,11
B0064,0.0,0.0,0.0,0.0,0.0,0.8968967,0.0,1.1918721,1.2882723,0.0,0.0,0.5801528,0.40930587,0.0,0.0,0.0,0.67817354,1.41309,0.28872505,0.18149748,0.0,0.63753337,0.0,0.35487926,0.0,0.06639145,1.2064005,0.0,0.4676775,0.1477056,1.0763782,0.0,0.09715625,11
B0065,0.0,0.0,0.0,0.0,0.0,1.149448,0.0,1.4443349,1.2730458,0.0,0.0,1.3827507,0.78493077,0.0,0.0,0.0,1.8003321,1.5001088,0.5233613,0.23834974,0.0,0.8791127,0.0,1.2445531,0.0,0.7386697,1.6959848,0.0,1.0587429,0.26718706,1.501261,0.0,0.031665478,11
B0066,0.0,0.0,0.0,0.0,0.0,1.115238,0.0,1.3884239,1.2715881,0.0,0.0,1.362936,0.7831427,0.0,0.0,0.0,1.8225234,1.4495447,0.5215311,0.22895882,0.0,0.86044306,0.0,1.2285172,0.0,0.75189435,1.6778215,0.0,1.0470598,0.2651849,1.4874039,0.0,0.033020798,11
B0067,0.0,0.0,0.0,0.0,0.0,1.1066513,0.0,1.3904115,1.2451392,0.0,0.0,1.3478087,0.76538044,0.0,0.0,0.0,1.7639654,1.4230921,0.49931717,0.22557127,0.0,0.8472271,0.0,1.2027589,0.0,0.7503041,1.6694195,0.0,1.01209,0.26819804,1.4554446,0.0,0.034777276,11
B0068,0.0,0.0,0.0,0.0,0.0,1.1187751,0.0,1.4170336,1.4566295,0.0,0.0,1.4422002,0.85140127,0.0,0.0,0.0,1.9904517,1.5036156,0.5177369,0.19872285,0.0,0.89091045,0.0,1.2357781,0.0,0.9270686,1.7361572,0.0,1.1048975,0.29039243,1.6285491,0.0,0.027703203,11
B0069,0.0,0.0,0.0,0.0,0.0,0.9595571,0.0,1.221481,1.1521686,0.0,0.0,0.9380823,0.5309065,0.0,0.0,0.0,1.1760974,1.3665823,0.4313521,0.21331336,0.0,0.68249923,0.0,0.8703049,0.0,0.39564604,1.230505,0.0,0.74889684,0.19116674,1.1697102,0.0,0.06542762,11
B0070,0.0,0.0,0.0,0.0,0.0,1.0819597,0.0,1.2682074,1.3064924,0.0,0.0,1.043732,0.6094345,0.0,0.0,0.0,1.3608959,1.4690108,0.39175272,0.21409628,0.0,0.7570343,0.0,0.85622495,0.0,0.49854478,1.3506792,0.0,0.83353496,0.16928641,1.3249884,0.0,0.052455395,11
B0071,0.0,0.0,0.0,0.0,0.0,0.96435016,0.0,1.1514077,1.3176143,0.0,0.0,0.8206643,0.47096238,0.0,0.0,0.0,0.9763202,1.4254295,0.3051771,0.20596066,0.0,0.60444677,0.0,0.5655745,0.0,0.2698091,1.1477482,0.0,0.5962578,0.1197326,1.0507904,0.0,0.08010763,11
B0072,0.0,0.0,0.0,0.0,0.0,1.0915095,0.0,1.2713673,1.3390702,0.0,0.0,1.0296841,0.61833155,0.0,0.0,0.0,1.4148395,1.4908899,0.37126195,0.21314472,0.0,0.7909558,0.0,0.84140617,0.0,0.4666105,1.4103031,0.0,0.7899431,0.15944105,1.3701103,0.0,0.050815463,11
B0073,0.0,0.0,0.0,0.0,0.0,0.9341483,0.0,1.1486897,1.2925777,0.0,0.0,0.7072677,0.44144592,0.0,0.0,0.0,0.90164393,1.4483082,0.3332905,0.19718018,0.0,0.6219043,0.0,0.5231901,0.0,0.14687967,1.1373558,0.0,0.53568614,0.11877747,1.0261388,0.0,0.08639738,11
B0074,0.0,0.0,0.0,0.0,0.0,1.0109341,0.0,1.2403102,1.2822347,0.0,0.0,0.8270148,0.52879596,0.0,0.0,0.0,1.0714449,1.4506669,0.33051682,0.19361064,0.0,0.7329731,0.0,0.644519,0.0,0.29155004,1.2699418,0.0,0.6671107,0.1586439,1.243563,0.0,0.068680674,11
B0075,0.0,0.0,0.0,0.0,0.0,1.122748,0.0,1.4187757,1.2682073,0.0,0.0,1.3608358,0.7758734,0.0,0.0,0.0,1.7928498,1.4475784,0.51722294,0.23178154,0.0,0.8655971,0.0,1.2279615,0.0,0.7503981,1.6891167,0.0,1.0470577,0.26857236,1.4796118,0.0,0.0330218,11
B0076,0.0,0.0,0.0,0.0,0.0,1.3092334,0.0,1.312207,1.3686569,0.0,0.0,1.2209966,0.60231435,0.0,0.0,0.0,1.5873506,1.5477089,0.39632553,0.25624266,0.0,0.7598144,0.0,0.9785029,0.0,0.5292933,1.5416319,0.0,0.9060111,0.10638708,1.4674634,0.0,0.040042777,11
B0077,0.0,0.0,0.0,0.0,0.0,1.224331,0.0,1.2761041,1.3724012,0.0,0.0,1.2104269,0.6250553,0.0,0.0,0.0,1.572708,1.473857,0.40449446,0.2324896,0.0,0.7291412,0.0,0.9568704,0.0,0.629187,1.482635,0.0,0.9403556,0.144595,1.4398413,0.0,0.042235203,11
B0078,0.0,0.0,0.0,0.0,0.0,0.8662532,0.0,1.1312511,1.2234569,0.0,0.0,0.56028914,0.4004625,0.0,0.0,0.0,0.6724046,1.34762,0.30129084,0.16963586,0.0,0.61749214,0.0,0.35332686,0.0,0.05559762,1.1636858,0.0,0.43349084,0.15235615,1.019846,0.0,0.10432366,11
B0079,0.0,0.0,0.0,0.0,0.0,1.0581616,0.0,1.2743347,1.2753398,0.0,0.0,1.0089316,0.60094297,0.0,0.0,0.0,1.3174264,1.4518335,0.39802152,0.21313623,0.0,0.76139766,0.0,0.852006,0.0,0.46814767,1.3404675,0.0,0.79591167,0.17975363,1.2991098,0.0,0.05478773,11
B0080,0.0,0.0,0.0,0.0,0.0,1.0945351,0.0,1.2073759,1.2633748,0.0,0.0,1.0056565,0.57280445,0.0,0.0,0.0,1.4032273,1.5301671,0.3926234,0.22289899,0.0,0.7591022,0.0,0.8961478,0.0,0.3809843,1.3348143,0.0,0.787345,0.11994301,1.3072785,0.0,0.053456824,11
B0081,0.0,0.0,0.0,0.0,0.0,0.94513357,0.0,1.1648672,1.2524014,0.0,0.0,0.7025944,0.4632495,0.0,0.0,0.0,0.8538701,1.4161702,0.2860423,0.18063754,0.0,0.6658939,0.0,0.48180142,0.0,0.17071557,1.1626606,0.0,0.55823416,0.1414936,1.1043406,0.0,0.08680908,11
B0082,0.0,0.0,0.0,0.0,0.0,0.8219232,0.0,1.054531,1.1571695,0.0,0.0,0.6657055,0.45004323,0.0,0.0,0.0,0.86000025,1.2571983,0.3667652,0.17076305,0.0,0.60600746,0.0,0.52705467,0.0,0.2141145,1.0635655,0.0,0.50113094,0.16402353,0.98214483,0.0,0.09897973,11
B0083,0.0,0.0,0.0,0.0,0.0,1.0984013,0.0,1.3824856,1.2844173,0.0,0.0,1.3481655,0.78202844,0.0,0.0,0.0,1.8216088,1.4253976,0.50596565,0.21845049,0.0,0.85283846,0.0,1.2078955,0.0,0.781044,1.6723223,0.0,1.0483239,0.26757094,1.4905424,0.0,0.033549577,11
B0084,0.0,0.0,0.0,0.0,0.0,0.9097151,0.0,1.1588602,1.1500566,0.0,0.0,0.7022321,0.4491737,0.0,0.0,0.0,0.82121336,1.3572804,0.330674,0.1918088,0.0,0.6587854,0.0,0.5333118,0.0,0.1304053,1.1177069,0.0,0.5125086,0.15590936,1.0124185,0.0,0.092419535,11
B0085,0.0,0.0,0.0,0.0,0.0,1.1114522,0.0,1.1943269,1.2035681,0.0,0.0,1.0922948,0.5584789,0.0,0.0,0.0,1.4594443,1.3302262,0.48991784,0.23414676,0.0,0.65117025,0.0,1.0363239,0.0,0.518434,1.318014,0.0,0.93222845,0.15020591,1.2238613,0.0,0.052338403,11
B0086,0.0,0.0,0.0,0.0,0.0,1.4293168,0.0,1.3222153,1.4171047,0.0,0.0,0.90080786,0.34543288,0.0,0.0,0.0,0.91982746,1.6190891,0.19989249,0.25485325,0.0,0.589657,0.0,0.5497409,0.0,0.09037,1.382098,0.0,0.6753418,0.0,1.2569582,0.0,0.063661024,11
B0087,0.0,0.0,0.0,0.0,0.0,1.0165415,0.0,1.3203435,1.2063351,0.0,0.0,0.8254564,0.50547993,0.0,0.0,0.0,0.9454008,1.5582794,0.40454087,0.2273419,0.0,0.76840574,0.0,0.68343264,0.0,0.13959095,1.2446561,0.0,0.63762635,0.1628779,1.1332512,0.0,0.07029173,11
B0088,0.0,0.0,0.0,0.0,0.0,1.2705257,0.0,1.3081836,1.3127759,0.0,0.0,1.1900663,0.5859317,0.0,0.0,0.0,1.4878187,1.4813237,0.3809619,0.25050056,0.0,0.72108966,0.0,0.9485972,0.0,0.5322873,1.4646537,0.0,0.87967324,0.11581749,1.3809223,0.0,0.04461995,11
B0089,0.0,0.0,0.0,0.0,0.0,1.084804,0.0,1.3771431,1.2761593,0.0,0.0,1.3442461,0.7784282,0.0,0.0,0.0,1.7971127,1.3905097,0.49511948,0.21327811,0.0,0.8431114,0.0,1.1885387,0.0,0.7903526,1.6641445,0.0,1.0138807,0.2746576,1.4768815,0.0,0.034733217,11
B0090,0.0,0.0,0.0,0.0,0.0,1.1043599,0.0,1.3961246,1.3442409,0.0,0.0,1.3663812,0.80351216,0.0,0.0,0.0,1.8687153,1.4571822,0.5055171,0.21606097,0.0,0.8761983,0.0,1.2147377,0.0,0.8384015,1.6976326,0.0,1.0977516,0.27148002,1.534291,0.0,0.03137979,11
B0091,0.0,0.0,0.0,0.0,0.0,0.8020359,0.0,0.12092084,1.0627594,0.0,0.0,0.5469832,0.1499905,0.0,0.0,0.0,0.46474606,1.3326881,0.0,0.1842069,0.0,0.34988236,0.0,0.224056,0.0,0.0,0.74728453,0.0,0.17697346,0.0,0.92303514,0.0,0.17444682,11
B0092,0.0,0.0,0.0,0.0,0.0,1.0609183,0.0,1.2380427,1.2219343,0.0,0.0,0.9368108,0.5538773,0.0,0.0,0.0,1.203574,1.4567116,0.3421892,0.21516283,0.0,0.7559364,0.0,0.76921594,0.0,0.3294178,1.3033749,0.0,0.6879109,0.14173709,1.2217088,0.0,0.062476,11
B0093,0.0,0.0,0.0,0.0,0.0,1.0212898,0.0,1.3474597,1.2179904,0.0,0.0,0.9809108,0.5683237,0.0,0.0,0.0,1.1916815,1.4632862,0.3978873,0.22432336,0.0,0.7218454,0.0,0.8522794,0.0,0.34350234,1.2336622,0.0,0.75223505,0.17867973,1.1716657,0.0,0.060375128,11
B0094,0.0,0.0,0.0,0.0,0.0,1.1466019,0.0,1.3420091,1.3944278,0.0,0.0,1.4841623,0.7618677,0.0,0.0,0.0,1.9552692,1.7768251,0.5025627,0.22381511,0.0,0.8503158,0.0,1.2921216,0.0,0.8176558,1.6985023,0.0,1.0551175,0.24235216,1.5424569,0.0,0.027737824,11
B0095,0.0,0.0,0.0,0.0,0.0,0.96115327,0.0,1.2058473,1.1822402,0.0,0.0,0.7137293,0.45234713,0.0,0.0,0.0,0.7931155,1.4351587,0.2979188,0.19982345,0.0,0.6759517,0.0,0.5235392,0.0,0.091860324,1.138364,0.0,0.5315907,0.13783811,1.0172901,0.0,0.0890126,11
B0096,0.0,0.0,0.0,0.0,0.0,1.059774,0.0,1.2227087,1.2470946,0.0,0.0,0.95077664,0.5416658,0.0,0.0,0.0,1.1594929,1.4582045,0.37996125,0.21789938,0.0,0.697261,0.0,0.7684537,0.0,0.3707054,1.243252,0.0,0.77215177,0.14966926,1.1959685,0.0,0.06316398,11
B0097,0.0,0.0,0.0,0.0,0.0,0.98454,0.0,1.135008,1.298964,0.0,0.0,0.93145674,0.46516842,0.0,0.0,0.0,1.0430541,1.3319569,0.4339943,0.23183796,0.0,0.49200717,0.0,0.6914308,0.0,0.47338268,1.1478249,0.0,0.7650684,0.13893172,1.010467,0.0,0.0742828,11
B0098,0.0,0.0,0.0,0.0,0.0,1.031764,0.0,1.2241508,1.2549555,0.0,0.0,0.8610707,0.5402985,0.0,0.0,0.0,1.1134516,1.4762583,0.3274893,0.20425965,0.0,0.7459077,0.0,0.6904929,0.0,0.27392066,1.2522969,0.0,0.6872443,0.13741031,1.1915025,0.0,0.06733958,11
B0099,0.0,0.0,0.0,0.0,0.0,1.0569768,0.0,1.2586117,1.3089187,0.0,0.0,0.9689028,0.5944079,0.0,0.0,0.0,1.3022155,1.4671578,0.36590564,0.20599312,0.0,0.77044946,0.0,0.79093266,0.0,0.4205476,1.346639,0.0,0.75733197,0.16404334,1.3093486,0.0,0.056426875,11
B0100,0.0,0.0,0.0,0.0,0.0,1.1041464,0.0,1.4039361,1.3284367,0.0,0.0,1.3649094,0.7976067,0.0,0.0,0.0,1.85064,1.427373,0.50087714,0.21480283,0.0,0.8594362,0.0,1.2021359,0.0,0.8236122,1.6870003,0.0,1.0711997,0.27177817,1.5212126,0.0,0.03225138,11
B0101,0.0,0.0,0.0,0.0,0.0,1.003129,0.0,1.287041,1.1942358,0.0,0.0,0.94950753,0.49600393,0.0,0.0,0.0,1.0767319,1.4527268,0.3603503,0.2413297,0.0,0.59637916,0.0,0.76902634,0.0,0.29412097,1.1188607,0.0,0.70064205,0.12131849,1.0141892,0.0,0.07049167,11
B0102,0.0,0.0,0.0,0.0,0.0,0.9407487,0.0,1.2047057,1.2539005,0.0,0.0,0.7946465,0.51345503,0.0,0.0,0.0,0.9833929,1.4393424,0.33693844,0.19423637,0.0,0.6876998,0.0,0.6111459,0.0,0.26145452,1.1720406,0.0,0.63836694,0.16154824,1.1215189,0.0,0.07675912,11
B0103,0.0,0.0,0.0,0.0,0.0,1.2016839,0.0,1.3049208,1.3765213,0.0,0.0,1.2023615,0.6542624,0.0,0.0,0.0,1.6322482,1.4854331,0.39966404,0.23158282,0.0,0.7798307,0.0,0.97293866,0.0,0.6098768,1.5226797,0.0,0.9246408,0.1547623,1.478575,0.0,0.040582307,11
B0104,0.0,0.0,0.0,0.0,0.0,0.908368,0.0,1.1935682,1.1651645,0.0,0.0,0.7540032,0.48501247,0.0,0.0,0.0,0.8550912,1.3955812,0.39458206,0.21097511,0.0,0.65362954,0.0,0.60341704,0.0,0.24209335,1.1551962,0.0,0.6116475,0.1785247,1.0248019,0.0,0.084374174,11
B0105,0.0,0.0,0.0,0.0,0.0,1.092156,0.0,1.255928,1.332573,0.0,0.0,1.0281992,0.61427283,0.0,0.0,0.0,1.4114565,1.489414,0.37384236,0.21131271,0.0,0.7866393,0.0,0.8387318,0.0,0.46996507,1.4106624,0.0,0.78678775,0.16148455,1.3731086,0.0,0.05115525,11
B0106,0.0,0.0,0.0,0.0,0.0,0.9667001,0.0,1.2594142,1.2171166,0.0,0.0,0.6888145,0.43205783,0.0,0.0,0.0,0.6872863,1.4581146,0.28421915,0.19540243,0.0,0.6679388,0.0,0.42647773,0.0,0.061849996,1.166141,0.0,0.46748167,0.15068495,1.055841,0.0,0.09185934,11
B0107,0.0,0.0,0.0,0.0,0.0,1.1146162,0.0,1.4638374,1.3495244,0.0,0.0,1.4110994,0.7907197,0.0,0.0,0.0,1.8616387,1.5210922,0.53525317,0.22761157,0.0,0.8915646,0.0,1.267319,0.0,0.8039589,1.7566347,0.0,1.0604987,0.28510636,1.5870538,0.0,0.029374005,11
B0108,0.0,0.0,0.0,0.0,0.0,1.1031392,0.0,1.40077,1.3278804,0.0,0.0,1.3651521,0.7969804,0.0,0.0,0.0,1.8510549,1.4280443,0.5007013,0.21436983,0.0,0.8589717,0.0,1.2022619,0.0,0.82358074,1.6867572,0.0,1.0686222,0.27174062,1.5210062,0.0,0.03229333,11
B0109,0.0,0.0,0.0,0.0,0.0,0.9901866,0.0,1.1600996,1.2456112,0.0,0.0,0.6973431,0.37022895,0.0,0.0,0.0,0.7154182,1.4015121,0.26036268,0.20792922,0.0,0.55357814,0.0,0.45147532,0.0,0.11298598,1.1355666,0.0,0.5105256,0.0998971,0.95516497,0.0,0.09561067,11
B0110,0.0,0.0,0.0,0.0,0.0,1.1457064,0.0,1.417341,1.314738,0.0,0.0,1.4303864,0.7949436,0.0,0.0,0.0,1.8493145,1.5725176,0.54144615,0.24584372,0.0,0.88687235,0.0,1.2855023,0.0,0.7621403,1.7205458,0.0,1.0719608,0.2739566,1.5236609,0.0,0.029738663,11
B0111,0.0,0.0,0.0,0.0,0.0,1.0642877,0.0,1.2190962,1.1174976,0.0,0.0,0.96601856,0.4916695,0.0,0.0,0.0,1.0453889,1.3579382,0.393466,0.23399144,0.0,0.6194844,0.0,0.79289633,0.0,0.3602087,1.1835513,0.0,0.73736703,0.15548882,1.0934972,0.0,0.070160255,11
B0112,0.0,0.0,0.0,0.0,0.0,1.1597517,0.0,1.3133905,1.2442971,0.0,0.0,0.9577539,0.52020454,0.0,0.0,0.0,1.1247302,1.5273061,0.32832727,0.2412803,0.0,0.7194462,0.0,0.7540139,0.0,0.25440034,1.2733731,0.0,0.7085571,0.099953815,1.1741581,0.0,0.061760444,11
B0113,0.0,0.0,0.0,0.0,0.0,1.2264118,0.0,1.2717679,1.3422757,0.0,0.0,1.1840377,0.6110112,0.0,0.0,0.0,1.5650856,1.4687505,0.4139762,0.23885457,0.0,0.7291882,0.0,0.9721191,0.0,0.58084047,1.465077,0.0,0.9313278,0.13011642,1.4082978,0.0,0.043279078,11
B0114,0.0,0.0,0.0,0.0,0.0,0.984932,0.0,1.1888376,1.2273018,0.0,0.0,0.8677441,0.51860255,0.0,0.0,0.0,1.0353321,1.4426463,0.37076205,0.20738384,0.0,0.6740212,0.0,0.68123525,0.0,0.3048462,1.1736686,0.0,0.7038107,0.15917532,1.1238351,0.0,0.07245056,11
B0115,0.0,0.0,0.0,0.0,0.0,0.93510675,0.0,1.1949792,1.2230239,0.0,0.0,0.84377664,0.5268295,0.0,0.0,0.0,1.1217138,1.4127352,0.37168393,0.20292008,0.0,0.70300436,0.0,0.707516,0.0,0.25872508,1.1743201,0.0,0.6226362,0.1531865,1.1112227,0.0,0.07294624,11
B0116,0.0,0.0,0.0,0.0,0.0,0.9497929,0.0,1.2592514,1.3000598,0.0,0.0,0.83437264,0.5559546,0.0,0.0,0.0,1.1166751,1.4397286,0.35193735,0.18218394,0.0,0.71497583,0.0,0.6610242,0.0,0.30972403,1.233887,0.0,0.6353912,0.18366566,1.2641034,0.0,0.06832985,11
B0117,0.0,0.0,0.0,0.0,0.0,1.0144501,0.0,1.2716234,1.288915,0.0,0.0,0.8803755,0.5591569,0.0,0.0,0.0,1.1432769,1.468652,0.33841655,0.20099741,0.0,0.74629366,0.0,0.7131168,0.0,0.3324913,1.2756927,0.0,0.7028495,0.1617973,1.2490528,0.0,0.064018756,11
B0118,0.0,0.0,0.0,0.0,0.0,1.1093299,0.0,1.2227747,1.2160044,0.0,0.0,1.0130105,0.5330657,0.0,0.0,0.0,1.2639697,1.5045803,0.37250316,0.23512438,0.0,0.72732776,0.0,0.8664388,0.0,0.3745591,1.3103095,0.0,0.7844141,0.12088494,1.2065686,0.0,0.057678204,11
B0119,0.0,0.0,0.0,0.0,0.0,1.2734168,0.0,1.3973951,1.3203634,0.0,0.0,1.1816283,0.5968815,0.0,0.0,0.0,1.4804237,1.5302296,0.40152228,0.25564998,0.0,0.7431852,0.0,0.9936577,0.0,0.49988586,1.4354976,0.0,0.90125453,0.117778674,1.3671165,0.0,0.042973395,11
B0120,0.0,0.0,0.0,0.0,0.0,1.2064784,0.0,1.3120732,1.2639871,0.0,0.0,1.0695796,0.5613069,0.0,0.0,0.0,1.2975821,1.6025461,0.39872113,0.24965599,0.0,0.77573013,0.0,0.8888858,0.0,0.39289525,1.3928165,0.0,0.8326984,0.12786129,1.3107629,0.0,0.05001445,11
B0121,0.0,0.0,0.0,0.0,0.0,0.902547,0.0,1.2209125,1.2168121,0.0,0.0,0.67976516,0.45070282,0.0,0.0,0.0,0.81575555,1.4470811,0.3209103,0.19998421,0.0,0.6621126,0.0,0.5083466,0.0,0.12119791,1.1684039,0.0,0.5281812,0.14665271,1.0755188,0.0,0.087809406,11
B0122,0.0,0.0,0.0,0.0,0.0,1.1005836,0.0,1.3804743,1.2726926,0.0,0.0,1.3594644,0.7825787,0.0,0.0,0.0,1.8238794,1.4471674,0.52176183,0.22607452,0.0,0.8580564,0.0,1.2315447,0.0,0.75624347,1.6754549,0.0,1.0394218,0.2682244,1.4893453,0.0,0.033215314,11
B0123,0.0,0.0,0.0,0.0,0.0,1.1367679,0.0,1.317426,1.3275542,0.0,0.0,1.518821,0.7838688,0.0,0.0,0.0,1.9009082,1.764135,0.46106276,0.23539338,0.0,0.8353212,0.0,1.2622106,0.0,0.8428165,1.6774851,0.0,1.0923274,0.23446822,1.4877436,0.0,0.028978609,11
B0124,0.0,0.0,0.0,0.0,0.0,1.2343493,0.0,1.2927619,1.3230326,0.0,0.0,1.200384,0.6072379,0.0,0.0,0.0,1.5505848,1.4982283,0.4305067,0.24744642,0.0,0.73917085,0.0,1.0006094,0.0,0.57675683,1.4822509,0.0,0.9491509,0.13429242,1.4132304,0.0,0.042243585,11
B0125,0.0,0.0,0.0,0.0,0.0,1.0821145,0.0,1.4050845,1.4024894,0.0,0.0,1.3901427,0.82749516,0.0,0.0,0.0,1.9571081,1.453246,0.5261266,0.19605373,0.0,0.8734839,0.0,1.2328172,0.0,0.87119055,1.7022141,0.0,1.0621978,0.2908397,1.6043441,0.0,0.029838372,11
B0126,0.0,0.0,0.0,0.0,0.0,1.0864066,0.0,1.2752973,1.3363621,0.0,0.0,1.0273495,0.62038136,0.0,0.0,0.0,1.4048992,1.4887323,0.3744775,0.21187955,0.0,0.7892067,0.0,0.8450011,0.0,0.47095692,1.401022,0.0,0.7956509,0.16428527,1.3633919,0.0,0.05103528,11
B0127,0.0,0.0,0.0,0.0,0.0,0.7562091,0.0,0.17823672,0.9921807,0.0,0.0,0.5711533,0.14465854,0.0,0.0,0.0,0.40521955,1.5783762,0.0,0.18987495,0.0,0.35577968,0.0,0.26458314,0.0,0.0,0.7576833,0.0,0.11386067,0.0,0.7680214,0.0,0.17227033,11
B0128,0.0,0.0,0.0,0.0,0.0,1.0166078,0.0,1.111382,1.2631081,0.0,0.0,0.9467536,0.57559276,0.0,0.0,0.0,1.3177233,1.4717469,0.35473537,0.19148925,0.0,0.7569131,0.0,0.7766315,0.0,0.40759975,1.2840943,0.0,0.7176415,0.13899529,1.2322559,0.0,0.061525334,11
B0129,0.0,0.0,0.0,0.0,0.0,1.2276932,0.0,1.5410819,1.3048878,0.0,0.0,1.4317129,0.7871671,0.0,0.0,0.0,1.8052199,1.6234355,0.54679793,0.27284104,0.0,0.921156,0.0,1.296229,0.0,0.71980715,1.7644982,0.0,1.1472408,0.25593737,1.5254693,0.0,0.027829092,11
B0130,0.0,0.0,0.0,0.0,0.0,0.9835155,0.0,1.1835247,1.2027822,0.0,0.0,0.7343338,0.46731502,0.0,0.0,0.0,0.8894805,1.4327743,0.31801295,0.19681159,0.0,0.7082304,0.0,0.5443864,0.0,0.13343352,1.2015619,0.0,0.56311864,0.13994157,1.1081929,0.0,0.082817905,11
B0131,0.0,0.0,0.0,0.0,0.0,1.237509,0.0,1.2776926,1.3824394,0.0,0.0,1.2137265,0.6233134,0.0,0.0,0.0,1.5830839,1.4821045,0.3897874,0.23436671,0.0,0.73254246,0.0,0.94646704,0.0,0.6155734,1.4959304,0.0,0.9284771,0.13569655,1.4514744,0.0,0.04191904,11
B0132,0.0,0.0,0.0,0.0,0.0,1.208358,0.0,1.2720826,1.1795255,0.0,0.0,1.0296029,0.46784544,0.0,0.0,0.0,1.2095354,1.5989163,0.4068306,0.27169278,0.0,0.712255,0.0,0.95050514,0.0,0.27440232,1.3255992,0.0,0.7896471,0.08398168,1.2165672,0.0,0.05509495,11
B0133,0.0,0.0,0.0,0.0,0.0,1.1827533,0.0,1.3979883,1.2584622,0.0,0.0,0.9201229,0.46969253,0.0,0.0,0.0,1.0554227,1.5969439,0.38848785,0.2621031,0.0,0.6853614,0.0,0.7818126,0.0,0.12708476,1.2420053,0.0,0.682364,0.084363356,1.1336684,0.0,0.06214963,11
B0134,0.0,0.0,0.0,0.0,0.0,1.0792067,0.0,1.3651282,1.2961577,0.0,0.0,1.3437747,0.77830046,0.0,0.0,0.0,1.8336539,1.3890069,0.5115591,0.21528637,0.0,0.8472993,0.0,1.2012625,0.0,0.79526067,1.6776819,0.0,1.029937,0.27128068,1.4851524,0.0,0.034061417,11
B0135,0.0,0.0,0.0,0.0,0.0,1.3004892,0.0,1.2904856,1.4012809,0.0,0.0,1.2217052,0.6113211,0.0,0.0,0.0,1.6088011,1.5390581,0.3707646,0.25115642,0.0,0.74458694,0.0,0.94516194,0.0,0.55433905,1.5283906,0.0,0.9237858,0.1002634,1.4761026,0.0,0.040234298,11
B0136,0.0,0.0,0.0,0.0,0.0,1.0097896,0.0,1.2422674,1.2681143,0.0,0.0,0.879216,0.5528396,0.0,0.0,0.0,1.1355691,1.4475744,0.35494006,0.19779491,0.0,0.73858273,0.0,0.71483904,0.0,0.3473036,1.2693024,0.0,0.706576,0.17018808,1.2401049,0.0,0.06516701,11
B0137,0.0,0.0,0.0,0.0,0.0,1.1440177,0.0,1.2520959,1.2916936,0.0,0.0,1.0448217,0.5744933,0.0,0.0,0.0,1.3388277,1.528349,0.3798764,0.23029038,0.0,0.7438236,0.0,0.86279315,0.0,0.4318052,1.3524444,0.0,0.83079106,0.12937383,1.3085784,0.0,0.052403457,11
B0138,0.0,0.0,0.0,0.0,0.0,0.9269484,0.0,1.1271584,1.1619003,0.0,0.0,0.7387734,0.42944998,0.0,0.0,0.0,0.8282409,1.3466005,0.38560015,0.19572395,0.0,0.5585269,0.0,0.5494672,0.0,0.21514584,1.0541699,0.0,0.5055604,0.15494987,0.97447616,0.0,0.09336044,11
B0139,0.0,0.0,0.0,0.0,0.0,0.957232,0.0,1.2377114,1.2701223,0.0,0.0,0.73705673,0.48728263,0.0,0.0,0.0,0.9110528,1.4386736,0.31270993,0.19065273,0.0,0.69385,0.0,0.54086244,0.0,0.19999608,1.207727,0.0,0.59401625,0.15793337,1.1744543,0.0,0.07914205,11
B0140,0.0,0.0,0.0,0.0,0.0,0.9601497,0.0,1.1705041,1.2044555,0.0,0.0,0.93961185,0.48722836,0.0,0.0,0.0,1.0681946,1.2305458,0.44284812,0.217099,0.0,0.5044267,0.0,0.7467904,0.0,0.44769195,1.1374807,0.0,0.73095524,0.15496935,0.99911976,0.0,0.075876094,11
B0141,0.0,0.0,0.0,0.0,0.0,1.0107365,0.0,1.2141598,1.2588584,0.0,0.0,0.860162,0.5369286,0.0,0.0,0.0,1.0919929,1.4656477,0.33304033,0.20258528,0.0,0.7218666,0.0,0.6779153,0.0,0.28440735,1.2258203,0.0,0.6795587,0.14365207,1.1688375,0.0,0.06916709,11
B0142,0.0,0.0,0.0,0.0,0.0,0.9593067,0.0,1.2441843,1.2437146,0.0,0.0,0.8340784,0.5137608,0.0,0.0,0.0,1.0414902,1.4600197,0.3426816,0.20098448,0.0,0.72604513,0.0,0.6601876,0.0,0.2442055,1.2257453,0.0,0.59016895,0.16114864,1.160958,0.0,0.07238895,11
B0143,0.0,0.0,0.0,0.0,0.0,0.9156017,0.0,1.1680506,1.2809278,0.0,0.0,0.7310587,0.47773832,0.0,0.0,0.0,0.8427557,1.4565532,0.29917592,0.18654966,0.0,0.65485746,0.0,0.47678804,0.0,0.18046996,1.1486766,0.0,0.4979669,0.15486398,1.0552886,0.0,0.087361455,11
B0144,0.0,0.0,0.0,0.0,0.0,1.1083183,0.0,1.3828311,1.1973157,0.0,0.0,1.3515346,0.7588155,0.0,0.0,0.0,1.700146,1.3744012,0.48000613,0.22778352,0.0,0.82073617,0.0,1.1674173,0.0,0.73708797,1.6491966,0.0,0.964337,0.27202109,1.4209138,0.0,0.037145957,11
B0145,0.0,0.0,0.0,0.0,0.0,1.2294753,0.0,1.2900915,1.4170375,0.0,0.0,1.2217855,0.6521425,0.0,0.0,0.0,1.6646504,1.5111063,0.3811546,0.2328606,0.0,0.7776854,0.0,0.9538024,0.0,0.611876,1.547668,0.0,0.9273018,0.13787457,1.5095766,0.0,0.039398577,11
B0146,0.0,0.0,0.0,0.0,0.0,1.0828924,0.0,1.2407007,1.2646339,0.0,0.0,0.94714844,0.556407,0.0,0.0,0.0,1.1927013,1.4867572,0.33617243,0.21324852,0.0,0.73983896,0.0,0.7496343,0.0,0.34502673,1.2904835,0.0,0.7410573,0.13764252,1.2406368,0.0,0.06120874,11
B0147,0.0,0.0,0.0,0.0,0.0,0.8873657,0.0,1.1449735,1.205913,0.0,0.0,0.7259567,0.45562685,0.0,0.0,0.0,0.9001108,1.4506977,0.32508218,0.18339953,0.0,0.6755034,0.0,0.55574787,0.0,0.18038571,1.1363915,0.0,0.52420974,0.1487689,1.0776916,0.0,0.086240545,11
B0148,0.0,0.0,0.0,0.0,0.0,1.102879,0.0,1.4002528,1.3306451,0.0,0.0,1.3672988,0.7987993,0.0,0.0,0.0,1.8562491,1.4295759,0.50168324,0.21331245,0.0,0.8598227,0.0,1.2025038,0.0,0.8252859,1.6852721,0.0,1.0658872,0.27241075,1.5260246,0.0,0.032197878,11
B0149,0.0,0.0,0.0,0.0,0.0,0.7606273,0.0,0.17803949,1.0254173,0.0,0.0,0.61676645,0.16215521,0.0,0.0,0.0,0.49871045,1.5904554,0.0,0.19411871,0.0,0.36110198,0.0,0.30752718,0.0,0.0,0.783591,0.0,0.16961342,0.0,0.8276769,0.0,0.16139866,11
B0150,0.0,0.0,0.0,0.0,0.0,1.2820356,0.0,1.2638593,1.3273196,0.0,0.0,1.2064675,0.5848725,0.0,0.0,0.0,1.5296144,1.4994571,0.37896395,0.25031418,0.0,0.7276075,0.0,0.9457433,0.0,0.54443204,1.501477,0.0,0.88540924,0.10918849,1.4154696,0.0,0.043483187,11
B0151,0.0,0.0,0.0,0.0,0.0,1.2831069,0.0,1.2873302,1.3259355,0.0,0.0,1.1708719,0.56579363,0.0,0.0,0.0,1.4401621,1.4407129,0.3975848,0.24654275,0.0,0.665491,0.0,0.9496254,0.0,0.5590791,1.3822111,0.0,0.9201262,0.10327284,1.3137693,0.0,0.046844978,11
B0152,0.0,0.0,0.0,0.0,0.0,0.92006576,0.0,0.28183693,1.1307137,0.0,0.0,0.7217405,0.17155576,0.0,0.0,0.0,0.5700535,1.4853524,0.080504835,0.21476501,0.0,0.30663872,0.0,0.31828737,0.0,0.0,0.79151475,0.0,0.34587318,0.0,0.9624646,0.0,0.1427315,11
B0153,0.0,0.0,0.0,0.0,0.0,0.9972473,0.0,1.2118123,1.2156973,0.0,0.0,0.8127601,0.5120257,0.0,0.0,0.0,1.0153803,1.4621313,0.3472782,0.20268805,0.0,0.7278862,0.0,0.65228856,0.0,0.20814946,1.2144135,0.0,0.6165968,0.15039216,1.1408268,0.0,0.07384852,11
B0154,0.0,0.0,0.0,0.0,0.0,0.99593484,0.0,1.3107508,1.2557006,0.0,0.0,1.293729,0.7756125,0.0,0.0,0.0,1.8665667,1.3464503,0.5115855,0.19139811,0.0,0.8188801,0.0,1.2166891,0.0,0.76078796,1.6198444,0.0,0.9850885,0.2771761,1.4722898,0.0,0.03650283,11
B0155,0.0,0.0,0.0,0.0,0.0,1.099076,0.0,1.4007059,1.3117691,0.0,0.0,1.3566341,0.7908855,0.0,0.0,0.0,1.8305818,1.4148375,0.49789214,0.21512938,0.0,0.8536781,0.0,1.1974914,0.0,0.81286013,1.6810391,0.0,1.0571196,0.27240586,1.5056562,0.0,0.0330035,11
B0156,0.0,0.0,0.0,0.0,0.0,1.0577179,0.0,1.3116373,1.2848217,0.0,0.0,0.9857496,0.6025985,0.0,0.0,0.0,1.3032184,1.4637411,0.40422624,0.21394993,0.0,0.7813654,0.0,0.83954835,0.0,0.44198394,1.3588195,0.0,0.7842983,0.18678638,1.3270552,0.0,0.054306187,11
B0157,0.0,0.0,0.0,0.0,0.0,0.9470682,0.0,1.2101629,1.2467523,0.0,0.0,0.7316221,0.47961617,0.0,0.0,0.0,0.89559716,1.424056,0.3288468,0.18764675,0.0,0.6842732,0.0,0.5451377,0.0,0.21057022,1.1884644,0.0,0.59873825,0.16633613,1.1575994,0.0,0.08100553,11
B0158,0.0,0.0,0.0,0.0,0.0,1.034826,0.0,1.2869408,1.2900347,0.0,0.0,0.9094642,0.56935203,0.0,0.0,0.0,1.1953452,1.4640245,0.36653098,0.20477432,0.0,0.7619643,0.0,0.7436885,0.0,0.3668324,1.3211235,0.0,0.72362816,0.1728179,1.2974086,0.0,0.060394198,11
B0159,0.0,0.0,0.0,0.0,0.0,1.104061,0.0,1.400331,1.3311355,0.0,0.0,1.3625238,0.79735506,0.0,0.0,0.0,1.8570248,1.4377187,0.50392294,0.21546045,0.0,0.86313397,0.0,1.2050722,0.0,0.82000315,1.6859555,0.0,1.0757155,0.26965162,1.527986,0.0,0.032071937,11
B0160,0.0,0.0,0.0,0.0,0.0,1.1200085,0.0,1.4087749,1.2772033,0.0,0.0,1.3687415,0.7788404,0.0,0.0,0.0,1.8146607,1.4752052,0.5212368,0.22792612,0.0,0.8631712,0.0,1.2414007,0.0,0.74425745,1.6821895,0.0,1.0411613,0.26811212,1.4919896,0.0,0.032553744,11
B0161,0.0,0.0,0.0,0.0,0.0,0.9187319,0.0,1.1923686,1.3036387,0.0,0.0,0.6240531,0.4331381,0.0,0.0,0.0,0.7401725,1.4353182,0.29191676,0.17717087,0.0,0.6553036,0.0,0.3923732,0.0,0.11479002,1.184173,0.0,0.52244556,0.15176582,1.129524,0.0,0.09141654,11
B0162,0.0,0.0,0.0,0.0,0.0,1.0035818,0.0,1.1881227,1.2125508,0.0,0.0,0.75559676,0.419487,0.0,0.0,0.0,0.79537654,1.4331673,0.33071667,0.21358684,0.0,0.6087351,0.0,0.55041003,0.0,0.141131,1.165644,0.0,0.5925445,0.12388357,1.0161498,0.0,0.08614008,11
B0163,0.0,0.0,0.0,0.0,0.0,1.0484393,0.0,1.2297194,1.2514586,0.0,0.0,0.93568707,0.55242336,0.0,0.0,0.0,1.1800334,1.4490396,0.34882993,0.2113302,0.0,0.7173578,0.0,0.75207037,0.0,0.34982547,1.248856,0.0,0.7347759,0.14334396,1.1976018,0.0,0.06373499,11
B0164,0.0,0.0,0.0,0.0,0.0,1.0321796,0.0,1.3851281,1.2046872,0.0,0.0,1.2845927,0.7384329,0.0,0.0,0.0,1.7314668,1.3572946,0.5038514,0.21766593,0.0,0.8208661,0.0,1.2078001,0.0,0.70915204,1.6448388,0.0,0.9606235,0.27708018,1.4325505,0.0,0.037682246,11
B0165,0.0,0.0,0.0,0.0,0.0,1.3930395,0.0,1.5367086,1.3404489,0.0,0.0,1.1995636,0.43286273,0.0,0.0,0.0,1.1396545,1.6830233,0.49518728,0.3260544,0.0,0.55712587,0.0,0.93653727,0.0,0.35019007,1.2635345,0.0,0.9038614,0.06330134,1.2040404,0.0,0.047424946,11
B0166,0.0,0.0,0.0,0.0,0.0,0.9156064,0.0,1.0694467,1.2858412,0.0,0.0,0.7013494,0.41391104,0.0,0.0,0.0,0.79468966,1.4781965,0.2764219,0.18723574,0.0,0.6002328,0.0,0.47000965,0.0,0.16321066,1.1087008,0.0,0.5176894,0.117960416,0.9919032,0.0,0.09304378,11
B0167,0.0,0.0,0.0,0.0,0.0,1.010695,0.0,1.187182,1.2393507,0.0,0.0,0.9148716,0.5609989,0.0,0.0,0.0,1.2483337,1.4182383,0.36303738,0.19941638,0.0,0.7488885,0.0,0.77976584,0.0,0.3679121,1.2890238,0.0,0.7077936,0.15294869,1.2335448,0.0,0.06314164,11
B0168,0.0,0.0,0.0,0.0,0.0,1.3387039,0.0,1.4073465,1.2595587,0.0,0.0,1.2092841,0.5484252,0.0,0.0,0.0,1.3731297,1.5430615,0.42793036,0.27940053,0.0,0.7104568,0.0,0.99249,0.0,0.51720375,1.4479542,0.0,0.95672053,0.11573732,1.3598464,0.0,0.04331548,11
B0169,0.0,0.0,0.0,0.0,0.0,1.1847789,0.0,1.2291836,1.3292863,0.0,0.0,1.1785498,0.6127469,0.0,0.0,0.0,1.5873663,1.4684557,0.41566825,0.22479789,0.0,0.74174756,0.0,0.97485954,0.0,0.6110635,1.4649079,0.0,0.92141056,0.13817653,1.4190295,0.0,0.043756075,11
B0170,0.0,0.0,0.0,0.0,0.0,0.9281528,0.0,1.1082666,1.1829247,0.0,0.0,0.8982715,0.5211204,0.0,0.0,0.0,1.0757557,1.5724106,0.40516585,0.19673648,0.0,0.7228652,0.0,0.77204627,0.0,0.30711195,1.177229,0.0,0.6669496,0.17937073,1.1579943,0.0,0.06990102,11
B0171,0.0,0.0,0.0,0.0,0.0,1.0730238,0.0,1.2592788,1.3014795,0.0,0.0,0.97096777,0.5881736,0.0,0.0,0.0,1.3066112,1.4703213,0.35982755,0.20899597,0.0,0.77320635,0.0,0.7881426,0.0,0.4075684,1.3664494,0.0,0.74872327,0.15848063,1.3211548,0.0,0.056090698,11
B0172,0.0,0.0,0.0,0.0,0.0,0.8970128,0.0,1.2285597,1.3782436,0.0,0.0,0.6013048,0.41578335,0.0,0.0,0.0,0.6978993,1.5712247,0.39008227,0.20512015,0.0,0.6985862,0.0,0.47033948,0.0,0.022217467,1.3712271,0.0,0.56178415,0.14953779,1.0442214,0.0,0.084680356,11
B0173,0.0,0.0,0.0,0.0,0.0,0.87965715,0.0,1.0687258,1.1664629,0.0,0.0,0.7666433,0.42142946,0.0,0.0,0.0,0.9142917,1.3452587,0.42212337,0.2097138,0.0,0.500584,0.0,0.6513219,0.0,0.3113988,1.0614408,0.0,0.6211552,0.14315008,0.9244341,0.0,0.089603975,11
B0174,0.0,0.0,0.0,0.0,0.0,1.1137055,0.0,1.214401,1.3339787,0.0,0.0,1.0089508,0.5544071,0.0,0.0,0.0,1.2434528,1.5506413,0.341375,0.22806177,0.0,0.68669474,0.0,0.76762784,0.0,0.3788953,1.2516761,0.0,0.7649802,0.102461524,1.195798,0.0,0.05884568,11
B0175,0.0,0.0,0.0,0.0,0.0,0.9938425,0.0,1.195245,1.2700652,0.0,0.0,0.8481797,0.5297097,0.0,0.0,0.0,1.0648049,1.436059,0.3210506,0.19287103,0.0,0.6995034,0.0,0.6511916,0.0,0.3104663,1.2124732,0.0,0.674986,0.14976454,1.1659286,0.0,0.07140823,11
B0176,0.0,0.0,0.0,0.0,0.0,0.8807735,0.0,1.2182993,1.262241,0.0,0.0,0.7086972,0.46461004,0.0,0.0,0.0,0.9107056,1.4406036,0.31714204,0.20592278,0.0,0.66180754,0.0,0.53308314,0.0,0.13599734,1.1530365,0.0,0.489539,0.13169323,1.0075505,0.0,0.0862884,11
B0177,0.0,0.0,0.0,0.0,0.0,0.9540094,0.0,1.109745,1.1615726,0.0,0.0,0.8886658,0.4984306,0.0,0.0,0.0,0.9571969,1.5383592,0.3603145,0.2078259,0.0,0.65712154,0.0,0.68205166,0.0,0.27748275,1.1156254,0.0,0.67561334,0.15353617,1.063381,0.0,0.07686469,11
B0178,0.0,0.0,0.0,0.0,0.0,0.9380007,0.0,1.1805096,1.2545768,0.0,0.0,0.7069666,0.4676816,0.0,0.0,0.0,0.8570982,1.4172783,0.28984457,0.18279086,0.0,0.66581035,0.0,0.48792994,0.0,0.17277102,1.1630616,0.0,0.5561818,0.14525746,1.1056135,0.0,0.08624445,11
B0179,0.0,0.0,0.0,0.0,0.0,1.2220757,0.0,1.2688997,1.3782156,0.0,0.0,1.2013681,0.6384974,0.0,0.0,0.0,1.6743033,1.517983,0.42309308,0.24710849,0.0,0.79377645,0.0,1.0068002,0.0,0.59056765,1.565715,0.0,0.97824407,0.13350427,1.4833173,0.0,0.039056793,11
B0180,0.0,0.0,0.0,0.0,0.0,1.4396883,0.0,1.3250223,1.3968921,0.0,0.0,1.1435031,0.4538362,0.0,0.0,0.0,1.3063469,1.4762888,0.3156236,0.2676738,0.0,0.60934085,0.0,0.8617017,0.0,0.39915568,1.4433541,0.0,0.8305963,0.018431485,1.3568404,0.0,0.048373174,11
B0181,0.0,0.0,0.0,0.0,0.0,1.0301081,0.0,1.1208601,1.1973343,0.0,0.0,0.9872382,0.4876086,0.0,0.0,0.0,1.1440854,1.2998444,0.49697864,0.22745037,0.0,0.5367881,0.0,0.8206694,0.0,0.43868625,1.1510365,0.0,0.79187775,0.1523096,1.0628998,0.0,0.06956447,11
B0182,0.0,0.0,0.0,0.0,0.0,1.0967629,0.0,1.2671394,1.2906237,0.0,0.0,0.98526,0.58965343,0.0,0.0,0.0,1.309849,1.5049806,0.37075007,0.2176083,0.0,0.7870672,0.0,0.8048355,0.0,0.39313632,1.3902035,0.0,0.75744766,0.15624934,1.3322668,0.0,0.0545323,11
B0183,0.0,0.0,0.0,0.0,0.0,1.0704453,0.0,0.24377751,1.1686757,0.0,0.0,0.77179503,0.055110693,0.0,0.0,0.0,0.38849688,1.7658588,0.0,0.25549284,0.0,0.32488215,0.0,0.29429525,0.0,0.0,0.8168195,0.0,0.31738648,0.0,0.91556495,0.0,0.13920268,11
B0184,0.0,0.0,0.0,0.0,0.0,1.2975951,0.0,1.347049,1.3359336,0.0,0.0,1.2020867,0.59211296,0.0,0.0,0.0,1.5059419,1.5215838,0.36925092,0.25740734,0.0,0.7381331,0.0,0.95174146,0.0,0.5109685,1.4842887,0.0,0.88735944,0.10568901,1.4006655,0.0,0.042795964,11
B0185,0.0,0.0,0.0,0.0,0.0,1.0799193,0.0,1.3686341,1.3068495,0.0,0.0,1.345628,0.7840165,0.0,0.0,0.0,1.8459098,1.4001288,0.51398754,0.21249858,0.0,0.8505931,0.0,1.2043861,0.0,0.7971736,1.6753056,0.0,1.0311515,0.27262735,1.5027308,0.0,0.03361922,11
B0186,0.0,0.0,0.0,0.0,0.0,1.0745561,0.0,1.2628851,1.3200303,0.0,0.0,0.97682405,0.5942183,0.0,0.0,0.0,1.3203969,1.476274,0.35716918,0.20780335,0.0,0.77482516,0.0,0.78838116,0.0,0.41639128,1.3725169,0.0,0.7585757,0.15879221,1.3313906,0.0,0.055239648,11
B0187,0.0,0.0,0.0,0.0,0.0,1.0267851,0.0,1.2113497,1.1815112,0.0,0.0,0.97301465,0.5716117,0.0,0.0,0.0,1.2982647,1.3471044,0.38600528,0.21181317,0.0,0.74522316,0.0,0.8530669,0.0,0.44064918,1.3434887,0.0,0.7292815,0.17174669,1.2376728,0.0,0.06028541,11
B0188,0.0,0.0,0.0,0.0,0.0,0.85954964,0.0,1.1153998,1.3096081,0.0,0.0,0.56980944,0.39931202,0.0,0.0,0.0,0.6726318,1.3965546,0.2936982,0.16754907,0.0,0.63164437,0.0,0.33467814,0.0,0.09309146,1.192505,0.0,0.4475511,0.14946923,1.0633434,0.0,0.10088439,11
B0189,0.0,0.0,0.0,0.0,0.0,1.0627358,0.0,1.1716144,1.1571102,0.0,0.0,1.0804695,0.54511255,0.0,0.0,0.0,1.392339,1.3627446,0.48512614,0.2260424,0.0,0.6093285,0.0,1.0117314,0.0,0.5112255,1.2171047,0.0,0.9412006,0.15575942,1.1712261,0.0,0.056230806,11
B0190,0.0,0.0,0.0,0.0,0.0,0.9659442,0.0,1.2519137,1.2197421,0.0,0.0,0.70356894,0.44812447,0.0,0.0,0.0,0.77762365,1.507846,0.30596325,0.20791148,0.0,0.70427006,0.0,0.5072176,0.0,0.0470106,1.1919036,0.0,0.52976996,0.13506712,1.0559855,0.0,0.08570997,11
B0191,0.0,0.0,0.0,0.0,0.0,0.7936281,0.0,1.2089283,1.3553267,0.0,0.0,0.6929147,0.45586517,0.0,0.0,0.0,0.9242941,1.3867754,0.3142966,0.19778118,0.0,0.5541129,0.0,0.52627426,0.0,0.24006721,1.1156144,0.0,0.50984687,0.123408616,0.9462292,0.0,0.08909804,11
B0192,0.0,0.0,0.0,0.0,0.0,1.0934701,0.0,1.1898736,1.2025462,0.0,0.0,1.0116899,0.48354065,0.0,0.0,0.0,1.0774057,1.427669,0.40753776,0.23914735,0.0,0.5802298,0.0,0.7790226,0.0,0.37466872,1.1580017,0.0,0.7563077,0.1252222,1.0730661,0.0,0.067940205,11
B0193,0.0,0.0,0.0,0.0,0.0,0.8490532,0.0,0.18650305,1.0871601,0.0,0.0,0.6979109,0.16514146,0.0,0.0,0.0,0.63510156,1.5863292,0.0,0.20636496,0.0,0.35727823,0.0,0.3234344,0.0,0.0,0.87071526,0.0,0.24327606,0.0,0.9079298,0.0,0.1450166,11
B0194,0.0,0.0,0.0,0.0,0.0,1.013117,0.0,1.2872766,1.2812564,0.0,0.0,0.8808344,0.55892986,0.0,0.0,0.0,1.1359003,1.4697082,0.34033749,0.20428377,0.0,0.7466826,0.0,0.7184174,0.0,0.3231549,1.270359,0.0,0.70047796,0.16257724,1.2401128,0.0,0.06411537,11
B0195,0.0,0.0,0.0,0.0,0.0,1.1112039,0.0,1.2793343,1.3471684,0.0,0.0,1.0563093,0.6244957,0.0,0.0,0.0,1.4447755,1.4938314,0.3646581,0.21610291,0.0,0.78815174,0.0,0.8558195,0.0,0.4816634,1.422015,0.0,0.8075689,0.15477858,1.3816406,0.0,0.049279865,11
B0196,0.0,0.0,0.0,0.0,0.0,1.1070769,0.0,1.3370657,1.3859537,0.0,0.0,1.4720628,0.7855921,0.0,0.0,0.0,1.982605,1.7935803,0.538118,0.22498941,0.0,0.8708556,0.0,1.3526833,0.0,0.8093683,1.6750946,0.0,1.1020637,0.24965885,1.5093777,0.0,0.02730179,11
B0197,0.0,0.0,0.0,0.0,0.0,1.0023396,0.0,1.220328,1.2016059,0.0,0.0,0.74652165,0.43610704,0.0,0.0,0.0,0.7925439,1.4583182,0.30811113,0.20930935,0.0,0.65207386,0.0,0.54359215,0.0,0.09565589,1.1561003,0.0,0.5691379,0.12713313,1.0206742,0.0,0.085952416,11
B0198,0.0,0.0,0.0,0.0,0.0,1.1051687,0.0,1.3962635,1.2776408,0.0,0.0,1.3613381,0.78309494,0.0,0.0,0.0,1.8190281,1.4406087,0.5166609,0.22016592,0.0,0.8613164,0.0,1.2218872,0.0,0.7613361,1.672475,0.0,1.0271237,0.2716732,1.4980872,0.0,0.033215273,11
B0199,0.0,0.0,0.0,0.0,0.0,1.0653168,0.0,1.2827866,1.3017242,0.0,0.0,1.0083641,0.60951775,0.0,0.0,0.0,1.346864,1.4673237,0.37435722,0.21075436,0.0,0.77234,0.0,0.83905995,0.0,0.4508965,1.3467002,0.0,0.78011864,0.1659824,1.3124489,0.0,0.05401634,11
B0200,0.0,0.0,0.0,0.0,0.0,0.9351115,0.0,1.2259567,1.1858904,0.0,0.0,0.796032,0.49422112,0.0,0.0,0.0,0.91999537,1.4211473,0.34020412,0.20914301,0.0,0.67193437,0.0,0.6204832,0.0,0.20208997,1.1340097,0.0,0.5853061,0.15700094,1.0306582,0.0,0.08149974,11
B0201,0.0,0.0,0.0,0.0,0.0,0.90452313,0.0,1.0717527,1.2340419,0.0,0.0,0.8061941,0.4592416,0.0,0.0,0.0,0.8344246,1.6825478,0.31892195,0.19797759,0.0,0.6733349,0.0,0.58700806,0.0,0.20729786,1.1771429,0.0,0.59661174,0.14770898,1.1073711,0.0,0.08037668,11
B0202,0.0,0.0,0.0,0.0,0.0,1.0745444,0.0,1.2034073,1.3098445,0.0,0.0,0.94013804,0.56171364,0.0,0.0,0.0,1.2443073,1.4594599,0.31240377,0.2007021,0.0,0.73592126,0.0,0.7185336,0.0,0.3661765,1.3205018,0.0,0.72963077,0.13413244,1.276487,0.0,0.06091346,11
B0203,0.0,0.0,0.0,0.0,0.0,1.0856636,0.0,1.3922696,1.1754589,0.0,0.0,1.0718756,0.489636,0.0,0.0,0.0,1.1661687,1.4012382,0.44811004,0.2644105,0.0,0.49817187,0.0,0.9229878,0.0,0.42075387,1.1102855,0.0,0.8524921,0.12382391,1.0714443,0.0,0.061259277,11
B0204,0.0,0.0,0.0,0.0,0.0,1.1043923,0.0,1.403155,1.3322988,0.0,0.0,1.3663838,0.7987354,0.0,0.0,0.0,1.8553144,1.4274677,0.5012661,0.21435171,0.0,0.85984707,0.0,1.2019005,0.0,0.82633686,1.6877797,0.0,1.0721438,0.27160013,1.5240607,0.0,0.032152794,11
B0205,0.0,0.0,0.0,0.0,0.0,1.1295533,0.0,1.423918,1.2492261,0.0,0.0,1.3640302,0.76918066,0.0,0.0,0.0,1.7637793,1.4538532,0.50638974,0.2330768,0.0,0.8586293,0.0,1.2194529,0.0,0.74105036,1.68606,0.0,1.0308572,0.26825663,1.4710064,0.0,0.033528633,11
B0206,0.0,0.0,0.0,0.0,0.0,1.2312319,0.0,1.2803137,1.390626,0.0,0.0,1.2152038,0.6321778,0.0,0.0,0.0,1.606987,1.4892504,0.3862863,0.2330722,0.0,0.74637413,0.0,0.9465274,0.0,0.6133814,1.5096467,0.0,0.9254185,0.1367135,1.4654765,0.0,0.041311026,11
B0207,0.0,0.0,0.0,0.0,0.0,1.3102207,0.0,1.370572,1.2545068,0.0,0.0,1.1959871,0.5268557,0.0,0.0,0.0,1.2812675,1.47552,0.421473,0.2703784,0.0,0.61594534,0.0,0.95965207,0.0,0.52906275,1.3276093,0.0,0.93141305,0.11779377,1.2530024,0.0,0.04868834,11
B0208,0.0,0.0,0.0,0.0,0.0,1.0527976,0.0,1.2428658,1.2738087,0.0,0.0,0.9885581,0.5951229,0.0,0.0,0.0,1.3062065,1.4432195,0.37212944,0.21370271,0.0,0.7543255,0.0,0.8239017,0.0,0.42765185,1.3133705,0.0,0.76807815,0.15942936,1.2503065,0.0,0.05742793,11
B0209,0.0,0.0,0.0,0.0,0.0,1.29581,0.0,1.3502411,1.3247755,0.0,0.0,1.2031286,0.5948201,0.0,0.0,0.0,1.5089433,1.5346035,0.37423277,0.256634,0.0,0.7482473,0.0,0.9605716,0.0,0.5062207,1.4891342,0.0,0.89185345,0.10848115,1.4092059,0.0,0.042430963,11
B0210,0.0,0.0,0.0,0.0,0.0,1.1134887,0.0,1.3907161,1.3481054,0.0,0.0,1.3855686,0.8077581,0.0,0.0,0.0,1.8829553,1.4598416,0.51251435,0.21596089,0.0,0.86873573,0.0,1.2158053,0.0,0.83456755,1.6962154,0.0,1.0755737,0.2738961,1.5436399,0.0,0.031161051,11
B0211,0.0,0.0,0.0,0.0,0.0,1.1350493,0.0,1.4359376,1.2625852,0.0,0.0,1.3717878,0.77668595,0.0,0.0,0.0,1.7741156,1.4628168,0.5113647,0.23348172,0.0,0.86596894,0.0,1.2269995,0.0,0.750804,1.6954837,0.0,1.040642,0.27215672,1.4865243,0.0,0.032784536,11
B0212,0.0,0.0,0.0,0.0,0.0,1.1062324,0.0,1.2766671,1.3218184,0.0,0.0,1.0474272,0.6132472,0.0,0.0,0.0,1.407689,1.483334,0.37159616,0.21772242,0.0,0.7782487,0.0,0.853779,0.0,0.4741316,1.4000673,0.0,0.8074749,0.1563699,1.3559585,0.0,0.05075515,11
B0213,0.0,0.0,0.0,0.0,0.0,0.9243593,0.0,1.1966016,1.2612437,0.0,0.0,0.65556085,0.44524604,0.0,0.0,0.0,0.78075266,1.4198873,0.3095309,0.18195501,0.0,0.65955335,0.0,0.44787693,0.0,0.14601858,1.1681411,0.0,0.548155,0.15864299,1.1235719,0.0,0.08918137,11
B0214,0.0,0.0,0.0,0.0,0.0,1.3278091,0.0,1.3952062,1.3086998,0.0,0.0,1.1987866,0.56531614,0.0,0.0,0.0,1.4998012,1.5231135,0.44575593,0.27167794,0.0,0.7197398,0.0,1.0575253,0.0,0.4685779,1.467479,0.0,0.95463634,0.09243912,1.3848258,0.0,0.041239094,11
B0215,0.0,0.0,0.0,0.0,0.0,1.1257831,0.0,1.3936477,1.312397,0.0,0.0,1.3981032,0.7941219,0.0,0.0,0.0,1.8429537,1.4999367,0.49879268,0.22231013,0.0,0.86057246,0.0,1.2158458,0.0,0.8068664,1.694521,0.0,1.0599705,0.26767933,1.5217437,0.0,0.031581055,11
B0216,0.0,0.0,0.0,0.0,0.0,1.0180819,0.0,1.3393766,1.1806023,0.0,0.0,1.2610075,0.7366929,0.0,0.0,0.0,1.6918402,1.297196,0.47913054,0.21111077,0.0,0.80541,0.0,1.1658971,0.0,0.7209055,1.6171328,0.0,0.9443779,0.27381068,1.3837819,0.0,0.040528223,11
B0217,0.0,0.0,0.0,0.0,0.0,1.1729233,0.0,1.1849048,1.1472591,0.0,0.0,1.0841014,0.47012603,0.0,0.0,0.0,1.0808022,1.856446,0.274294,0.25200093,0.0,0.6954599,0.0,0.8400893,0.0,0.22974968,1.0971453,0.0,0.76690817,0.047902435,1.0810885,0.0,0.061352603,11
B0218,0.0,0.0,0.0,0.0,0.0,1.1302292,0.0,1.2378628,1.328252,0.0,0.0,1.0314763,0.58024085,0.0,0.0,0.0,1.342622,1.4710369,0.33720762,0.21446529,0.0,0.7314316,0.0,0.7983163,0.0,0.44445693,1.3625387,0.0,0.7988876,0.13221718,1.3210682,0.0,0.05415498,11
B0219,0.0,0.0,0.0,0.0,0.0,1.160228,0.0,1.2494954,1.2553656,0.0,0.0,1.0383694,0.44401288,0.0,0.0,0.0,0.9928181,1.3907914,0.43964887,0.25806576,0.0,0.5032131,0.0,0.7546557,0.0,0.43431622,1.2159604,0.0,0.7831832,0.12897673,1.0729396,0.0,0.06676093,11
B0220,0.0,0.0,0.0,0.0,0.0,1.1040483,0.0,1.4027677,1.3302562,0.0,0.0,1.3658462,0.79807293,0.0,0.0,0.0,1.8529435,1.4266695,0.5007701,0.21450458,0.0,0.85928196,0.0,1.2013189,0.0,0.82522094,1.6871114,0.0,1.0708249,0.2715853,1.5222285,0.0,0.032229256,11
B0221,0.0,0.0,0.0,0.0,0.0,1.2289026,0.0,1.2854028,1.4082751,0.0,0.0,1.22157,0.6478226,0.0,0.0,0.0,1.651901,1.5055722,0.38913494,0.23326519,0.0,0.77070874,0.0,0.9572845,0.0,0.61845964,1.5412711,0.0,0.933591,0.14064732,1.5020307,0.0,0.039698005,11
B0222,0.0,0.0,0.0,0.0,0.0,0.8844836,0.0,1.181619,1.3356081,0.0,0.0,0.5469022,0.3934616,0.0,0.0,0.0,0.63949144,1.4395647,0.2655171,0.17633301,0.0,0.6245471,0.0,0.29908502,0.0,0.0466806,1.2216296,0.0,0.4291902,0.1411363,1.0695373,0.0,0.09993495,11
B0223,0.0,0.0,0.0,0.0,0.0,1.307411,0.0,1.3461254,1.2662568,0.0,0.0,1.1961207,0.54808104,0.0,0.0,0.0,1.3502145,1.482283,0.42062497,0.26389813,0.0,0.6650084,0.0,0.9758099,0.0,0.5446426,1.3957167,0.0,0.9300924,0.12346909,1.3139337,0.0,0.046383794,11
B0224,0.0,0.0,0.0,0.0,0.0,1.2266133,0.0,1.2741499,1.4192312,0.0,0.0,1.2196798,0.6522352,0.0,0.0,0.0,1.6837152,1.5163915,0.40172604,0.23460808,0.0,0.7828824,0.0,0.9698967,0.0,0.6258672,1.5556328,0.0,0.95334554,0.14006962,1.5197389,0.0,0.038774937,11
B0225,0.0,0.0,0.0,0.0,0.0,1.0101678,0.0,1.2556299,1.2254897,0.0,0.0,0.8450569,0.5246453,0.0,0.0,0.0,1.0487843,1.4819602,0.36727738,0.21040265,0.0,0.74870694,0.0,0.68638325,0.0,0.24016547,1.2514967,0.0,0.6512655,0.16257656,1.1863694,0.0,0.0691245,11
B0226,0.0,0.0,0.0,0.0,0.0,1.1436799,0.0,1.2116451,1.2613072,0.0,0.0,1.0817163,0.5125926,0.0,0.0,0.0,1.166514,1.5427262,0.43466806,0.24814963,0.0,0.63035315,0.0,0.8570963,0.0,0.4192017,1.2454531,0.0,0.7904303,0.14132461,1.1724834,0.0,0.058382113,11
B0227,0.0,0.0,0.0,0.0,0.0,1.1549534,0.0,1.3239173,1.3353913,0.0,0.0,1.5674756,0.75709736,0.0,0.0,0.0,1.9299126,1.890918,0.45601115,0.23614217,0.0,0.8103577,0.0,1.2655101,0.0,0.8359597,1.6620234,0.0,1.0593071,0.20367047,1.4732891,0.0,0.027992582,11
B0228,0.0,0.0,0.0,0.0,0.0,1.073382,0.0,1.3823084,1.2992859,0.0,0.0,1.341089,0.7914677,0.0,0.0,0.0,1.8383381,1.4324915,0.5068095,0.21528718,0.0,0.8621346,0.0,1.2247856,0.0,0.79752076,1.68227,0.0,1.0661405,0.27417475,1.5006218,0.0,0.033034023,11
B0229,0.0,0.0,0.0,0.0,0.0,0.93654585,0.0,1.2288411,1.2457355,0.0,0.0,0.7451121,0.4929932,0.0,0.0,0.0,0.91605794,1.4226068,0.3599122,0.19329742,0.0,0.68299466,0.0,0.58127636,0.0,0.24874483,1.1894724,0.0,0.6306509,0.17970401,1.1606325,0.0,0.078661144,11
B0230,0.0,0.0,0.0,0.0,0.0,1.013985,0.0,1.0896672,1.2138404,0.0,0.0,0.97493875,0.5158996,0.0,0.0,0.0,1.0536631,1.7799189,0.32158065,0.21520764,0.0,0.7279389,0.0,0.7072773,0.0,0.30547655,1.2400101,0.0,0.68360615,0.13323276,1.2421796,0.0,0.064796984,11
B0231,0.0,0.0,0.0,0.0,0.0,0.9566783,0.0,1.2108121,1.1672689,0.0,0.0,0.73421603,0.4602447,0.0,0.0,0.0,0.81754905,1.4303842,0.33092093,0.20256007,0.0,0.6859502,0.0,0.54834807,0.0,0.12517972,1.1594329,0.0,0.5524089,0.15568444,1.0543531,0.0,0.086254545,11
B0232,0.0,0.0,0.0,0.0,0.0,1.0821493,0.0,1.2776997,1.2888646,0.0,0.0,0.959964,0.57292116,0.0,0.0,0.0,1.2178977,1.5145688,0.33520448,0.216609,0.0,0.7576658,0.0,0.7615858,0.0,0.3429076,1.2960999,0.0,0.753229,0.1342251,1.2460684,0.0,0.059055254,11
B0233,0.0,0.0,0.0,0.0,0.0,1.3031472,0.0,1.3841593,1.3606176,0.0,0.0,1.1354144,0.5855697,0.0,0.0,0.0,1.4101615,1.8052067,0.42407274,0.27609834,0.0,0.8508175,0.0,0.96057445,0.0,0.4023353,1.5098373,0.0,0.94357586,0.109852806,1.4159007,0.0,0.040113494,11
B0234,0.0,0.0,0.0,0.0,0.0,1.4185436,0.0,1.5761138,1.4060259,0.0,0.0,1.0939302,0.51985943,0.0,0.0,0.0,1.0409429,1.9520012,0.30249134,0.29777125,0.0,0.82537603,0.0,0.78410614,0.0,0.11629747,1.5252154,0.0,0.91308165,0.031419694,1.3307613,0.0,0.044087548,11
B0235,0.0,0.0,0.0,0.0,0.0,1.0178282,0.0,1.3278074,1.2182595,0.0,0.0,1.2784725,0.75226116,0.0,0.0,0.0,1.7785233,1.317244,0.4935369,0.20258941,0.0,0.81262475,0.0,1.1825128,0.0,0.743871,1.6230166,0.0,0.9716711,0.27161086,1.4248428,0.0,0.03843139,11
B0236,0.0,0.0,0.0,0.0,0.0,1.222357,0.0,1.2833207,1.3437054,0.0,0.0,1.1877954,0.6155998,0.0,0.0,0.0,1.5775235,1.4741762,0.39882672,0.23797283,0.0,0.7453615,0.0,0.96363926,0.0,0.5674097,1.4872117,0.0,0.9018966,0.1307976,1.4262023,0.0,0.042958476,11
B0237,0.0,0.0,0.0,0.0,0.0,1.0763538,0.0,1.2248645,1.3517966,0.0,0.0,1.1314114,0.6458992,0.0,0.0,0.0,1.4238088,1.6453288,0.39341292,0.23248988,0.0,0.77876526,0.0,0.936272,0.0,0.53195894,1.3756726,0.0,0.88837886,0.17838381,1.3450842,0.0,0.046978194,11
B0238,0.0,0.0,0.0,0.0,0.0,0.9357268,0.0,1.1767422,1.355017,0.0,0.0,0.6712682,0.4611708,0.0,0.0,0.0,0.8030379,1.4659488,0.27189606,0.16184495,0.0,0.6558537,0.0,0.39503682,0.0,0.16872609,1.1962801,0.0,0.49784267,0.1597428,1.1746082,0.0,0.08707336,11
B0239,0.0,0.0,0.0,0.0,0.0,1.1006258,0.0,1.4033393,1.3119926,0.0,0.0,1.3571391,0.79035795,0.0,0.0,0.0,1.8296669,1.4179118,0.49889967,0.2159026,0.0,0.8549473,0.0,1.199023,0.0,0.8113462,1.6826062,0.0,1.058048,0.27238473,1.5071955,0.0,0.032917928,11
B0240,0.0,0.0,0.0,0.0,0.0,0.8992307,0.0,1.0546484,1.2328148,0.0,0.0,0.8645177,0.5058032,0.0,0.0,0.0,0.9830439,1.6520655,0.36930114,0.19768469,0.0,0.69275475,0.0,0.696292,0.0,0.27223134,1.1581088,0.0,0.6472616,0.16075414,1.135267,0.0,0.07404337,11
B0241,0.0,0.0,0.0,0.0,0.0,1.2455418,0.0,1.2425503,1.4321562,0.0,0.0,1.2343905,0.6594147,0.0,0.0,0.0,1.7637241,1.66813,0.42537564,0.23601666,0.0,0.8287502,0.0,1.0223098,0.0,0.6242205,1.5443497,0.0,1.0272447,0.11320635,1.5327227,0.0,0.035641674,11
B0242,0.0,0.0,0.0,0.0,0.0,1.0032806,0.0,1.1920638,1.2406812,0.0,0.0,0.8245748,0.50851005,0.0,0.0,0.0,1.0047349,1.5110452,0.29861432,0.19711651,0.0,0.71392643,0.0,0.61437047,0.0,0.2260626,1.2005033,0.0,0.61573863,0.1336182,1.1548054,0.0,0.074047044,11
B0243,0.0,0.0,0.0,0.0,0.0,0.92637414,0.0,1.2148721,1.282176,0.0,0.0,0.629071,0.43013352,0.0,0.0,0.0,0.7196101,1.4307106,0.29072732,0.18194824,0.0,0.6548058,0.0,0.40044183,0.0,0.10522862,1.1872957,0.0,0.5170846,0.15379056,1.115626,0.0,0.091738306,11
B0244,0.0,0.0,0.0,0.0,0.0,1.1040845,0.0,1.4034607,1.310172,0.0,0.0,1.3596205,0.78994006,0.0,0.0,0.0,1.8296063,1.4230599,0.49767822,0.2163772,0.0,0.8551615,0.0,1.1986618,0.0,0.81045544,1.6833537,0.0,1.0595425,0.270775,1.5077517,0.0,0.032847438,11
B0245,0.0,0.0,0.0,0.0,0.0,0.9475086,0.0,1.2020023,1.1852579,0.0,0.0,0.8962334,0.50841206,0.0,0.0,0.0,1.141512,1.3013649,0.4125901,0.2038871,0.0,0.636616,0.0,0.78406906,0.0,0.36704946,1.1753476,0.0,0.6587013,0.16872573,1.1109412,0.0,0.0718631,11
B0246,0.0,0.0,0.0,0.0,0.0,1.1030713,0.0,1.4037871,1.3058453,0.0,0.0,1.3578765,0.789003,0.0,0.0,0.0,1.8206329,1.4125615,0.49563846,0.21589725,0.0,0.85208887,0.0,1.1929383,0.0,0.80950177,1.6799542,0.0,1.0506095,0.27234536,1.5028956,0.0,0.03319288,11
B0247,0.0,0.0,0.0,0.0,0.0,1.0009279,0.0,1.3241644,1.2138319,0.0,0.0,1.2613642,0.75770885,0.0,0.0,0.0,1.8079541,1.3035427,0.5139388,0.20175265,0.0,0.81516314,0.0,1.202629,0.0,0.71765065,1.6041737,0.0,0.97508806,0.27381247,1.4279654,0.0,0.038491517,11
B0248,0.0,0.0,0.0,0.0,0.0,0.837893,0.0,0.18739522,1.0213282,0.0,0.0,0.64954716,0.11145806,0.0,0.0,0.0,0.4261713,1.5898552,0.0,0.20716572,0.0,0.3238507,0.0,0.2728243,0.0,0.0,0.7692431,0.0,0.18828708,0.0,0.82206625,0.0,0.16317327,11
B0249,0.0,0.0,0.0,0.0,0.0,1.111507,0.0,1.390295,1.3471975,0.0,0.0,1.3926716,0.8045227,0.0,0.0,0.0,1.8797146,1.4763943,0.5114142,0.21591368,0.0,0.86680174,0.0,1.2218275,0.0,0.8330606,1.6998036,0.0,1.0681665,0.2750784,1.5502397,0.0,0.031009039,11
B0250,0.0,0.0,0.0,0.0,0.0,0.9683252,0.0,1.2226654,1.259203,0.0,0.0,0.81556123,0.52346814,0.0,0.0,0.0,1.0283176,1.438357,0.35131496,0.19298059,0.0,0.70904464,0.0,0.64841956,0.0,0.297136,1.2191105,0.0,0.66819674,0.1734534,1.1924992,0.0,0.07201513,11
B0251,0.0,0.0,0.0,0.0,0.0,1.2552024,0.0,1.302475,1.4205049,0.0,0.0,1.2132027,0.6281179,0.0,0.0,0.0,1.6038496,1.5130478,0.36122954,0.23637334,0.0,0.738599,0.0,0.93101966,0.0,0.5933334,1.4867455,0.0,0.9251626,0.11510463,1.4572809,0.0,0.041135862,11
B0252,0.0,0.0,0.0,0.0,0.0,0.9938884,0.0,1.2653922,1.2580192,0.0,0.0,0.8888656,0.5604873,0.0,0.0,0.0,1.13849,1.4511441,0.38160267,0.20220836,0.0,0.7400634,0.0,0.7497598,0.0,0.36388326,1.2617657,0.0,0.7269538,0.18720587,1.2470331,0.0,0.06393483,11
B0253,0.0,0.0,0.0,0.0,0.0,0.87574744,0.0,1.1616944,1.1842363,0.0,0.0,0.7454725,0.49017656,0.0,0.0,0.0,1.0183986,1.340842,0.3452833,0.18066992,0.0,0.6860083,0.0,0.63757825,0.0,0.20758322,1.1453582,0.0,0.54267,0.15980789,1.0945411,0.0,0.08293926,11
B0254,0.0,0.0,0.0,0.0,0.0,1.8103472,0.0,1.6434146,1.5471044,0.0,0.0,1.5049785,0.53485304,0.0,0.0,0.0,1.4799107,2.1475143,0.38848445,0.36644417,0.0,0.7936963,0.0,1.1419988,0.0,0.44789338,1.6118279,0.0,1.1833436,0.0,1.5494884,0.0,0.025253627,11
B0255,0.0,0.0,0.0,0.0,0.0,1.0074525,0.0,1.1993742,1.2421969,0.0,0.0,0.8695524,0.5297473,0.0,0.0,0.0,1.0776144,1.4772553,0.34919336,0.20614043,0.0,0.7119001,0.0,0.69040066,0.0,0.29181635,1.2086433,0.0,0.69617575,0.14717531,1.154318,0.0,0.06956401,11
B0256,0.0,0.0,0.0,0.0,0.0,1.1047038,0.0,1.4056253,1.3117294,0.0,0.0,1.358742,0.79013574,0.0,0.0,0.0,1.8293226,1.4230045,0.49946827,0.21691184,0.0,0.856464,0.0,1.1991512,0.0,0.80912244,1.6831346,0.0,1.0593987,0.2712918,1.5104173,0.0,0.032803673,11
B0257,0.0,0.0,0.0,0.0,0.0,1.097298,0.0,1.4283115,1.2288873,0.0,0.0,1.3491971,0.7628282,0.0,0.0,0.0,1.727311,1.4303842,0.49930948,0.22419518,0.0,0.83523595,0.0,1.2142041,0.0,0.72651386,1.6663265,0.0,0.97727185,0.28167644,1.4798448,0.0,0.03496966,11
B0258,0.0,0.0,0.0,0.0,0.0,1.0674582,0.0,1.3139547,1.2685333,0.0,0.0,0.96660304,0.5773424,0.0,0.0,0.0,1.2063214,1.5105691,0.3556277,0.22173028,0.0,0.76173985,0.0,0.7957363,0.0,0.3559844,1.2902076,0.0,0.760935,0.15280169,1.2376767,0.0,0.058457777,11
B0259,0.0,0.0,0.0,0.0,0.0,0.89736307,0.0,1.18625,1.188601,0.0,0.0,0.85185313,0.55342495,0.0,0.0,0.0,1.1600451,1.3442675,0.40903717,0.1906584,0.0,0.7109624,0.0,0.74814594,0.0,0.33246744,1.194071,0.0,0.65346825,0.19234434,1.1413972,0.0,0.07179087,11
B0260,0.0,0.0,0.0,0.0,0.0,1.3362193,0.0,1.3080411,1.2787145,0.0,0.0,1.1383946,0.47686118,0.0,0.0,0.0,1.2962844,1.3950206,0.37331235,0.26247382,0.0,0.5876405,0.0,0.94010484,0.0,0.4795787,1.3615043,0.0,0.8453948,0.07107082,1.2554429,0.0,0.051520113,11
B0261,0.0,0.0,0.0,0.0,0.0,1.287786,0.0,1.4343095,1.4597118,0.0,0.0,1.6394405,0.7645053,0.0,0.0,0.0,2.0437417,2.177576,0.53659165,0.27938938,0.0,0.9052257,0.0,1.4036095,0.0,0.8236939,1.752048,0.0,1.1649199,0.18643087,1.5416031,0.0,0.021285469,11
B0262,0.0,0.0,0.0,0.0,0.0,1.2491107,0.0,1.2184266,1.296882,0.0,0.0,1.21697,0.6011982,0.0,0.0,0.0,1.529971,1.6245968,0.3453719,0.24183539,0.0,0.7366358,0.0,0.9517343,0.0,0.5352901,1.4006274,0.0,0.90837085,0.09341709,1.3565638,0.0,0.044265848,11
B0263,0.0,0.0,0.0,0.0,0.0,1.0688565,0.0,1.2605973,1.206526,0.0,0.0,0.88370824,0.5330628,0.0,0.0,0.0,1.093895,1.5194204,0.34715623,0.22109589,0.0,0.7696217,0.0,0.72978884,0.0,0.23661454,1.2837594,0.0,0.67268455,0.1394593,1.2018096,0.0,0.065292485,11
B0264,0.0,0.0,0.0,0.0,0.0,1.0788393,0.0,1.372723,1.3865964,0.0,0.0,1.3827226,0.8249945,0.0,0.0,0.0,1.9438921,1.4484597,0.51774937,0.1993433,0.0,0.8689203,0.0,1.2326256,0.0,0.86823064,1.6936831,0.0,1.0791755,0.2821024,1.5666041,0.0,0.030548548,11
B0265,0.0,0.0,0.0,0.0,0.0,0.91749924,0.0,1.2147281,1.2957317,0.0,0.0,0.5931471,0.41541064,0.0,0.0,0.0,0.6751154,1.426008,0.29866955,0.17864119,0.0,0.64867365,0.0,0.37027887,0.0,0.09601085,1.2113024,0.0,0.5175658,0.15824617,1.1147857,0.0,0.09372911,11
B0266,0.0,0.0,0.0,0.0,0.0,0.759469,0.0,0.19869232,0.96609646,0.0,0.0,0.5642199,0.10229775,0.0,0.0,0.0,0.37800097,1.603778,0.0,0.19021091,0.0,0.31858882,0.0,0.24897742,0.0,0.0,0.7473183,0.0,0.12121627,0.0,0.7173462,0.0,0.17549458,11
B0267,0.0,0.0,0.0,0.0,0.0,1.0127103,0.0,1.2652886,1.2859452,0.0,0.0,0.88014245,0.5584634,0.0,0.0,0.0,1.1416227,1.4653063,0.3411746,0.2002718,0.0,0.7447261,0.0,0.71307766,0.0,0.33554512,1.2745237,0.0,0.70407766,0.1634037,1.2477806,0.0,0.06423494,11
B0268,0.0,0.0,0.0,0.0,0.0,1.1205304,0.0,1.4084888,1.3776767,0.0,0.0,1.4038017,0.8139455,0.0,0.0,0.0,1.8841009,1.4400327,0.5005384,0.20301516,0.0,0.8683066,0.0,1.1925743,0.0,0.8750272,1.7094761,0.0,1.0362705,0.2863829,1.5434889,0.0,0.031041436,11
B0269,0.0,0.0,0.0,0.0,0.0,1.0125015,0.0,1.4641346,1.2298374,0.0,0.0,1.2800922,0.7469901,0.0,0.0,0.0,1.7536615,1.4165252,0.5153185,0.21949387,0.0,0.83401984,0.0,1.243751,0.0,0.6914117,1.665916,0.0,0.93734837,0.29550615,1.5164204,0.0,0.03545033,11
B0270,0.0,0.0,0.0,0.0,0.0,1.2260607,0.0,1.3666911,1.3776834,0.0,0.0,1.6270914,0.7394856,0.0,0.0,0.0,1.9873426,2.083361,0.4801029,0.25601727,0.0,0.8218585,0.0,1.304213,0.0,0.8119364,1.6686203,0.0,1.1089995,0.16039236,1.4654129,0.0,0.024947114,11
B0271,0.0,0.0,0.0,0.0,0.0,1.2252166,0.0,1.275564,1.3684505,0.0,0.0,1.207035,0.6282346,0.0,0.0,0.0,1.6231368,1.4910836,0.40126354,0.2355082,0.0,0.7568537,0.0,0.96665967,0.0,0.5896156,1.5226529,0.0,0.9028102,0.13739337,1.4712236,0.0,0.041242152,11
B0272,0.0,0.0,0.0,0.0,0.0,1.0682268,0.0,1.3431287,1.268945,0.0,0.0,1.3311194,0.78019154,0.0,0.0,0.0,1.8147712,1.3646982,0.49920452,0.20575663,0.0,0.8425432,0.0,1.1871293,0.0,0.78312814,1.6470723,0.0,1.0085402,0.2712181,1.4633276,0.0,0.035552688,11
B0273,0.0,0.0,0.0,0.0,0.0,1.0940714,0.0,1.3784494,1.229778,0.0,0.0,1.3355951,0.76009375,0.0,0.0,0.0,1.7571379,1.4057264,0.49893078,0.22470887,0.0,0.8395764,0.0,1.2002404,0.0,0.73733205,1.6573143,0.0,1.0051861,0.26626265,1.4422596,0.0,0.035628792,11
B0274,0.0,0.0,0.0,0.0,0.0,1.0465865,0.0,1.3403397,1.1907804,0.0,0.0,1.2944701,0.74534786,0.0,0.0,0.0,1.745876,1.3505869,0.49996573,0.22129223,0.0,0.81045943,0.0,1.1932538,0.0,0.6957383,1.6105125,0.0,0.9785273,0.26209483,1.404571,0.0,0.038435984,11
B0275,0.0,0.0,0.0,0.0,0.0,1.2252907,0.0,1.2831922,1.40445,0.0,0.0,1.2194157,0.64708,0.0,0.0,0.0,1.6457767,1.500699,0.3897029,0.2321326,0.0,0.76739216,0.0,0.9562717,0.0,0.62041247,1.5346262,0.0,0.9309281,0.1421287,1.4959581,0.0,0.040012535,11
B0276,0.0,0.0,0.0,0.0,0.0,1.1326869,0.0,1.4324813,1.294348,0.0,0.0,1.370769,0.78952956,0.0,0.0,0.0,1.8099985,1.4573116,0.5087505,0.227552,0.0,0.8682234,0.0,1.2171986,0.0,0.78426945,1.6974449,0.0,1.070051,0.2704811,1.5107887,0.0,0.03207288,11
B0277,0.0,0.0,0.0,0.0,0.0,0.94719017,0.0,1.0083131,1.1326071,0.0,0.0,0.8759444,0.41749167,0.0,0.0,0.0,0.8011149,1.2431686,0.41716474,0.20463054,0.0,0.45140785,0.0,0.5954853,0.0,0.40683085,1.0862923,0.0,0.6283723,0.15487361,0.96118414,0.0,0.092747845,11
B0278,0.0,0.0,0.0,0.0,0.0,1.0858309,0.0,1.2523553,1.3405998,0.0,0.0,1.0228331,0.6136959,0.0,0.0,0.0,1.3956231,1.481802,0.36728728,0.20780465,0.0,0.77691984,0.0,0.8253648,0.0,0.46977842,1.3940206,0.0,0.7847807,0.1617172,1.3589116,0.0,0.052067727,11
B0279,0.0,0.0,0.0,0.0,0.0,1.1322563,0.0,1.3132188,1.3265691,0.0,0.0,1.5187142,0.7830158,0.0,0.0,0.0,1.9024956,1.7684149,0.4610483,0.23464286,0.0,0.8344338,0.0,1.2643523,0.0,0.84296125,1.6758097,0.0,1.08953,0.23461688,1.4868752,0.0,0.029015161,11
B0280,0.0,0.0,0.0,0.0,0.0,0.9935045,0.0,1.2714158,1.2436206,0.0,0.0,0.92446125,0.570778,0.0,0.0,0.0,1.19801,1.4382939,0.36313948,0.21016786,0.0,0.7292953,0.0,0.78226364,0.0,0.34838018,1.2357453,0.0,0.7104206,0.1637229,1.186898,0.0,0.0636631,11
B0281,0.0,0.0,0.0,0.0,0.0,1.1472659,0.0,1.2888117,1.2905493,0.0,0.0,1.1458397,0.6026674,0.0,0.0,0.0,1.4760623,1.4153359,0.43041027,0.22937572,0.0,0.7123041,0.0,0.9860118,0.0,0.57953393,1.3821685,0.0,0.92493325,0.15834689,1.3143382,0.0,0.047372673,11
B0282,0.0,0.0,0.0,0.0,0.0,1.0989609,0.0,1.2435267,1.3239537,0.0,0.0,0.9947324,0.58233315,0.0,0.0,0.0,1.3132881,1.4831728,0.31509674,0.20903334,0.0,0.7478254,0.0,0.7650478,0.0,0.39819366,1.3334703,0.0,0.7599971,0.12888014,1.2986751,0.0,0.056533433,11
B0283,0.0,0.0,0.0,0.0,0.0,1.1325123,0.0,1.42784,1.3008554,0.0,0.0,1.3736796,0.7924112,0.0,0.0,0.0,1.8216765,1.4645141,0.51025164,0.22691448,0.0,0.8700977,0.0,1.2196518,0.0,0.78702784,1.6955378,0.0,1.0721784,0.2700525,1.5163714,0.0,0.03184055,11
B0284,0.0,0.0,0.0,0.0,0.0,1.1032941,0.0,1.4026743,1.3293777,0.0,0.0,1.3652053,0.79767025,0.0,0.0,0.0,1.8518728,1.4259685,0.50052077,0.21445908,0.0,0.858822,0.0,1.2010605,0.0,0.8245751,1.6865987,0.0,1.0701919,0.27156866,1.5217737,0.0,0.03227282,11
B0285,0.0,0.0,0.0,0.0,0.0,0.76645607,0.0,0.99052346,1.231806,0.0,0.0,0.53294677,0.38568547,0.0,0.0,0.0,0.65749234,1.2957051,0.39243948,0.1630924,0.0,0.581127,0.0,0.3941723,0.0,0.20317122,1.169245,0.0,0.50263286,0.18135798,0.99340814,0.0,0.108109,11
B0286,0.0,0.0,0.0,0.0,0.0,1.0842419,0.0,1.2880099,1.3277743,0.0,0.0,1.0204654,0.616127,0.0,0.0,0.0,1.379585,1.486345,0.36508697,0.21291992,0.0,0.78464574,0.0,0.8377105,0.0,0.45355517,1.3810096,0.0,0.78640085,0.16036224,1.3408988,0.0,0.05209041,11
B0287,0.0,0.0,0.0,0.0,0.0,1.0865641,0.0,1.3518114,1.2309797,0.0,0.0,1.3494833,0.74168336,0.0,0.0,0.0,1.7598245,1.4323257,0.48164502,0.22112088,0.0,0.820735,0.0,1.1863209,0.0,0.74503803,1.6559744,0.0,0.9800687,0.25665626,1.4276762,0.0,0.03608089,11
B0288,0.0,0.0,0.0,0.0,0.0,0.9671004,0.0,1.2391291,1.224837,0.0,0.0,0.7597101,0.4844643,0.0,0.0,0.0,0.8910904,1.4599085,0.35146815,0.20127177,0.0,0.7027012,0.0,0.58103883,0.0,0.19850245,1.2065523,0.0,0.61814344,0.1709745,1.1552869,0.0,0.07820636,11
B0289,0.0,0.0,0.0,0.0,0.0,1.0899677,0.0,1.3745488,1.2988445,0.0,0.0,1.3474497,0.7882912,0.0,0.0,0.0,1.8413091,1.4108021,0.50827307,0.21418463,0.0,0.85171217,0.0,1.2053506,0.0,0.79573464,1.6709371,0.0,1.0489849,0.27004248,1.499654,0.0,0.033448532,11
B0290,0.0,0.0,0.0,0.0,0.0,1.050355,0.0,1.2690713,1.3050718,0.0,0.0,0.96709275,0.59680367,0.0,0.0,0.0,1.2878342,1.4711196,0.36967403,0.20571396,0.0,0.7708479,0.0,0.79786444,0.0,0.4236136,1.3340483,0.0,0.7640781,0.16861586,1.2992679,0.0,0.056596998,11
B0291,0.0,0.0,0.0,0.0,0.0,1.0960351,0.0,1.2146124,1.2736522,0.0,0.0,0.99220645,0.56825364,0.0,0.0,0.0,1.2910517,1.470986,0.3527342,0.2146135,0.0,0.73776174,0.0,0.7941662,0.0,0.4027937,1.3246269,0.0,0.76955855,0.13506483,1.2769455,0.0,0.05763971,11
B0292,0.0,0.0,0.0,0.0,0.0,0.9840815,0.0,1.4483575,1.2438117,0.0,0.0,1.2869729,0.7579098,0.0,0.0,0.0,1.7814643,1.3984905,0.51056457,0.21178728,0.0,0.82918394,0.0,1.2533914,0.0,0.7322744,1.6779255,0.0,0.94675606,0.30689812,1.5236375,0.0,0.035163544,11
B0293,0.0,0.0,0.0,0.0,0.0,0.8649577,0.0,1.2048478,1.2135956,0.0,0.0,0.74880856,0.46861976,0.0,0.0,0.0,0.898187,1.3817209,0.35004318,0.21300313,0.0,0.6028023,0.0,0.60142046,0.0,0.22499397,1.1116115,0.0,0.5661631,0.14848706,0.9526748,0.0,0.08686992,11
B0294,0.0,0.0,0.0,0.0,0.0,1.1876848,0.0,1.354841,1.3407362,0.0,0.0,1.1807653,0.6342073,0.0,0.0,0.0,1.505724,1.4697235,0.40839696,0.23224112,0.0,0.734213,0.0,0.9725212,0.0,0.60107577,1.4075072,0.0,0.945418,0.15857032,1.3773664,0.0,0.04385961,11
B0295,0.0,0.0,0.0,0.0,0.0,1.2227337,0.0,1.2759936,1.3965884,0.0,0.0,1.2185931,0.643965,0.0,0.0,0.0,1.6371431,1.495433,0.3934985,0.23140301,0.0,0.76171726,0.0,0.95638925,0.0,0.62454003,1.528225,0.0,0.9308465,0.14377037,1.4893528,0.0,0.0403886,11
B0296,0.0,0.0,0.0,0.0,0.0,1.191026,0.0,1.2651595,1.1920373,0.0,0.0,1.1303504,0.52374464,0.0,0.0,0.0,1.3540149,1.4567558,0.4188559,0.24996783,0.0,0.65760493,0.0,1.0049255,0.0,0.4892941,1.3334787,0.0,0.88430333,0.12404202,1.2479899,0.0,0.05129208,11
B0297,0.0,0.0,0.0,0.0,0.0,1.1082687,0.0,1.4019506,1.3312035,0.0,0.0,1.3654613,0.7975239,0.0,0.0,0.0,1.8564832,1.4388927,0.5037649,0.21636358,0.0,0.8642035,0.0,1.2042687,0.0,0.8210323,1.6877719,0.0,1.0768462,0.26942128,1.5273852,0.0,0.03199679,11
B0298,0.0,0.0,0.0,0.0,0.0,1.26469,0.0,1.2950327,1.3625476,0.0,0.0,1.2200634,0.62198305,0.0,0.0,0.0,1.5940526,1.5280762,0.4019086,0.24778587,0.0,0.7585233,0.0,0.96765393,0.0,0.5751972,1.5274653,0.0,0.9379428,0.1265231,1.4670367,0.0,0.04047607,11
B0299,0.0,0.0,0.0,0.0,0.0,1.1028821,0.0,1.402956,1.3148332,0.0,0.0,1.3618139,0.79256594,0.0,0.0,0.0,1.8314961,1.4174576,0.49707878,0.21466874,0.0,0.8542218,0.0,1.1956563,0.0,0.8165946,1.6828048,0.0,1.0545113,0.27325323,1.5096067,0.0,0.03286566,11
B0300,0.0,0.0,0.0,0.0,0.0,1.1203346,0.0,1.4240746,1.2809312,0.0,0.0,1.3946187,0.77796566,0.0,0.0,0.0,1.781434,1.47543,0.5116665,0.22436668,0.0,0.85914844,0.0,1.2235126,0.0,0.7701929,1.7009957,0.0,0.98679113,0.2875137,1.5031651,0.0,0.032707,11
B0301,0.0,0.0,0.0,0.0,0.0,1.258244,0.0,1.3187766,1.4258876,0.0,0.0,1.2310739,0.6457916,0.0,0.0,0.0,1.6463435,1.5580281,0.3940271,0.24239913,0.0,0.77112716,0.0,0.969571,0.0,0.5967383,1.5225189,0.0,0.95235217,0.12560329,1.4927199,0.0,0.038634896,11
B0302,0.0,0.0,0.0,0.0,0.0,1.0574934,0.0,1.3263556,1.3180996,0.0,0.0,1.3458803,0.8027109,0.0,0.0,0.0,1.8879617,1.3925744,0.50727165,0.2001029,0.0,0.8432722,0.0,1.2047561,0.0,0.82161605,1.6525983,0.0,1.0400411,0.2744403,1.5046709,0.0,0.033747584,11
B0303,0.0,0.0,0.0,0.0,0.0,1.2498958,0.0,1.3182266,1.3855917,0.0,0.0,1.2052522,0.62048817,0.0,0.0,0.0,1.5598152,1.4950057,0.37274915,0.23867604,0.0,0.73130953,0.0,0.94034004,0.0,0.58773077,1.4721735,0.0,0.92470443,0.124675915,1.4314718,0.0,0.0421802,11
B0304,0.0,0.0,0.0,0.0,0.0,1.0359211,0.0,1.2857044,1.2993318,0.0,0.0,0.9577234,0.5967121,0.0,0.0,0.0,1.2643243,1.4759326,0.36446142,0.20690936,0.0,0.7665614,0.0,0.79999757,0.0,0.41024992,1.3095851,0.0,0.7590314,0.16930501,1.2798624,0.0,0.057518143,11
B0305,0.0,0.0,0.0,0.0,0.0,1.1344519,0.0,1.4331862,1.2691519,0.0,0.0,1.3734679,0.77894944,0.0,0.0,0.0,1.7836276,1.466982,0.5134424,0.23309487,0.0,0.86776567,0.0,1.229811,0.0,0.7554878,1.697691,0.0,1.0455238,0.27216423,1.4914172,0.0,0.03253888,11
B0306,0.0,0.0,0.0,0.0,0.0,1.442135,0.0,1.480479,1.2930689,0.0,0.0,1.2229825,0.5277964,0.0,0.0,0.0,1.3613416,1.6123142,0.38984922,0.2957381,0.0,0.71355104,0.0,1.0085744,0.0,0.41120905,1.4530855,0.0,0.89444965,0.06341922,1.3751366,0.0,0.041587308,11
B0307,0.0,0.0,0.0,0.0,0.0,1.276566,0.0,1.2853395,1.391655,0.0,0.0,1.2332828,0.6258083,0.0,0.0,0.0,1.6249669,1.5363351,0.3835207,0.24579999,0.0,0.7629396,0.0,0.9531845,0.0,0.5782225,1.5548503,0.0,0.9216595,0.12124087,1.4958348,0.0,0.039661326,11
B0308,0.0,0.0,0.0,0.0,0.0,1.1094832,0.0,1.2277211,1.3345035,0.0,0.0,1.0427195,0.59837943,0.0,0.0,0.0,1.3898196,1.4763324,0.35695666,0.21157534,0.0,0.75105953,0.0,0.8160643,0.0,0.47603965,1.3853573,0.0,0.8109666,0.14653613,1.3509717,0.0,0.052426893,11
B0309,0.0,0.0,0.0,0.0,0.0,1.1036234,0.0,1.402287,1.3256675,0.0,0.0,1.3635693,0.79637104,0.0,0.0,0.0,1.8492274,1.4281554,0.50109494,0.21514891,0.0,0.85909665,0.0,1.2029473,0.0,0.8211535,1.6865307,0.0,1.0708342,0.27120304,1.51928,0.0,0.032315526,11
B0310,0.0,0.0,0.0,0.0,0.0,1.365305,0.0,1.3439106,1.2710444,0.0,0.0,1.1897669,0.53635305,0.0,0.0,0.0,1.438148,1.5339987,0.36774924,0.28538203,0.0,0.70287454,0.0,0.96337366,0.0,0.4272167,1.4862332,0.0,0.8950472,0.06349771,1.3676522,0.0,0.044169366,11
B0311,0.0,0.0,0.0,0.0,0.0,1.3012445,0.0,1.3384906,1.3114762,0.0,0.0,1.2107766,0.5816687,0.0,0.0,0.0,1.467752,1.5167408,0.40238634,0.25945854,0.0,0.72243685,0.0,0.97212213,0.0,0.5424111,1.4767609,0.0,0.91713595,0.12030382,1.3918581,0.0,0.04299782,11
B0312,0.0,0.0,0.0,0.0,0.0,1.100989,0.0,1.4002954,1.3259732,0.0,0.0,1.3628526,0.79657197,0.0,0.0,0.0,1.8489599,1.4231567,0.4999403,0.21395941,0.0,0.8573198,0.0,1.200558,0.0,0.82254386,1.6849272,0.0,1.0665126,0.27211317,1.5187869,0.0,0.032444503,11
B0313,0.0,0.0,0.0,0.0,0.0,1.1238003,0.0,1.3842831,1.3001778,0.0,0.0,1.3940017,0.78584313,0.0,0.0,0.0,1.8313854,1.5033159,0.49442023,0.22492948,0.0,0.8547464,0.0,1.2122507,0.0,0.79471344,1.6873055,0.0,1.0568761,0.2623024,1.5031034,0.0,0.032091122,11
B0314,0.0,0.0,0.0,0.0,0.0,1.0955248,0.0,1.3720424,1.2983774,0.0,0.0,1.3505275,0.78774154,0.0,0.0,0.0,1.8439741,1.423784,0.5078176,0.21511692,0.0,0.8534859,0.0,1.2072977,0.0,0.79419637,1.6723721,0.0,1.0519415,0.26796198,1.5016072,0.0,0.033248123,11
B0315,0.0,0.0,0.0,0.0,0.0,1.2719092,0.0,0.3143643,1.2447021,0.0,0.0,0.91086584,0.09072745,0.0,0.0,0.0,0.6795828,1.7929803,0.028260753,0.2826165,0.0,0.43884468,0.0,0.45727354,0.0,0.0,0.98060334,0.0,0.493673,0.0,1.1045616,0.0,0.10437589,11
B0316,0.0,0.0,0.0,0.0,0.0,0.9566116,0.0,1.2590685,1.323102,0.0,0.0,0.6355305,0.43614593,0.0,0.0,0.0,0.69771665,1.5315391,0.28769344,0.18762071,0.0,0.68963605,0.0,0.39341187,0.0,0.06534973,1.2684131,0.0,0.5538853,0.1499332,1.1473308,0.0,0.08621235,11
B0317,0.0,0.0,0.0,0.0,0.0,1.1020026,0.0,1.3998857,1.3331137,0.0,0.0,1.3654134,0.7991736,0.0,0.0,0.0,1.8579813,1.4261397,0.5014218,0.2137329,0.0,0.8594583,0.0,1.2021967,0.0,0.8275554,1.6868749,0.0,1.0726047,0.27165252,1.5237906,0.0,0.032181,11
B0318,0.0,0.0,0.0,0.0,0.0,0.9027829,0.0,1.2037646,1.29574,0.0,0.0,0.58547646,0.41419426,0.0,0.0,0.0,0.6773467,1.42041,0.29950884,0.17786574,0.0,0.6416447,0.0,0.37193763,0.0,0.1111334,1.2108839,0.0,0.5186288,0.16025151,1.1049873,0.0,0.09442611,11
B0319,0.0,0.0,0.0,0.0,0.0,1.114019,0.0,1.4136821,1.267065,0.0,0.0,1.3568949,0.7789613,0.0,0.0,0.0,1.8009031,1.4630744,0.5229392,0.22676176,0.0,0.86425066,0.0,1.2411389,0.0,0.73433393,1.6712092,0.0,1.03284,0.27290988,1.4906667,0.0,0.033018876,11
B0320,0.0,0.0,0.0,0.0,0.0,0.88649535,0.0,1.1110717,1.2792671,0.0,0.0,0.63603157,0.44093117,0.0,0.0,0.0,0.78287715,1.4247395,0.30105984,0.17402135,0.0,0.6375399,0.0,0.41183043,0.0,0.14783159,1.148282,0.0,0.5204526,0.14920467,1.0771757,0.0,0.09378405,11
B0321,0.0,0.0,0.0,0.0,0.0,1.0106395,0.0,1.2440486,1.2769158,0.0,0.0,0.82638365,0.5279104,0.0,0.0,0.0,1.0663681,1.44925,0.33011872,0.1948205,0.0,0.7330589,0.0,0.64543986,0.0,0.286424,1.2675431,0.0,0.665394,0.15830554,1.2392797,0.0,0.06891342,11
B0322,0.0,0.0,0.0,0.0,0.0,1.0858626,0.0,1.2379156,1.3167967,0.0,0.0,1.0070552,0.591449,0.0,0.0,0.0,1.3335862,1.4746134,0.35006958,0.20919469,0.0,0.753793,0.0,0.7951454,0.0,0.4394778,1.3524524,0.0,0.784251,0.14827509,1.3161778,0.0,0.05512235,11
B0323,0.0,0.0,0.0,0.0,0.0,1.0843313,0.0,1.229825,1.2788222,0.0,0.0,0.94468606,0.56017965,0.0,0.0,0.0,1.2269899,1.4961973,0.33961475,0.21452554,0.0,0.74841547,0.0,0.7553704,0.0,0.3436616,1.3029445,0.0,0.7554477,0.13080779,1.2562994,0.0,0.06002836,11
B0324,0.0,0.0,0.0,0.0,0.0,1.1096961,0.0,1.2456352,1.2465125,0.0,0.0,0.99857557,0.5253436,0.0,0.0,0.0,1.1890646,1.4416643,0.38696232,0.2330082,0.0,0.6660732,0.0,0.80501676,0.0,0.37473214,1.2505504,0.0,0.7640014,0.1278967,1.172072,0.0,0.061439347,11
B0325,0.0,0.0,0.0,0.0,0.0,0.9026938,0.0,1.2504783,1.4321966,0.0,0.0,0.48562855,0.36546224,0.0,0.0,0.0,0.5258303,1.5215278,0.24297078,0.18382144,0.0,0.63761526,0.0,0.21862155,0.0,0.0,1.3519229,0.0,0.4288326,0.13222206,1.0831001,0.0,0.09848697,11
B0326,0.0,0.0,0.0,0.0,0.0,1.2529746,0.0,1.3351408,1.3252319,0.0,0.0,1.1745584,0.5664559,0.0,0.0,0.0,1.4429698,1.4589298,0.4290544,0.25507152,0.0,0.66899073,0.0,0.98272824,0.0,0.5477736,1.3758569,0.0,0.9472616,0.11563058,1.3172867,0.0,0.045755167,11
B0327,0.0,0.0,0.0,0.0,0.0,0.94884276,0.0,1.231874,1.1782149,0.0,0.0,0.69644225,0.44732308,0.0,0.0,0.0,0.7518633,1.4284453,0.3339808,0.20235163,0.0,0.68180746,0.0,0.5042613,0.0,0.09963226,1.1857775,0.0,0.5391601,0.16003342,1.0642853,0.0,0.08853864,11
B0328,0.0,0.0,0.0,0.0,0.0,1.0196059,0.0,1.2258201,1.2770141,0.0,0.0,0.75351346,0.48362243,0.0,0.0,0.0,0.8850174,1.5258557,0.2863515,0.19478674,0.0,0.7142128,0.0,0.5146225,0.0,0.15713394,1.2265308,0.0,0.6034199,0.13276881,1.1668109,0.0,0.07768051,11
B0329,0.0,0.0,0.0,0.0,0.0,0.7950214,0.0,0.12891811,1.0139275,0.0,0.0,0.5130085,0.16028672,0.0,0.0,0.0,0.36458063,1.3534228,0.0,0.1742816,0.0,0.336012,0.0,0.17111522,0.0,0.0,0.7344538,0.0,0.116247,0.0,0.85131305,0.0,0.18512803,11
B0330,0.0,0.0,0.0,0.0,0.0,1.1339736,0.0,1.4293114,1.2589252,0.0,0.0,1.3722126,0.77372414,0.0,0.0,0.0,1.773237,1.4642861,0.5084103,0.23346049,0.0,0.8638202,0.0,1.2252408,0.0,0.7492491,1.6952933,0.0,1.0389123,0.2695526,1.4812229,0.0,0.03293842,11
B0331,0.0,0.0,0.0,0.0,0.0,1.101934,0.0,1.401166,1.3256187,0.0,0.0,1.3634839,0.797006,0.0,0.0,0.0,1.8492743,1.4240572,0.5002433,0.21405753,0.0,0.857952,0.0,1.2011873,0.0,0.82217026,1.6846435,0.0,1.067123,0.2720713,1.519511,0.0,0.032408223,11
B0332,0.0,0.0,0.0,0.0,0.0,0.90837216,0.0,1.179649,1.2925344,0.0,0.0,0.60428506,0.41368043,0.0,0.0,0.0,0.70130444,1.4294213,0.26094958,0.17535491,0.0,0.6414249,0.0,0.3602356,0.0,0.08230364,1.1779402,0.0,0.48803243,0.1413724,1.0767453,0.0,0.09605075,11
B0333,0.0,0.0,0.0,0.0,0.0,0.99685895,0.0,1.1992319,1.3052168,0.0,0.0,0.8950997,0.56557715,0.0,0.0,0.0,1.1676444,1.4752038,0.35379034,0.1951409,0.0,0.73594797,0.0,0.72545,0.0,0.37630513,1.2803721,0.0,0.70261985,0.1736069,1.2505622,0.0,0.063915916,11
B0334,0.0,0.0,0.0,0.0,0.0,1.0759485,0.0,1.2199312,1.2198325,0.0,0.0,0.97709036,0.5736324,0.0,0.0,0.0,1.2929193,1.4121405,0.37682247,0.21961692,0.0,0.7577582,0.0,0.81973326,0.0,0.40199178,1.3498058,0.0,0.73212415,0.1548363,1.2483464,0.0,0.058843106,11
B0335,0.0,0.0,0.0,0.0,0.0,1.0169265,0.0,1.2250048,1.2007158,0.0,0.0,0.8496121,0.5222126,0.0,0.0,0.0,1.0686383,1.4515439,0.32715327,0.20744936,0.0,0.73721623,0.0,0.6963751,0.0,0.23880908,1.2334485,0.0,0.6288062,0.14104068,1.1549507,0.0,0.07085883,11
B0336,0.0,0.0,0.0,0.0,0.0,1.1011643,0.0,1.4400641,1.3106313,0.0,0.0,1.388145,0.7801509,0.0,0.0,0.0,1.7784493,1.4096286,0.48302412,0.21534072,0.0,0.84191865,0.0,1.1758132,0.0,0.820177,1.702253,0.0,0.9845407,0.28621837,1.5104618,0.0,0.03342272,11
B0337,0.0,0.0,0.0,0.0,0.0,1.0644169,0.0,1.2019737,1.2709332,0.0,0.0,0.9293752,0.55697286,0.0,0.0,0.0,1.2339189,1.4617629,0.32776335,0.20640609,0.0,0.7394917,0.0,0.74281526,0.0,0.33849916,1.3011627,0.0,0.7140504,0.1322669,1.2510448,0.0,0.06201314,11
B0338,0.0,0.0,0.0,0.0,0.0,0.85365283,0.0,1.0297995,1.2530464,0.0,0.0,0.71500105,0.45938873,0.0,0.0,0.0,0.8413443,1.3791276,0.34607255,0.1810135,0.0,0.59034646,0.0,0.49833855,0.0,0.27415466,1.1227574,0.0,0.57209533,0.16110164,1.0113364,0.0,0.092573754,11
B0339,0.0,0.0,0.0,0.0,0.0,1.090934,0.0,1.3724581,1.3072734,0.0,0.0,1.3506701,0.79221183,0.0,0.0,0.0,1.8532498,1.4183688,0.51109815,0.21382535,0.0,0.8549433,0.0,1.2097003,0.0,0.80091476,1.6731017,0.0,1.0554867,0.2705013,1.5079212,0.0,0.03306626,11
B0340,0.0,0.0,0.0,0.0,0.0,1.1985455,0.0,1.2952641,1.1911831,0.0,0.0,1.0373716,0.5199553,0.0,0.0,0.0,1.1647952,1.5120493,0.36626443,0.2588799,0.0,0.70300585,0.0,0.84268165,0.0,0.35521337,1.3155873,0.0,0.8149744,0.109249614,1.2084635,0.0,0.05730085,11
B0341,0.0,0.0,0.0,0.0,0.0,1.1061352,0.0,1.400288,1.3274611,0.0,0.0,1.3609192,0.7954632,0.0,0.0,0.0,1.8537534,1.4351817,0.50430375,0.21674502,0.0,0.86313975,0.0,1.2038743,0.0,0.8167094,1.6852963,0.0,1.0767821,0.26836887,1.5243164,0.0,0.03217331,11
B0342,0.0,0.0,0.0,0.0,0.0,1.0807387,0.0,1.4395385,1.1769446,0.0,0.0,1.3180645,0.7523428,0.0,0.0,0.0,1.6716931,1.4041426,0.47946864,0.21278971,0.0,0.8084678,0.0,1.1791469,0.0,0.6771935,1.5778289,0.0,0.88865125,0.28576267,1.4696138,0.0,0.03804345,11
B0343,0.0,0.0,0.0,0.0,0.0,1.1033883,0.0,1.3947448,1.2422022,0.0,0.0,1.3450723,0.7683821,0.0,0.0,0.0,1.7610897,1.4094999,0.50184923,0.22515947,0.0,0.84861445,0.0,1.2038178,0.0,0.7521801,1.6704135,0.0,1.0129187,0.27171683,1.457262,0.0,0.034870405,11
B0344,0.0,0.0,0.0,0.0,0.0,1.1145551,0.0,1.4043527,1.3494961,0.0,0.0,1.3866763,0.8074456,0.0,0.0,0.0,1.8797306,1.461016,0.512881,0.21543118,0.0,0.86952096,0.0,1.2160058,0.0,0.831337,1.6968985,0.0,1.0729285,0.27494228,1.5534334,0.0,0.031025132,11
B0345,0.0,0.0,0.0,0.0,0.0,1.0070918,0.0,0.37683022,1.0575889,0.0,0.0,0.79030436,0.17011136,0.0,0.0,0.0,0.57596344,1.5451965,0.061130613,0.2513036,0.0,0.41050506,0.0,0.4264694,0.0,0.0,0.8791404,0.0,0.39821553,0.0,0.96031505,0.0,0.12893255,11
B0346,0.0,0.0,0.0,0.0,0.0,1.0696862,0.0,1.3133221,1.261559,0.0,0.0,0.96055365,0.57154024,0.0,0.0,0.0,1.2754059,1.5227637,0.38954446,0.22712043,0.0,0.7852701,0.0,0.8448704,0.0,0.31194142,1.3123374,0.0,0.76507914,0.13782653,1.244278,0.0,0.056460746,11
B0347,0.0,0.0,0.0,0.0,0.0,1.1767888,0.0,1.3275691,1.3681079,0.0,0.0,1.5927682,0.77198017,0.0,0.0,0.0,1.9766508,1.9458268,0.48124307,0.24502079,0.0,0.8339269,0.0,1.3110094,0.0,0.8395535,1.6820624,0.0,1.102332,0.2037929,1.4935639,0.0,0.026095523,11
B0348,0.0,0.0,0.0,0.0,0.0,1.0961844,0.0,1.3871299,1.3432586,0.0,0.0,1.3653846,0.8023926,0.0,0.0,0.0,1.8730538,1.4227407,0.5028064,0.21131906,0.0,0.85942066,0.0,1.2017817,0.0,0.83730745,1.6862085,0.0,1.0739577,0.27183503,1.524958,0.0,0.032117732,11
B0349,0.0,0.0,0.0,0.0,0.0,1.12727,0.0,1.4213035,1.2675698,0.0,0.0,1.3653095,0.7796222,0.0,0.0,0.0,1.7835877,1.438164,0.51079446,0.22883722,0.0,0.862961,0.0,1.2166057,0.0,0.7634673,1.6921501,0.0,1.0377531,0.27222624,1.4790778,0.0,0.03318747,11
B0350,0.0,0.0,0.0,0.0,0.0,1.0027602,0.0,1.2053957,1.2016076,0.0,0.0,0.9935655,0.54425037,0.0,0.0,0.0,1.1664366,1.38255,0.44094354,0.21677434,0.0,0.6462049,0.0,0.82518345,0.0,0.4526195,1.2019181,0.0,0.7989199,0.19047804,1.1620667,0.0,0.06429684,11
B0351,0.0,0.0,0.0,0.0,0.0,1.0112892,0.0,1.198798,1.1710253,0.0,0.0,0.9044876,0.5424871,0.0,0.0,0.0,1.161305,1.3940755,0.3552572,0.202649,0.0,0.71449614,0.0,0.7717563,0.0,0.3240418,1.2343547,0.0,0.67320895,0.15795304,1.1986862,0.0,0.06757525,11
B0352,0.0,0.0,0.0,0.0,0.0,0.7942104,0.0,0.12178016,1.0220623,0.0,0.0,0.36928678,0.123624384,0.0,0.0,0.0,0.17317533,1.321774,0.0,0.14582384,0.0,0.30250126,0.0,0.0,0.0,0.0,0.72753406,0.0,0.08236408,0.0,0.8506423,0.0,0.20715664,11
B0353,0.0,0.0,0.0,0.0,0.0,1.2565457,0.0,1.2942557,1.4048853,0.0,0.0,1.2116482,0.623514,0.0,0.0,0.0,1.6154044,1.5128016,0.37962905,0.24075134,0.0,0.75009763,0.0,0.9460542,0.0,0.58904934,1.5132685,0.0,0.9369484,0.11840655,1.4729486,0.0,0.0405986,11
B0354,0.0,0.0,0.0,0.0,0.0,1.2901671,0.0,1.4060717,1.2551199,0.0,0.0,1.0752602,0.49254814,0.0,0.0,0.0,1.1525487,1.6225171,0.40894318,0.2790097,0.0,0.70073783,0.0,0.89498156,0.0,0.2727428,1.330183,0.0,0.7767307,0.09051106,1.2372644,0.0,0.052461643,11
B0355,0.0,0.0,0.0,0.0,0.0,1.0186229,0.0,1.1347661,1.1248457,0.0,0.0,0.94751096,0.49806812,0.0,0.0,0.0,1.1471732,1.4548163,0.36649317,0.21523127,0.0,0.67207325,0.0,0.8336157,0.0,0.35364193,1.1913352,0.0,0.71729964,0.13799667,1.1461889,0.0,0.06783868,11
B0356,0.0,0.0,0.0,0.0,0.0,1.14171,0.0,1.2412989,1.349499,0.0,0.0,1.0461679,0.59259987,0.0,0.0,0.0,1.3922298,1.5088702,0.33786625,0.21758911,0.0,0.75310695,0.0,0.80711186,0.0,0.43310854,1.387322,0.0,0.78837276,0.12611835,1.3538753,0.0,0.051916514,11
B0357,0.0,0.0,0.0,0.0,0.0,1.1092727,0.0,1.4030042,1.2398827,0.0,0.0,1.3464677,0.7666974,0.0,0.0,0.0,1.7641428,1.4242508,0.5074285,0.22994334,0.0,0.8519535,0.0,1.2135515,0.0,0.7367239,1.67132,0.0,1.0229328,0.26759824,1.4587853,0.0,0.034507953,11
B0358,0.0,0.0,0.0,0.0,0.0,1.5904453,0.0,1.4783092,1.4387724,0.0,0.0,1.2792419,0.50571215,0.0,0.0,0.0,1.3671135,1.7044177,0.37495568,0.3187762,0.0,0.672965,0.0,0.97005457,0.0,0.43770444,1.5140784,0.0,1.0165775,0.018391281,1.4387639,0.0,0.037231036,11
B0359,0.0,0.0,0.0,0.0,0.0,1.1433539,0.0,1.2761681,1.3212109,0.0,0.0,1.0773982,0.60034484,0.0,0.0,0.0,1.402314,1.5542059,0.38880676,0.23896499,0.0,0.7949543,0.0,0.8772085,0.0,0.44469815,1.4375103,0.0,0.85825795,0.13492991,1.3493017,0.0,0.04854111,11
B0360,0.0,0.0,0.0,0.0,0.0,0.7752542,0.0,0.008276045,1.0987895,0.0,0.0,0.46831307,0.11117783,0.0,0.0,0.0,0.22423458,1.4313232,0.0,0.15716754,0.0,0.25421432,0.0,0.025991619,0.0,0.0,0.7015801,0.0,0.09087956,0.0,0.8484028,0.0,0.20142855,11
B0361,0.0,0.0,0.0,0.0,0.0,1.4649669,0.0,1.4286987,1.3606408,0.0,0.0,1.2412703,0.4440825,0.0,0.0,0.0,1.2001956,1.4746902,0.41730124,0.30467588,0.0,0.4941436,0.0,0.8898008,0.0,0.5404024,1.2994268,0.0,0.90443325,0.06268227,1.2325709,0.0,0.04861509,11
B0362,0.0,0.0,0.0,0.0,0.0,1.3131285,0.0,1.3276742,1.3448367,0.0,0.0,1.2244699,0.5939835,0.0,0.0,0.0,1.5351205,1.5519929,0.37532735,0.2594962,0.0,0.7503866,0.0,0.9570633,0.0,0.52443624,1.5233228,0.0,0.90083444,0.105887495,1.438489,0.0,0.04120406,11
B0363,0.0,0.0,0.0,0.0,0.0,0.9443185,0.0,1.0803251,1.1673841,0.0,0.0,0.769816,0.46009848,0.0,0.0,0.0,0.8616904,1.5303335,0.2846405,0.19282952,0.0,0.6673284,0.0,0.54679465,0.0,0.16035444,1.123502,0.0,0.5478245,0.13132654,1.0622944,0.0,0.08647083,11
B0364,0.0,0.0,0.0,0.0,0.0,0.88051146,0.0,1.1300039,1.2440646,0.0,0.0,0.76653945,0.47206143,0.0,0.0,0.0,0.92451733,1.397607,0.34638155,0.20677347,0.0,0.6054707,0.0,0.56401813,0.0,0.2633465,1.1097932,0.0,0.58034694,0.14308918,0.9932184,0.0,0.08628359,11
B0365,0.0,0.0,0.0,0.0,0.0,0.984214,0.0,1.3502467,1.2201952,0.0,0.0,1.2494113,0.74433523,0.0,0.0,0.0,1.7889951,1.3110757,0.5112341,0.20158488,0.0,0.82479405,0.0,1.205138,0.0,0.7244389,1.6260204,0.0,0.95365787,0.27914545,1.4459176,0.0,0.03836687,11
B0366,0.0,0.0,0.0,0.0,0.0,0.99037004,0.0,1.3606668,1.3259674,0.0,0.0,1.3566475,0.8219346,0.0,0.0,0.0,1.9911683,1.5620847,0.53445965,0.18750976,0.0,0.8416475,0.0,1.3221285,0.0,0.77841115,1.6433158,0.0,1.049862,0.29284292,1.5955622,0.0,0.030430669,11
B0367,0.0,0.0,0.0,0.0,0.0,0.8362604,0.0,0.89851123,1.3402079,0.0,0.0,0.67155206,0.41792095,0.0,0.0,0.0,0.7359644,1.3417063,0.36610478,0.1683477,0.0,0.5504291,0.0,0.3965564,0.0,0.36151415,1.169242,0.0,0.55153865,0.167566,0.99299675,0.0,0.09988605,11
B0368,0.0,0.0,0.0,0.0,0.0,1.0923293,0.0,1.2746793,1.3372175,0.0,0.0,1.0275238,0.61809146,0.0,0.0,0.0,1.408196,1.4878846,0.37311265,0.21295814,0.0,0.78933775,0.0,0.8424273,0.0,0.46743047,1.4086611,0.0,0.79387665,0.16223146,1.3686342,0.0,0.050901584,11
B0369,0.0,0.0,0.0,0.0,0.0,0.9147226,0.0,1.1409979,1.3106868,0.0,0.0,0.69930375,0.46296185,0.0,0.0,0.0,0.8049272,1.4080257,0.26194376,0.16549224,0.0,0.6394313,0.0,0.4092109,0.0,0.19409369,1.1545999,0.0,0.4896847,0.14830661,1.0682285,0.0,0.09133365,11
B0370,0.0,0.0,0.0,0.0,0.0,1.0935158,0.0,1.2949405,1.2935177,0.0,0.0,1.0821977,0.57166874,0.0,0.0,0.0,1.2332696,1.5535015,0.39752078,0.24247067,0.0,0.6781101,0.0,0.8567846,0.0,0.42458192,1.2501312,0.0,0.7956394,0.15990804,1.1944938,0.0,0.055756155,11
B0371,0.0,0.0,0.0,0.0,0.0,1.0685663,0.0,1.1879852,1.1942714,0.0,0.0,0.9806733,0.54666513,0.0,0.0,0.0,1.3151596,1.445862,0.4144436,0.21700904,0.0,0.6891073,0.0,0.89070046,0.0,0.37241662,1.2458208,0.0,0.7802144,0.13407975,1.2514329,0.0,0.059133958,11
B0372,0.0,0.0,0.0,0.0,0.0,1.1405861,0.0,1.3509725,1.3159976,0.0,0.0,1.4806604,0.7655568,0.0,0.0,0.0,1.8787761,1.7293248,0.50346434,0.24025288,0.0,0.8483517,0.0,1.2917774,0.0,0.7723674,1.6716919,0.0,1.0509397,0.2420379,1.4917445,0.0,0.029459046,11
B0373,0.0,0.0,0.0,0.0,0.0,1.2639309,0.0,1.3251166,1.3735526,0.0,0.0,1.197257,0.60600156,0.0,0.0,0.0,1.5322793,1.4993029,0.3782599,0.24470481,0.0,0.72314537,0.0,0.94152814,0.0,0.5752584,1.4568706,0.0,0.9326036,0.11714871,1.4151499,0.0,0.042681392,11
B0374,0.0,0.0,0.0,0.0,0.0,1.2979989,0.0,1.330263,1.3021134,0.0,0.0,1.2076273,0.57757914,0.0,0.0,0.0,1.4558274,1.5058786,0.40860373,0.2590433,0.0,0.7144774,0.0,0.9745822,0.0,0.5469753,1.4683851,0.0,0.91894376,0.12283158,1.3813487,0.0,0.04354464,11
B0375,0.0,0.0,0.0,0.0,0.0,1.0314252,0.0,1.2545416,1.2917008,0.0,0.0,0.89679337,0.561488,0.0,0.0,0.0,1.1808239,1.4577873,0.3602278,0.19950852,0.0,0.7528191,0.0,0.7235085,0.0,0.36538386,1.3071077,0.0,0.7199816,0.16836902,1.2795222,0.0,0.062097926,11
B0376,0.0,0.0,0.0,0.0,0.0,0.76516765,0.0,1.1321324,1.343279,0.0,0.0,0.5134118,0.39213753,0.0,0.0,0.0,0.7356492,1.3693204,0.3160406,0.18056361,0.0,0.57811,0.0,0.3562343,0.0,0.13705075,1.1799567,0.0,0.40412027,0.1368464,0.96736443,0.0,0.103567615,11
B0377,0.0,0.0,0.0,0.0,0.0,1.3194305,0.0,1.322806,1.3387702,0.0,0.0,1.2306794,0.5949739,0.0,0.0,0.0,1.5320095,1.5744143,0.4074356,0.26245028,0.0,0.74661225,0.0,0.98229074,0.0,0.54244995,1.5068921,0.0,0.93790144,0.10912178,1.4360535,0.0,0.040538605,11
B0378,0.0,0.0,0.0,0.0,0.0,1.1184487,0.0,1.395251,1.2861605,0.0,0.0,1.388602,0.78302926,0.0,0.0,0.0,1.8020384,1.4730908,0.49109885,0.22335628,0.0,0.8504338,0.0,1.2016109,0.0,0.79517204,1.6885831,0.0,1.0317154,0.2703715,1.5007759,0.0,0.032839976,11
B0379,0.0,0.0,0.0,0.0,0.0,1.0813744,0.0,1.1889011,1.2427568,0.0,0.0,0.994871,0.5756702,0.0,0.0,0.0,1.3142054,1.3900213,0.35677817,0.21572623,0.0,0.74775934,0.0,0.8070195,0.0,0.43966737,1.3475313,0.0,0.7606277,0.14723767,1.239002,0.0,0.058779694,11
B0380,0.0,0.0,0.0,0.0,0.0,0.95960724,0.0,1.2044336,1.2633694,0.0,0.0,0.7221085,0.47589594,0.0,0.0,0.0,0.8890556,1.42974,0.29515135,0.18604809,0.0,0.6844974,0.0,0.51022935,0.0,0.18242136,1.1930492,0.0,0.575448,0.14655307,1.1478782,0.0,0.08229137,11
B0381,0.0,0.0,0.0,0.0,0.0,1.3156173,0.0,1.3720293,1.3394089,0.0,0.0,1.2132552,0.6012451,0.0,0.0,0.0,1.5354466,1.5706606,0.3977642,0.26538092,0.0,0.7620449,0.0,0.98721015,0.0,0.5016999,1.5049157,0.0,0.92025286,0.10509602,1.4251964,0.0,0.040470056,11
B0382,0.0,0.0,0.0,0.0,0.0,0.9563448,0.0,1.1863484,1.2588209,0.0,0.0,0.7199288,0.4747553,0.0,0.0,0.0,0.9017159,1.4333756,0.30854622,0.1852856,0.0,0.6882805,0.0,0.5190251,0.0,0.18852717,1.1888711,0.0,0.5886517,0.14793451,1.1519952,0.0,0.0819976,11
B0383,0.0,0.0,0.0,0.0,0.0,1.0736139,0.0,1.255113,1.3017302,0.0,0.0,1.0020398,0.5909475,0.0,0.0,0.0,1.3033861,1.4672816,0.35563418,0.20963512,0.0,0.74846375,0.0,0.80068356,0.0,0.43834245,1.3224081,0.0,0.7861298,0.15374264,1.2901392,0.0,0.05618861,11
B0384,0.0,0.0,0.0,0.0,0.0,1.0628219,0.0,1.262749,1.3168203,0.0,0.0,0.97304326,0.59640765,0.0,0.0,0.0,1.310219,1.4727879,0.36318535,0.20586818,0.0,0.772705,0.0,0.7919375,0.0,0.42288214,1.3553989,0.0,0.7619939,0.16355896,1.3185815,0.0,0.055773526,11
B0385,0.0,0.0,0.0,0.0,0.0,0.84155226,0.0,0.19956267,1.0153892,0.0,0.0,0.6615625,0.11179918,0.0,0.0,0.0,0.4556489,1.5707226,0.0,0.20734231,0.0,0.30120605,0.0,0.27773005,0.0,0.0,0.77129483,0.0,0.22068447,0.0,0.82188267,0.0,0.16151011,11
B0386,0.0,0.0,0.0,0.0,0.0,0.89907527,0.0,1.1108087,1.2515385,0.0,0.0,0.6785647,0.44560653,0.0,0.0,0.0,0.79034936,1.4849626,0.29851735,0.17976366,0.0,0.6511965,0.0,0.4563082,0.0,0.15050717,1.1541219,0.0,0.54255223,0.1475565,1.0849779,0.0,0.09043491,11
B0387,0.0,0.0,0.0,0.0,0.0,1.2571876,0.0,1.2782199,1.3865292,0.0,0.0,1.1914711,0.60849965,0.0,0.0,0.0,1.5981013,1.5340025,0.38221583,0.24114817,0.0,0.7464253,0.0,0.95219535,0.0,0.5607065,1.4677818,0.0,0.9153777,0.103600584,1.4232426,0.0,0.04194127,11
B0388,0.0,0.0,0.0,0.0,0.0,1.1029265,0.0,1.3992575,1.3353012,0.0,0.0,1.3671526,0.79976904,0.0,0.0,0.0,1.8602905,1.4290998,0.50099885,0.2135202,0.0,0.86006975,0.0,1.2021458,0.0,0.82990885,1.6881094,0.0,1.0737119,0.27138644,1.5251155,0.0,0.032089658,11
B0389,0.0,0.0,0.0,0.0,0.0,1.0117337,0.0,1.3205646,1.1698993,0.0,0.0,1.2619166,0.7299034,0.0,0.0,0.0,1.730896,1.3054885,0.48772773,0.208922,0.0,0.7987118,0.0,1.1779554,0.0,0.69677836,1.6031773,0.0,0.9357649,0.26683697,1.3795502,0.0,0.040549774,11
B0390,0.0,0.0,0.0,0.0,0.0,1.042934,0.0,1.3695626,1.277468,0.0,0.0,1.3173767,0.7714946,0.0,0.0,0.0,1.8069999,1.3719395,0.4984895,0.20644018,0.0,0.8371875,0.0,1.1938133,0.0,0.7840557,1.6587574,0.0,1.002208,0.2762106,1.483259,0.0,0.035388406,11
B0391,0.0,0.0,0.0,0.0,0.0,1.0418334,0.0,1.2150021,1.1488186,0.0,0.0,0.9593197,0.46659213,0.0,0.0,0.0,1.0709771,1.3297005,0.43086576,0.23985691,0.0,0.5751734,0.0,0.80674523,0.0,0.3443327,1.1538987,0.0,0.73543227,0.1365154,1.0405934,0.0,0.0714074,11
B0392,0.0,0.0,0.0,0.0,0.0,1.2614064,0.0,1.2763865,1.4033713,0.0,0.0,1.2214293,0.618973,0.0,0.0,0.0,1.5972922,1.4943546,0.3748747,0.23782945,0.0,0.73112977,0.0,0.9345288,0.0,0.6058466,1.5115893,0.0,0.92441237,0.122315645,1.4688033,0.0,0.04129048,11
B0393,0.0,0.0,0.0,0.0,0.0,0.9186912,0.0,1.2496521,1.3576467,0.0,0.0,0.56425685,0.40373904,0.0,0.0,0.0,0.63562095,1.4610337,0.27700913,0.18154973,0.0,0.6470074,0.0,0.31979018,0.0,0.06403151,1.2612288,0.0,0.49035028,0.15011995,1.1225562,0.0,0.09368236,11
B0394,0.0,0.0,0.0,0.0,0.0,1.1191561,0.0,1.3387696,1.2757564,0.0,0.0,1.418034,0.77590716,0.0,0.0,0.0,1.8230265,1.5421989,0.48032492,0.22549298,0.0,0.8382493,0.0,1.2146032,0.0,0.793585,1.678772,0.0,1.029144,0.2587005,1.4629151,0.0,0.03274191,11
B0395,0.0,0.0,0.0,0.0,0.0,0.95670086,0.0,1.2243114,1.2650144,0.0,0.0,0.73561317,0.48497355,0.0,0.0,0.0,0.9109923,1.4353797,0.3189187,0.18885842,0.0,0.6921292,0.0,0.54287034,0.0,0.20697722,1.2037435,0.0,0.59969187,0.16038254,1.1739953,0.0,0.079433836,11
B0396,0.0,0.0,0.0,0.0,0.0,1.1078264,0.0,1.3319515,1.2713289,0.0,0.0,1.4113786,0.7738235,0.0,0.0,0.0,1.8204832,1.5344276,0.47848648,0.22357826,0.0,0.8337012,0.0,1.2126954,0.0,0.79138374,1.673206,0.0,1.0244493,0.2585795,1.4616648,0.0,0.033125304,11
B0397,0.0,0.0,0.0,0.0,0.0,1.2695811,0.0,1.2954202,1.4255025,0.0,0.0,1.2227485,0.6259185,0.0,0.0,0.0,1.6203238,1.5150914,0.3570674,0.23822848,0.0,0.7433297,0.0,0.9272902,0.0,0.58754474,1.5183294,0.0,0.91271293,0.113006525,1.4831603,0.0,0.040514056,11
B0398,0.0,0.0,0.0,0.0,0.0,1.0324788,0.0,1.2662559,1.280592,0.0,0.0,1.0087545,0.6030946,0.0,0.0,0.0,1.3018787,1.4567909,0.41542834,0.20933574,0.0,0.74563056,0.0,0.86274487,0.0,0.48741823,1.3032223,0.0,0.82758784,0.19268434,1.2901254,0.0,0.05524364,11
B0399,0.0,0.0,0.0,0.0,0.0,0.93208706,0.0,1.2134002,1.270157,0.0,0.0,0.66324466,0.44834638,0.0,0.0,0.0,0.78563344,1.430537,0.30163667,0.18358472,0.0,0.66706526,0.0,0.44916752,0.0,0.13589635,1.1808722,0.0,0.5443203,0.15632562,1.134917,0.0,0.08790033,11
B0400,0.0,0.0,0.0,0.0,0.0,0.96693873,0.0,1.1581168,1.2790904,0.0,0.0,0.86186266,0.5334596,0.0,0.0,0.0,1.0371385,1.5459801,0.3163085,0.20176494,0.0,0.7093585,0.0,0.64565057,0.0,0.27650297,1.2113546,0.0,0.6155678,0.16143537,1.1460391,0.0,0.071881145,11
B0401,0.0,0.0,0.0,0.0,0.0,0.92808163,0.0,1.205604,1.1997796,0.0,0.0,0.6401468,0.4232721,0.0,0.0,0.0,0.6894028,1.4170709,0.30293292,0.19099592,0.0,0.6642423,0.0,0.4430276,0.0,0.05864893,1.1895435,0.0,0.5040686,0.15198933,1.0320914,0.0,0.094536014,11
B0402,0.0,0.0,0.0,0.0,0.0,0.9480449,0.0,1.2182428,1.2536279,0.0,0.0,0.73582083,0.48264048,0.0,0.0,0.0,0.900375,1.4345498,0.32394546,0.18959014,0.0,0.6866326,0.0,0.54553974,0.0,0.20629479,1.1920137,0.0,0.5987825,0.16279256,1.1613051,0.0,0.08034529,11
B0403,0.0,0.0,0.0,0.0,0.0,1.2473426,0.0,1.280433,1.3336905,0.0,0.0,1.1811839,0.59427255,0.0,0.0,0.0,1.518018,1.4631462,0.40942723,0.24335396,0.0,0.70276815,0.0,0.9659318,0.0,0.5726697,1.4365822,0.0,0.9306735,0.12181479,1.3806463,0.0,0.04438946,11
B0404,0.0,0.0,0.0,0.0,0.0,1.0365995,0.0,1.3509159,1.3010402,0.0,0.0,0.8032165,0.4624002,0.0,0.0,0.0,0.8840701,1.613244,0.32539177,0.23757079,0.0,0.7118579,0.0,0.59568316,0.0,0.071932554,1.2043614,0.0,0.5797783,0.11068383,1.0527527,0.0,0.07395835,11
B0405,0.0,0.0,0.0,0.0,0.0,1.0358799,0.0,0.2200517,1.046123,0.0,0.0,0.7173105,0.058388352,0.0,0.0,0.0,0.27472746,1.505583,0.0,0.24585442,0.0,0.2728169,0.0,0.18600762,0.0,0.0,0.76777065,0.0,0.24846184,0.0,0.8700464,0.0,0.16402562,11
B0406,0.0,0.0,0.0,0.0,0.0,1.1056292,0.0,1.4007714,1.3232613,0.0,0.0,1.3570173,0.79326963,0.0,0.0,0.0,1.8528613,1.4361714,0.5065191,0.21863717,0.0,0.8641529,0.0,1.2073808,0.0,0.8102151,1.6852725,0.0,1.0821757,0.26642883,1.5211102,0.0,0.03219889,11
B0407,0.0,0.0,0.0,0.0,0.0,1.2337992,0.0,1.3226758,1.1814167,0.0,0.0,0.949262,0.4735897,0.0,0.0,0.0,1.0479698,1.4371057,0.28014696,0.2376373,0.0,0.65057945,0.0,0.7182882,0.0,0.22580527,1.251106,0.0,0.6299502,0.08043656,1.1561168,0.0,0.066720255,11
B0408,0.0,0.0,0.0,0.0,0.0,1.1717844,0.0,1.2231122,1.2338722,0.0,0.0,1.1161096,0.54868907,0.0,0.0,0.0,1.4251354,1.360581,0.45514864,0.23759985,0.0,0.6345841,0.0,0.9959808,0.0,0.5266434,1.3217413,0.0,0.91419756,0.13041219,1.2655663,0.0,0.051491324,11
B0409,0.0,0.0,0.0,0.0,0.0,1.2098608,0.0,1.2988766,1.391695,0.0,0.0,1.2105846,0.6574544,0.0,0.0,0.0,1.6564537,1.4959726,0.39588493,0.23227482,0.0,0.7874642,0.0,0.9703431,0.0,0.61355114,1.5448358,0.0,0.9261774,0.15184096,1.5022569,0.0,0.039728414,11
B0410,0.0,0.0,0.0,0.0,0.0,1.1029449,0.0,1.400583,1.334737,0.0,0.0,1.3665515,0.7997273,0.0,0.0,0.0,1.8587675,1.4274386,0.50128734,0.21383435,0.0,0.86009693,0.0,1.2021492,0.0,0.8291662,1.6879363,0.0,1.0737213,0.27167413,1.5245563,0.0,0.032115094,11
B0411,0.0,0.0,0.0,0.0,0.0,1.1005375,0.0,1.1531531,1.3673134,0.0,0.0,0.9203851,0.4820202,0.0,0.0,0.0,1.0658791,1.4364455,0.2921484,0.21671939,0.0,0.59787315,0.0,0.6152375,0.0,0.35752147,1.2278395,0.0,0.6706412,0.093857616,1.1022902,0.0,0.07061202,11
B0412,0.0,0.0,0.0,0.0,0.0,1.0906154,0.0,1.3524584,1.2601805,0.0,0.0,1.3490732,0.7586839,0.0,0.0,0.0,1.8438909,1.4868228,0.5151614,0.2266776,0.0,0.8440467,0.0,1.2338164,0.0,0.7111761,1.6430774,0.0,1.0466487,0.24218467,1.4525249,0.0,0.033823512,11
B0413,0.0,0.0,0.0,0.0,0.0,0.98944926,0.0,1.2268797,1.258967,0.0,0.0,0.8177013,0.5227252,0.0,0.0,0.0,1.0408645,1.4388505,0.34014484,0.19252038,0.0,0.7200527,0.0,0.6473023,0.0,0.29009384,1.2394543,0.0,0.66452116,0.16679522,1.2137828,0.0,0.07101148,11
B0414,0.0,0.0,0.0,0.0,0.0,1.131685,0.0,1.3237996,1.3430268,0.0,0.0,1.5000601,0.78059757,0.0,0.0,0.0,1.898804,1.7448044,0.49109435,0.23720509,0.0,0.85313195,0.0,1.2900898,0.0,0.8211454,1.6886574,0.0,1.0729942,0.24837238,1.5056489,0.0,0.028809458,11
B0415,0.0,0.0,0.0,0.0,0.0,1.0133162,0.0,1.1233318,1.1786488,0.0,0.0,0.97387004,0.53092194,0.0,0.0,0.0,1.2085869,1.3645976,0.38287276,0.20704001,0.0,0.6264773,0.0,0.8039546,0.0,0.4137286,1.1612321,0.0,0.7528359,0.14201915,1.1203369,0.0,0.06793326,11
B0416,0.0,0.0,0.0,0.0,0.0,1.0896701,0.0,1.2474922,1.334629,0.0,0.0,1.0223422,0.6084834,0.0,0.0,0.0,1.3958988,1.4848329,0.37160832,0.21127033,0.0,0.7779203,0.0,0.82923454,0.0,0.46548516,1.3987677,0.0,0.7908284,0.1585798,1.3587055,0.0,0.051985938,11
B0417,0.0,0.0,0.0,0.0,0.0,1.083858,0.0,1.2906951,1.1414541,0.0,0.0,0.94762343,0.44746262,0.0,0.0,0.0,0.9721205,1.402731,0.45494348,0.26367152,0.0,0.6060957,0.0,0.7958333,0.0,0.2453786,1.1979952,0.0,0.7272181,0.12690653,1.0153699,0.0,0.07075664,11
B0418,0.0,0.0,0.0,0.0,0.0,1.1856765,0.0,1.2159019,1.3160286,0.0,0.0,0.969463,0.49303812,0.0,0.0,0.0,1.1181087,1.4071249,0.2949892,0.21575576,0.0,0.61093926,0.0,0.6790921,0.0,0.36730176,1.2505717,0.0,0.73813087,0.091086954,1.1818919,0.0,0.06515856,11
B0419,0.0,0.0,0.0,0.0,0.0,0.9624635,0.0,1.3008177,1.2061697,0.0,0.0,0.88996965,0.5049295,0.0,0.0,0.0,1.0454445,1.4104638,0.34290993,0.2284074,0.0,0.6423786,0.0,0.71821284,0.0,0.23351398,1.1331308,0.0,0.6329938,0.13336173,1.0291542,0.0,0.073914535,11
B0420,0.0,0.0,0.0,0.0,0.0,1.0455493,0.0,1.2192943,1.1966319,0.0,0.0,0.98013115,0.56696117,0.0,0.0,0.0,1.2946076,1.3643776,0.38112098,0.21429476,0.0,0.74174774,0.0,0.84035146,0.0,0.42005736,1.3330607,0.0,0.7244401,0.16111481,1.2191359,0.0,0.06026515,11
B0421,0.0,0.0,0.0,0.0,0.0,0.78847426,0.0,0.11083782,1.0305812,0.0,0.0,0.5664571,0.08050865,0.0,0.0,0.0,0.31790316,1.604592,0.0,0.19206716,0.0,0.31722307,0.0,0.19993255,0.0,0.0,0.7198152,0.0,0.09794688,0.0,0.78199947,0.0,0.18005638,11
B0422,0.0,0.0,0.0,0.0,0.0,1.0643973,0.0,1.20136,1.2425892,0.0,0.0,1.0026237,0.56667125,0.0,0.0,0.0,1.2735927,1.4852028,0.374871,0.21841784,0.0,0.73558956,0.0,0.83464366,0.0,0.417567,1.3007332,0.0,0.7694739,0.14862671,1.2464684,0.0,0.0582435,11
B0423,0.0,0.0,0.0,0.0,0.0,1.1030121,0.0,1.4013511,1.3321059,0.0,0.0,1.366403,0.79906046,0.0,0.0,0.0,1.8556188,1.4276011,0.5011292,0.21412413,0.0,0.8594112,0.0,1.2022518,0.0,0.8266037,1.6868485,0.0,1.0716995,0.27176154,1.5238135,0.0,0.032179162,11
B0424,0.0,0.0,0.0,0.0,0.0,0.75501734,0.0,0.1796099,1.0137937,0.0,0.0,0.57800865,0.1609455,0.0,0.0,0.0,0.43659377,1.6027822,0.0,0.18983035,0.0,0.36554193,0.0,0.26726043,0.0,0.0,0.7872963,0.0,0.14204863,0.0,0.8256682,0.0,0.1663767,11
B0425,0.0,0.0,0.0,0.0,0.0,1.3091953,0.0,1.3574092,1.2713258,0.0,0.0,1.180412,0.5427911,0.0,0.0,0.0,1.3322904,1.4666208,0.39281866,0.2628731,0.0,0.6499357,0.0,0.9515033,0.0,0.5192319,1.3627326,0.0,0.9014827,0.10899454,1.2825215,0.0,0.04802154,11
B0426,0.0,0.0,0.0,0.0,0.0,0.98530835,0.0,1.1028574,1.1738245,0.0,0.0,0.8389236,0.495926,0.0,0.0,0.0,0.99692005,1.539722,0.29428056,0.19796307,0.0,0.7007388,0.0,0.63913566,0.0,0.22147349,1.1609012,0.0,0.5968394,0.12795365,1.105918,0.0,0.07723396,11
B0427,0.0,0.0,0.0,0.0,0.0,1.3201448,0.0,1.3493416,1.3119342,0.0,0.0,1.1746123,0.51427567,0.0,0.0,0.0,1.3405857,1.4375598,0.4120434,0.26950294,0.0,0.600714,0.0,0.93822396,0.0,0.50788045,1.3264575,0.0,0.8867781,0.08476454,1.251106,0.0,0.04913051,11
B0428,0.0,0.0,0.0,0.0,0.0,0.8765464,0.0,1.1420836,1.2731133,0.0,0.0,0.5465934,0.39365694,0.0,0.0,0.0,0.63583934,1.3849114,0.2988924,0.17283314,0.0,0.6366199,0.0,0.32821798,0.0,0.030478448,1.2266166,0.0,0.43246174,0.15066181,1.0295811,0.0,0.10278991,11
B0429,0.0,0.0,0.0,0.0,0.0,1.2408383,0.0,1.2739278,1.3899429,0.0,0.0,1.2174819,0.6243763,0.0,0.0,0.0,1.5949146,1.4860806,0.38896537,0.23490685,0.0,0.73535776,0.0,0.94559115,0.0,0.6172191,1.5054896,0.0,0.9305681,0.1339072,1.4612532,0.0,0.041524988,11
B0430,0.0,0.0,0.0,0.0,0.0,1.1199043,0.0,1.2244352,1.3382474,0.0,0.0,1.0336589,0.58967125,0.0,0.0,0.0,1.3757308,1.4703106,0.33792427,0.21028458,0.0,0.7405116,0.0,0.798164,0.0,0.4536627,1.3775995,0.0,0.7911639,0.13588807,1.3403733,0.0,0.05349583,11
B0431,0.0,0.0,0.0,0.0,0.0,1.1322874,0.0,1.2880385,1.2752544,0.0,0.0,1.0331422,0.5787606,0.0,0.0,0.0,1.2990836,1.4965762,0.3648291,0.22901502,0.0,0.7446028,0.0,0.8382514,0.0,0.41431862,1.3307598,0.0,0.80973846,0.13483717,1.2781483,0.0,0.05429044,11
B0432,0.0,0.0,0.0,0.0,0.0,1.1061089,0.0,1.2827637,1.3483675,0.0,0.0,1.0568442,0.6283063,0.0,0.0,0.0,1.4505234,1.4954545,0.3766227,0.2163653,0.0,0.79174834,0.0,0.86725044,0.0,0.48867124,1.4221312,0.0,0.8152219,0.15947264,1.384275,0.0,0.048866577,11
B0433,0.0,0.0,0.0,0.0,0.0,0.9156853,0.0,1.165177,1.3013715,0.0,0.0,0.65078354,0.4446977,0.0,0.0,0.0,0.78877735,1.4561718,0.283202,0.17903768,0.0,0.65671885,0.0,0.40800732,0.0,0.11226171,1.1641898,0.0,0.5107858,0.14171237,1.1058503,0.0,0.090664506,11
B0434,0.0,0.0,0.0,0.0,0.0,1.1036766,0.0,1.403218,1.3280835,0.0,0.0,1.3643863,0.79750705,0.0,0.0,0.0,1.8507007,1.4266641,0.5009395,0.21480659,0.0,0.85920584,0.0,1.2022157,0.0,0.8233762,1.6867054,0.0,1.0714333,0.27167353,1.5206151,0.0,0.03227419,11
B0435,0.0,0.0,0.0,0.0,0.0,0.9909071,0.0,1.2426678,1.2615625,0.0,0.0,0.92258644,0.550711,0.0,0.0,0.0,1.1839641,1.4249624,0.35793617,0.2106343,0.0,0.6995089,0.0,0.75771374,0.0,0.3484956,1.2198253,0.0,0.70137775,0.1495511,1.1530461,0.0,0.06568469,11
B0436,0.0,0.0,0.0,0.0,0.0,1.0796614,0.0,1.2582757,1.3150808,0.0,0.0,1.0192454,0.60611767,0.0,0.0,0.0,1.3630153,1.4792894,0.37761098,0.21140134,0.0,0.7708225,0.0,0.8344915,0.0,0.4677555,1.371458,0.0,0.7984666,0.16429317,1.3356569,0.0,0.05299185,11
B0437,0.0,0.0,0.0,0.0,0.0,0.9520017,0.0,1.215987,1.2515008,0.0,0.0,0.73279864,0.4812708,0.0,0.0,0.0,0.9009098,1.4267168,0.32328862,0.18803772,0.0,0.687461,0.0,0.54354244,0.0,0.2070418,1.1949788,0.0,0.5965196,0.163458,1.1642442,0.0,0.08050385,11
B0438,0.0,0.0,0.0,0.0,0.0,1.0013947,0.0,1.2435275,1.2750678,0.0,0.0,0.8282459,0.5302019,0.0,0.0,0.0,1.0680134,1.4493451,0.34197262,0.19437827,0.0,0.7308788,0.0,0.656793,0.0,0.29849884,1.2615288,0.0,0.6746556,0.16612744,1.2414271,0.0,0.068651974,11
B0439,0.0,0.0,0.0,0.0,0.0,1.222806,0.0,1.3031726,1.4138625,0.0,0.0,1.2158091,0.653729,0.0,0.0,0.0,1.6510944,1.5093236,0.3828399,0.23210114,0.0,0.77605826,0.0,0.9576918,0.0,0.6095315,1.5294228,0.0,0.9320795,0.13984206,1.4938216,0.0,0.039722316,11
B0440,0.0,0.0,0.0,0.0,0.0,1.2494166,0.0,1.3032336,1.3510497,0.0,0.0,1.2238928,0.62714916,0.0,0.0,0.0,1.5791858,1.5314689,0.41537806,0.24444276,0.0,0.76177436,0.0,0.98117447,0.0,0.5985452,1.5169551,0.0,0.95855856,0.14069796,1.459883,0.0,0.040402193,11
B0441,0.0,0.0,0.0,0.0,0.0,0.91974884,0.0,1.2519779,1.3907322,0.0,0.0,0.50730926,0.37884063,0.0,0.0,0.0,0.54722035,1.4570212,0.28678894,0.17147478,0.0,0.6439932,0.0,0.2531364,0.0,0.027458489,1.3130019,0.0,0.49001718,0.1565567,1.1508437,0.0,0.09668445,11
B0442,0.0,0.0,0.0,0.0,0.0,0.9275006,0.0,1.2115949,1.273632,0.0,0.0,0.6569705,0.44409347,0.0,0.0,0.0,0.7677913,1.4322612,0.28642398,0.18389168,0.0,0.66013175,0.0,0.4303175,0.0,0.116770774,1.1727893,0.0,0.5265018,0.14877623,1.1109251,0.0,0.089797795,11
B0443,0.0,0.0,0.0,0.0,0.0,1.0345037,0.0,1.2099273,1.2508905,0.0,0.0,0.8580822,0.53716546,0.0,0.0,0.0,1.1088159,1.4745803,0.32835624,0.20277175,0.0,0.7425236,0.0,0.688277,0.0,0.2756967,1.253381,0.0,0.68972576,0.13780938,1.1983359,0.0,0.06764945,11
B0444,0.0,0.0,0.0,0.0,0.0,0.9480459,0.0,1.1718665,1.2559212,0.0,0.0,0.7037293,0.46437788,0.0,0.0,0.0,0.8568549,1.4187857,0.28205353,0.1815754,0.0,0.6685857,0.0,0.48017752,0.0,0.16686657,1.1678221,0.0,0.55611795,0.1391454,1.1075022,0.0,0.08641547,11
B0445,0.0,0.0,0.0,0.0,0.0,1.0021619,0.0,1.2575907,1.2723901,0.0,0.0,0.8283432,0.5308085,0.0,0.0,0.0,1.0604172,1.4544085,0.33458623,0.19721991,0.0,0.7327794,0.0,0.65655136,0.0,0.2853911,1.2603064,0.0,0.6692218,0.16279206,1.2376224,0.0,0.06871921,11
B0446,0.0,0.0,0.0,0.0,0.0,1.0093398,0.0,1.213278,1.1539278,0.0,0.0,0.95442176,0.54809254,0.0,0.0,0.0,1.2540036,1.3826466,0.402353,0.21020989,0.0,0.7131053,0.0,0.87733924,0.0,0.37528703,1.2523109,0.0,0.74015915,0.16764252,1.1975163,0.0,0.06274701,11
B0447,0.0,0.0,0.0,0.0,0.0,0.9536866,0.0,1.2134256,1.1715783,0.0,0.0,0.7197874,0.45630246,0.0,0.0,0.0,0.79871434,1.4312555,0.3136048,0.20207563,0.0,0.6778679,0.0,0.53210884,0.0,0.09852305,1.1369257,0.0,0.5334893,0.14475067,1.0259556,0.0,0.08849358,11
B0448,0.0,0.0,0.0,0.0,0.0,1.1051115,0.0,1.4074371,1.3154457,0.0,0.0,1.361461,0.7915915,0.0,0.0,0.0,1.8322088,1.4256806,0.49969292,0.21659893,0.0,0.85747445,0.0,1.2005329,0.0,0.81281674,1.6856511,0.0,1.0608039,0.27222914,1.5123378,0.0,0.0326449,11
B0449,0.0,0.0,0.0,0.0,0.0,1.2771983,0.0,1.2653787,1.3695595,0.0,0.0,1.2120358,0.60285044,0.0,0.0,0.0,1.5763086,1.5111322,0.3820209,0.24528278,0.0,0.72995484,0.0,0.9465256,0.0,0.5706531,1.5016406,0.0,0.9171466,0.11009018,1.4446189,0.0,0.04197226,11
B0450,0.0,0.0,0.0,0.0,0.0,1.5615777,0.0,1.5756533,1.3109226,0.0,0.0,1.3505481,0.46755242,0.0,0.0,0.0,1.2104634,1.5961926,0.4805975,0.342556,0.0,0.5457425,0.0,1.039468,0.0,0.4802488,1.3638285,0.0,0.98928356,0.06276697,1.2774944,0.0,0.0411256,11
B0451,0.0,0.0,0.0,0.0,0.0,0.776052,0.0,0.11629689,1.0038259,0.0,0.0,0.46833378,0.15788141,0.0,0.0,0.0,0.3132112,1.3432754,0.0,0.16495572,0.0,0.32509673,0.0,0.12973106,0.0,0.0,0.7275031,0.0,0.09395629,0.0,0.8254366,0.0,0.19329883,11
B0452,0.0,0.0,0.0,0.0,0.0,1.1046045,0.0,1.4041812,1.3271813,0.0,0.0,1.3652533,0.797424,0.0,0.0,0.0,1.8493613,1.4281108,0.5010411,0.2152613,0.0,0.8596913,0.0,1.2027676,0.0,0.8226532,1.6875019,0.0,1.071342,0.27174813,1.5204982,0.0,0.032253087,11
B0453,0.0,0.0,0.0,0.0,0.0,1.3864741,0.0,1.5123577,1.250315,0.0,0.0,1.2289528,0.4685653,0.0,0.0,0.0,1.2572654,1.5641559,0.5064778,0.32792747,0.0,0.6062767,0.0,1.0635335,0.0,0.407226,1.324966,0.0,0.9722613,0.07671632,1.2202748,0.0,0.044923604,11
B0454,0.0,0.0,0.0,0.0,0.0,1.0997822,0.0,1.3977829,1.3400319,0.0,0.0,1.3699561,0.80240536,0.0,0.0,0.0,1.866422,1.4270078,0.50179595,0.21132006,0.0,0.85914016,0.0,1.2030568,0.0,0.83483875,1.6876903,0.0,1.0684924,0.27394098,1.5295231,0.0,0.0320221,11
B0455,0.0,0.0,0.0,0.0,0.0,1.0570539,0.0,1.27714,1.2475493,0.0,0.0,0.928012,0.48253787,0.0,0.0,0.0,0.9963633,1.4988027,0.39935195,0.23679398,0.0,0.66198784,0.0,0.7196459,0.0,0.26164988,1.1958054,0.0,0.67150927,0.1418194,1.0959892,0.0,0.06905537,11
B0456,0.0,0.0,0.0,0.0,0.0,1.0313202,0.0,1.3492619,1.3904028,0.0,0.0,1.3589444,0.7990546,0.0,0.0,0.0,1.9171019,1.3892891,0.5028539,0.19769463,0.0,0.84921294,0.0,1.1859157,0.0,0.8751197,1.6886948,0.0,1.021383,0.27634415,1.5556123,0.0,0.03263417,11
B0457,0.0,0.0,0.0,0.0,0.0,1.0787156,0.0,1.2022512,1.313312,0.0,0.0,0.99586046,0.5915631,0.0,0.0,0.0,1.3712547,1.481612,0.35586897,0.21660787,0.0,0.77369756,0.0,0.8160742,0.0,0.43652478,1.383453,0.0,0.8076046,0.13984667,1.3088052,0.0,0.054361064,11
B0458,0.0,0.0,0.0,0.0,0.0,1.1038958,0.0,1.4025011,1.3293076,0.0,0.0,1.3647367,0.79755986,0.0,0.0,0.0,1.8519881,1.4255401,0.5007224,0.21465579,0.0,0.858958,0.0,1.2009183,0.0,0.82420003,1.6865547,0.0,1.0709033,0.27126524,1.5212849,0.0,0.032276396,11
B0459,0.0,0.0,0.0,0.0,0.0,0.9664585,0.0,1.1917851,1.1764693,0.0,0.0,0.8294194,0.5127528,0.0,0.0,0.0,1.1301949,1.4017196,0.3590223,0.19761516,0.0,0.7324225,0.0,0.7364567,0.0,0.26589403,1.2658522,0.0,0.6142229,0.15854403,1.2143923,0.0,0.070475586,11
B0460,0.0,0.0,0.0,0.0,0.0,1.1958694,0.0,1.3054247,1.3159192,0.0,0.0,1.1267545,0.5791169,0.0,0.0,0.0,1.5624603,1.4001971,0.3903112,0.22835445,0.0,0.7308042,0.0,0.98076713,0.0,0.52464366,1.4602869,0.0,0.81127405,0.11626187,1.4050263,0.0,0.045778334,11
B0461,0.0,0.0,0.0,0.0,0.0,1.2638421,0.0,1.2333829,1.3910263,0.0,0.0,1.2914165,0.6292925,0.0,0.0,0.0,1.577742,1.6572565,0.3874805,0.25560045,0.0,0.72372717,0.0,1.0069305,0.0,0.63917327,1.4739193,0.0,0.9723012,0.13117704,1.4444861,0.0,0.03925499,11
B0462,0.0,0.0,0.0,0.0,0.0,0.88982296,0.0,1.1398133,1.1671971,0.0,0.0,0.72159344,0.45532325,0.0,0.0,0.0,0.89169395,1.412749,0.33538848,0.19552937,0.0,0.67439294,0.0,0.5708174,0.0,0.17100587,1.1464233,0.0,0.5372463,0.15076756,1.031837,0.0,0.08772395,11
B0463,0.0,0.0,0.0,0.0,0.0,1.1150742,0.0,1.0815257,1.2433949,0.0,0.0,1.1413395,0.5889112,0.0,0.0,0.0,1.3818619,1.7949038,0.3355656,0.2198793,0.0,0.77782196,0.0,0.87891585,0.0,0.46834725,1.3429357,0.0,0.8002097,0.11947916,1.3382549,0.0,0.050350226,11
B0464,0.0,0.0,0.0,0.0,0.0,1.0923426,0.0,1.3972644,1.4116976,0.0,0.0,1.4114921,0.8304269,0.0,0.0,0.0,1.933315,1.4380821,0.50666714,0.19736841,0.0,0.865113,0.0,1.2089491,0.0,0.9001658,1.7139872,0.0,1.0624899,0.28939036,1.5776339,0.0,0.030165512,11
B0465,0.0,0.0,0.0,0.0,0.0,1.1466508,0.0,1.2919629,1.2493219,0.0,0.0,1.0215969,0.55297005,0.0,0.0,0.0,1.2587962,1.4889463,0.37418327,0.2372051,0.0,0.72902656,0.0,0.85517037,0.0,0.37368527,1.3136348,0.0,0.7970514,0.12641208,1.2381313,0.0,0.055848368,11
B0466,0.0,0.0,0.0,0.0,0.0,0.8641979,0.0,1.0884085,1.1277828,0.0,0.0,0.63928795,0.4177311,0.0,0.0,0.0,0.7577134,1.3754705,0.31542778,0.18313453,0.0,0.63147324,0.0,0.4944804,0.0,0.12167217,1.1081394,0.0,0.52151376,0.14732626,0.99688625,0.0,0.0988935,11
B0467,0.0,0.0,0.0,0.0,0.0,0.95658827,0.0,1.1750107,1.1580393,0.0,0.0,0.76478803,0.47914398,0.0,0.0,0.0,0.93825495,1.3641363,0.32786286,0.1967077,0.0,0.6918778,0.0,0.61689365,0.0,0.18166642,1.1626787,0.0,0.5609333,0.14817908,1.0525182,0.0,0.08340974,11
B0468,0.0,0.0,0.0,0.0,0.0,0.9003929,0.0,1.204656,1.2450826,0.0,0.0,0.71228427,0.47547254,0.0,0.0,0.0,0.8687971,1.417444,0.31541336,0.1928157,0.0,0.6539345,0.0,0.5177939,0.0,0.17638913,1.1443408,0.0,0.53393203,0.1539664,1.0691377,0.0,0.08645875,11
B0469,0.0,0.0,0.0,0.0,0.0,0.9178586,0.0,1.1030695,1.3191701,0.0,0.0,0.7319283,0.493278,0.0,0.0,0.0,0.9623364,1.4435692,0.31053457,0.17266315,0.0,0.6794957,0.0,0.5188967,0.0,0.23772945,1.1936622,0.0,0.5809716,0.15249121,1.1471119,0.0,0.08146225,11
B0470,0.0,0.0,0.0,0.0,0.0,0.94518137,0.0,1.1744646,1.2104235,0.0,0.0,0.8251239,0.4876437,0.0,0.0,0.0,0.9101599,1.4248832,0.35571358,0.20310715,0.0,0.64936006,0.0,0.6087401,0.0,0.2534444,1.1359326,0.0,0.6077684,0.16586338,1.0588437,0.0,0.081024185,11
B0471,0.0,0.0,0.0,0.0,0.0,1.180685,0.0,1.1403077,1.2240726,0.0,0.0,1.1438966,0.493582,0.0,0.0,0.0,1.1484028,1.7245079,0.33815822,0.24215983,0.0,0.6270144,0.0,0.86352414,0.0,0.37501413,1.1491318,0.0,0.80741894,0.08033313,1.1706858,0.0,0.058321506,11
B0472,0.0,0.0,0.0,0.0,0.0,0.85660124,0.0,1.0506798,1.3473196,0.0,0.0,0.58853626,0.38656828,0.0,0.0,0.0,0.64810133,1.5363274,0.24267593,0.16528459,0.0,0.61995304,0.0,0.29908824,0.0,0.08651766,1.2037157,0.0,0.43931955,0.12686795,1.0890687,0.0,0.10010007,11
B0473,0.0,0.0,0.0,0.0,0.0,0.7487983,0.0,0.1873163,0.9885212,0.0,0.0,0.587727,0.16948146,0.0,0.0,0.0,0.45120782,1.5811522,0.0,0.18943319,0.0,0.36026126,0.0,0.2793212,0.0,0.0,0.77132404,0.0,0.14273876,0.0,0.792799,0.0,0.16757715,11
B0474,0.0,0.0,0.0,0.0,0.0,1.4296126,0.0,1.4705696,1.3161519,0.0,0.0,1.28887,0.45153493,0.0,0.0,0.0,1.0838575,1.5038857,0.58693063,0.3222872,0.0,0.47571385,0.0,0.9657067,0.0,0.49265152,1.3705735,0.0,0.9745841,0.12396755,1.1592503,0.0,0.047637463,11
B0475,0.0,0.0,0.0,0.0,0.0,1.3006719,0.0,1.3479086,1.2797382,0.0,0.0,1.1737273,0.5423387,0.0,0.0,0.0,1.3847911,1.4689773,0.4323914,0.26346523,0.0,0.63616425,0.0,0.9911552,0.0,0.5133142,1.3485796,0.0,0.93007064,0.10706134,1.2978909,0.0,0.046879407,11
B0476,0.0,0.0,0.0,0.0,0.0,0.99024725,0.0,1.2225415,1.261653,0.0,0.0,0.7081937,0.44464087,0.0,0.0,0.0,0.83280754,1.5055041,0.2574951,0.20563887,0.0,0.6804266,0.0,0.49558347,0.0,0.06486595,1.1608546,0.0,0.5277658,0.10295926,1.0268757,0.0,0.08572585,11
B0477,0.0,0.0,0.0,0.0,0.0,1.0327665,0.0,1.2742662,1.1652429,0.0,0.0,0.871361,0.5079395,0.0,0.0,0.0,0.9908409,1.4836273,0.31565583,0.23140126,0.0,0.7025809,0.0,0.6784621,0.0,0.18717137,1.1785761,0.0,0.63989854,0.122719176,1.0720246,0.0,0.07336403,11
B0478,0.0,0.0,0.0,0.0,0.0,1.2956012,0.0,1.3546846,1.2791009,0.0,0.0,1.1657715,0.5502916,0.0,0.0,0.0,1.3538542,1.4584703,0.37308234,0.25754505,0.0,0.66318095,0.0,0.93874633,0.0,0.5096879,1.3621643,0.0,0.87970954,0.10337236,1.2847707,0.0,0.04839049,11
B0479,0.0,0.0,0.0,0.0,0.0,0.9942759,0.0,1.2297661,1.2623873,0.0,0.0,0.82021177,0.524173,0.0,0.0,0.0,1.0486821,1.4432901,0.34050244,0.1931373,0.0,0.7241422,0.0,0.6503399,0.0,0.29033676,1.2452725,0.0,0.66913414,0.16555718,1.2212108,0.0,0.07033979,11
B0480,0.0,0.0,0.0,0.0,0.0,1.2097464,0.0,1.2548971,1.3720207,0.0,0.0,1.1893756,0.6349473,0.0,0.0,0.0,1.6721346,1.4911063,0.41993406,0.24276802,0.0,0.7888185,0.0,0.99876785,0.0,0.5895659,1.5554715,0.0,0.9593179,0.13444318,1.4665595,0.0,0.040082376,11
B0481,0.0,0.0,0.0,0.0,0.0,0.8819084,0.0,1.1282798,1.2402954,0.0,0.0,0.5751586,0.38635874,0.0,0.0,0.0,0.63729846,1.4122633,0.2473474,0.18246588,0.0,0.61722624,0.0,0.37794557,0.0,0.03933075,1.1509385,0.0,0.4487782,0.12763143,0.94836885,0.0,0.10429441,11
B0482,0.0,0.0,0.0,0.0,0.0,1.1557007,0.0,1.45179,1.2590849,0.0,0.0,1.3842766,0.7777984,0.0,0.0,0.0,1.774828,1.494869,0.5191088,0.24308829,0.0,0.8748202,0.0,1.2383624,0.0,0.7310048,1.6974888,0.0,1.0501792,0.26671195,1.48546,0.0,0.03209819,11
B0483,0.0,0.0,0.0,0.0,0.0,1.1009841,0.0,1.3998603,1.3286166,0.0,0.0,1.3641534,0.7975339,0.0,0.0,0.0,1.85165,1.4237806,0.50008255,0.2136296,0.0,0.8577954,0.0,1.2006081,0.0,0.82520473,1.6854231,0.0,1.0676804,0.27214175,1.5204017,0.0,0.03236996,11
B0484,0.0,0.0,0.0,0.0,0.0,0.9244354,0.0,1.0760692,1.2386647,0.0,0.0,0.66382146,0.42261016,0.0,0.0,0.0,0.83015597,1.3683252,0.2832252,0.17751491,0.0,0.6195092,0.0,0.4654175,0.0,0.1067529,1.1110084,0.0,0.48281473,0.11689684,0.9939921,0.0,0.09612668,11
B0485,0.0,0.0,0.0,0.0,0.0,1.2733709,0.0,1.3930253,1.35372,0.0,0.0,0.95910484,0.4549012,0.0,0.0,0.0,1.0683024,1.6154258,0.34824973,0.26125753,0.0,0.65716726,0.0,0.7321021,0.0,0.18514971,1.3171444,0.0,0.7559605,0.05490476,1.2241535,0.0,0.05793185,11
B0486,0.0,0.0,0.0,0.0,0.0,1.0960109,0.0,1.2478975,1.3045406,0.0,0.0,1.0380853,0.5927882,0.0,0.0,0.0,1.3397112,1.4642355,0.3690197,0.21344721,0.0,0.73878884,0.0,0.8276611,0.0,0.47705692,1.3418493,0.0,0.81384206,0.15379906,1.3099997,0.0,0.054066513,11
B0487,0.0,0.0,0.0,0.0,0.0,0.75858885,0.0,0.15905303,0.9884509,0.0,0.0,0.5574691,0.1272518,0.0,0.0,0.0,0.34286165,1.5722933,0.0,0.18624608,0.0,0.3279668,0.0,0.2153405,0.0,0.0,0.7513218,0.0,0.10977864,0.0,0.7579698,0.0,0.17878549,11
B0488,0.0,0.0,0.0,0.0,0.0,1.054184,0.0,1.2696029,1.3037233,0.0,0.0,0.9550352,0.58843064,0.0,0.0,0.0,1.2724959,1.4838079,0.3520683,0.20811427,0.0,0.76965463,0.0,0.78221226,0.0,0.39194635,1.3162096,0.0,0.754516,0.15325928,1.2795827,0.0,0.05769405,11
B0489,0.0,0.0,0.0,0.0,0.0,0.91970056,0.0,1.2240834,1.3182195,0.0,0.0,0.57575405,0.40703338,0.0,0.0,0.0,0.64620656,1.4346478,0.29076457,0.17725596,0.0,0.6472616,0.0,0.33932793,0.0,0.07513037,1.2300856,0.0,0.5021123,0.15549096,1.1199379,0.0,0.094677806,11
B0490,0.0,0.0,0.0,0.0,0.0,0.94031936,0.0,1.2398307,1.2556894,0.0,0.0,0.73933023,0.48856604,0.0,0.0,0.0,0.8995743,1.4338965,0.32912663,0.19309348,0.0,0.6846801,0.0,0.5532377,0.0,0.2096273,1.1904192,0.0,0.59839195,0.16742371,1.1554496,0.0,0.079891615,11
B0491,0.0,0.0,0.0,0.0,0.0,1.2244933,0.0,1.2782226,1.3684183,0.0,0.0,1.0842788,0.5754383,0.0,0.0,0.0,1.3697273,1.5982375,0.33249843,0.23811096,0.0,0.7579363,0.0,0.82496893,0.0,0.40807015,1.4461873,0.0,0.8338125,0.10692684,1.3866051,0.0,0.0483084,11
B0492,0.0,0.0,0.0,0.0,0.0,1.1028366,0.0,1.2382108,1.3349581,0.0,0.0,1.0493906,0.6072352,0.0,0.0,0.0,1.3916583,1.496797,0.3765573,0.21502769,0.0,0.7577529,0.0,0.8398845,0.0,0.48033428,1.362749,0.0,0.8208041,0.150765,1.3345964,0.0,0.051856898,11
B0493,0.0,0.0,0.0,0.0,0.0,0.97991985,0.0,1.1942532,1.2800207,0.0,0.0,0.848381,0.53207564,0.0,0.0,0.0,1.0623407,1.4425213,0.31707138,0.19081625,0.0,0.6906187,0.0,0.64212793,0.0,0.3134774,1.2000175,0.0,0.66221154,0.15055153,1.1589899,0.0,0.07200931,11
B0494,0.0,0.0,0.0,0.0,0.0,1.1352091,0.0,1.4286895,1.2712117,0.0,0.0,1.3747191,0.77769554,0.0,0.0,0.0,1.788918,1.4703441,0.5112016,0.2320275,0.0,0.86696845,0.0,1.2286777,0.0,0.75679165,1.6987092,0.0,1.0456917,0.2698302,1.49125,0.0,0.032496303,11
B0495,0.0,0.0,0.0,0.0,0.0,1.2087988,0.0,1.2759106,1.3754826,0.0,0.0,1.1917715,0.6111488,0.0,0.0,0.0,1.6840633,1.5160418,0.454726,0.25422058,0.0,0.76932216,0.0,1.0642138,0.0,0.56037825,1.5373647,0.0,0.95871705,0.12286345,1.458987,0.0,0.039265137,11
B0496,0.0,0.0,0.0,0.0,0.0,1.2257314,0.0,1.2786527,1.4045966,0.0,0.0,1.2231772,0.64592636,0.0,0.0,0.0,1.6429782,1.5004641,0.3981812,0.23224524,0.0,0.7628421,0.0,0.96075827,0.0,0.63156116,1.5330439,0.0,0.94141525,0.14461617,1.496082,0.0,0.039914366,11
B0497,0.0,0.0,0.0,0.0,0.0,1.1204969,0.0,1.4179349,1.3038726,0.0,0.0,1.3732431,0.79372144,0.0,0.0,0.0,1.8245529,1.4510536,0.50807494,0.2221628,0.0,0.8639487,0.0,1.2133281,0.0,0.7980244,1.6958792,0.0,1.0600094,0.27346098,1.5201008,0.0,0.032126673,11
B0498,0.0,0.0,0.0,0.0,0.0,0.91406983,0.0,1.2324085,1.302846,0.0,0.0,0.6603658,0.45681554,0.0,0.0,0.0,0.8209481,1.4569159,0.3084777,0.19319369,0.0,0.6639463,0.0,0.46872306,0.0,0.15405281,1.1902139,0.0,0.5581449,0.14953777,1.1133046,0.0,0.08556305,11
B0499,0.0,0.0,0.0,0.0,0.0,1.1108475,0.0,1.3306549,1.2653712,0.0,0.0,1.406662,0.77179915,0.0,0.0,0.0,1.8119015,1.5281187,0.477588,0.22370721,0.0,0.83128655,0.0,1.2072313,0.0,0.7830326,1.6634939,0.0,1.0163211,0.25806606,1.4548852,0.0,0.033517372,11
B0500,0.0,0.0,0.0,0.0,0.0,1.3455122,0.0,1.3475267,1.4378092,0.0,0.0,1.2731246,0.6321629,0.0,0.0,0.0,1.6447904,1.6380229,0.37688562,0.26179254,0.0,0.77872646,0.0,0.97174394,0.0,0.57077855,1.5880404,0.0,0.976401,0.1044586,1.5514938,0.0,0.035916243,11
B0501,0.0,0.0,0.0,0.0,0.0,1.2487535,0.0,1.2806305,1.4162941,0.0,0.0,1.2247872,0.63552684,0.0,0.0,0.0,1.6406502,1.5090883,0.36880147,0.23552051,0.0,0.7578265,0.0,0.93655175,0.0,0.600724,1.5385582,0.0,0.91828656,0.12494332,1.4940637,0.0,0.040181402,11
B0502,0.0,0.0,0.0,0.0,0.0,1.1418616,0.0,1.2588817,1.2376595,0.0,0.0,0.9709755,0.50463855,0.0,0.0,0.0,1.0861994,1.488538,0.37000945,0.23734944,0.0,0.6713257,0.0,0.75498545,0.0,0.31535697,1.2503029,0.0,0.7458697,0.12151053,1.1572431,0.0,0.063691445,11
B0503,0.0,0.0,0.0,0.0,0.0,0.9617312,0.0,1.2199173,1.1634939,0.0,0.0,0.74684536,0.47663617,0.0,0.0,0.0,0.84501517,1.4530115,0.34952986,0.20584956,0.0,0.70116556,0.0,0.58372927,0.0,0.11555451,1.1577735,0.0,0.574723,0.15490392,1.0543967,0.0,0.08370812,11
B0504,0.0,0.0,0.0,0.0,0.0,1.0886288,0.0,1.3917143,1.2307405,0.0,0.0,1.3408237,0.7572205,0.0,0.0,0.0,1.7427559,1.3951888,0.50438905,0.22451049,0.0,0.83841,0.0,1.2114494,0.0,0.7340139,1.663887,0.0,0.9882356,0.27660468,1.4387674,0.0,0.035704907,11
B0505,0.0,0.0,0.0,0.0,0.0,0.9406541,0.0,1.1818641,1.1543118,0.0,0.0,0.7257195,0.46067378,0.0,0.0,0.0,0.8146794,1.403681,0.33551148,0.19819379,0.0,0.67480737,0.0,0.5468949,0.0,0.13604292,1.1457801,0.0,0.55206966,0.15956132,1.0416869,0.0,0.088321224,11
B0506,0.0,0.0,0.0,0.0,0.0,1.0461273,0.0,1.3965311,1.2705579,0.0,0.0,1.3491535,0.7811333,0.0,0.0,0.0,1.8557913,1.4947814,0.5161147,0.20701842,0.0,0.84823513,0.0,1.2587693,0.0,0.7352613,1.6514199,0.0,1.0119131,0.2782978,1.5152159,0.0,0.03298144,11
B0507,0.0,0.0,0.0,0.0,0.0,1.2444918,0.0,1.2938662,1.4111416,0.0,0.0,1.2188272,0.63585585,0.0,0.0,0.0,1.6276884,1.5093895,0.36875612,0.23549248,0.0,0.7572125,0.0,0.9374759,0.0,0.59679127,1.5218017,0.0,0.9215144,0.12525184,1.4805514,0.0,0.040501975,11
B0508,0.0,0.0,0.0,0.0,0.0,1.4595755,0.0,0.5979072,1.2160752,0.0,0.0,1.050403,0.16887924,0.0,0.0,0.0,0.70952475,1.7911705,0.09024927,0.31771237,0.0,0.5220362,0.0,0.5379341,0.0,0.0,1.092076,0.0,0.6657029,0.0,1.2479681,0.0,0.083332546,11
B0509,0.0,0.0,0.0,0.0,0.0,1.3405495,0.0,1.2525432,1.3812976,0.0,0.0,1.2752285,0.5807366,0.0,0.0,0.0,1.4763688,1.653981,0.36353058,0.26682258,0.0,0.6501187,0.0,1.0064341,0.0,0.5798524,1.3976438,0.0,0.96194893,0.091670126,1.3822954,0.0,0.04153835,11
B0510,0.0,0.0,0.0,0.0,0.0,1.0572673,0.0,1.268183,1.2159729,0.0,0.0,0.970023,0.5795515,0.0,0.0,0.0,1.2591147,1.4677098,0.40360403,0.22088504,0.0,0.7808423,0.0,0.8409254,0.0,0.38322902,1.3563775,0.0,0.7343731,0.17708957,1.2856381,0.0,0.057374045,11
B0511,0.0,0.0,0.0,0.0,0.0,1.0981798,0.0,1.3899031,1.3478602,0.0,0.0,1.3700227,0.8046596,0.0,0.0,0.0,1.8762192,1.425545,0.5017668,0.21045615,0.0,0.85987693,0.0,1.2006867,0.0,0.84167594,1.6877904,0.0,1.072943,0.27253735,1.5313015,0.0,0.03194051,11
B0512,0.0,0.0,0.0,0.0,0.0,1.1085448,0.0,1.3883256,1.3117858,0.0,0.0,1.370642,0.79397666,0.0,0.0,0.0,1.8441437,1.4406979,0.5028986,0.21591811,0.0,0.8587294,0.0,1.206526,0.0,0.81241536,1.6860721,0.0,1.0558183,0.27141038,1.5145447,0.0,0.03247198,11
B0513,0.0,0.0,0.0,0.0,0.0,1.1669014,0.0,1.2401209,1.3361392,0.0,0.0,1.0544705,0.58457315,0.0,0.0,0.0,1.381611,1.5227146,0.34527093,0.2257165,0.0,0.7561709,0.0,0.8164994,0.0,0.42599708,1.4177363,0.0,0.8099317,0.12170713,1.3566499,0.0,0.051117305,11
B0514,0.0,0.0,0.0,0.0,0.0,1.0529345,0.0,1.2506949,1.2650522,0.0,0.0,0.92979765,0.56241584,0.0,0.0,0.0,1.2081196,1.4638574,0.33166188,0.2104809,0.0,0.74227893,0.0,0.7516253,0.0,0.33199292,1.2655048,0.0,0.7213713,0.13538349,1.2116637,0.0,0.06245695,11
B0515,0.0,0.0,0.0,0.0,0.0,1.1296268,0.0,1.4329597,1.2840338,0.0,0.0,1.3637869,0.7821423,0.0,0.0,0.0,1.7994394,1.4581329,0.51072454,0.230452,0.0,0.86592704,0.0,1.2188278,0.0,0.7640448,1.6880131,0.0,1.0655895,0.26649037,1.5019419,0.0,0.032462656,11
B0516,0.0,0.0,0.0,0.0,0.0,0.8786746,0.0,1.0834627,1.1623826,0.0,0.0,0.8576721,0.5098036,0.0,0.0,0.0,1.0393499,1.3601387,0.4102652,0.19436696,0.0,0.6383624,0.0,0.71423316,0.0,0.37321663,1.1246852,0.0,0.675967,0.18486583,1.0633153,0.0,0.07866882,11
B0517,0.0,0.0,0.0,0.0,0.0,1.5638996,0.0,1.4778185,1.4425793,0.0,0.0,1.277858,0.24985096,0.0,0.0,0.0,0.98002136,1.7536387,0.4909031,0.36035877,0.0,0.30642274,0.0,0.9116119,0.0,0.4459421,1.2021408,0.0,0.87696135,0.0,1.1746094,0.0,0.048976276,11
B0518,0.0,0.0,0.0,0.0,0.0,1.2729361,0.0,1.1508731,1.4370826,0.0,0.0,1.1305993,0.4009111,0.0,0.0,0.0,0.91885585,1.2967064,0.5915984,0.26315752,0.0,0.39324635,0.0,0.67575884,0.0,0.5694643,1.3926003,0.0,0.7667342,0.12532727,1.1642281,0.0,0.06401256,11
B0519,0.0,0.0,0.0,0.0,0.0,1.1459773,0.0,1.3240584,1.3332164,0.0,0.0,1.5304012,0.78327274,0.0,0.0,0.0,1.9168829,1.8080477,0.46991593,0.24164806,0.0,0.8410762,0.0,1.2822702,0.0,0.83536935,1.6835165,0.0,1.1073208,0.22986901,1.4875541,0.0,0.028147712,11
B0520,0.0,0.0,0.0,0.0,0.0,0.99010444,0.0,1.2143792,1.1657155,0.0,0.0,0.82870066,0.4922745,0.0,0.0,0.0,0.93051964,1.4560105,0.36099786,0.21243194,0.0,0.69852406,0.0,0.6572644,0.0,0.21379042,1.1790156,0.0,0.6383815,0.16036288,1.0900491,0.0,0.07689159,11
B0521,0.0,0.0,0.0,0.0,0.0,1.1068795,0.0,1.3991119,1.3434095,0.0,0.0,1.3748274,0.8015816,0.0,0.0,0.0,1.8646748,1.439237,0.5012324,0.21293938,0.0,0.8619138,0.0,1.2026305,0.0,0.83651924,1.6927099,0.0,1.0675018,0.27303517,1.532397,0.0,0.031798135,11
B0522,0.0,0.0,0.0,0.0,0.0,1.0527143,0.0,1.2927902,1.1692199,0.0,0.0,1.0082431,0.5713335,0.0,0.0,0.0,1.2306635,1.4509912,0.41707724,0.23050788,0.0,0.7468559,0.0,0.90642625,0.0,0.41451037,1.3230374,0.0,0.81461143,0.18618523,1.2451426,0.0,0.05697024,11
B0523,0.0,0.0,0.0,0.0,0.0,1.0446327,0.0,1.2451032,1.3032653,0.0,0.0,0.94691235,0.56990504,0.0,0.0,0.0,1.257149,1.486775,0.35794532,0.21465544,0.0,0.7477325,0.0,0.77109027,0.0,0.35007164,1.281606,0.0,0.7459878,0.1345008,1.2281051,0.0,0.0599097,11
B0524,0.0,0.0,0.0,0.0,0.0,1.0565593,0.0,1.3223503,1.2770219,0.0,0.0,1.3558333,0.7667862,0.0,0.0,0.0,1.8322797,1.462923,0.48146048,0.19730677,0.0,0.8229077,0.0,1.1928687,0.0,0.792043,1.6373371,0.0,0.9831085,0.26610285,1.4654062,0.0,0.034960303,11
B0525,0.0,0.0,0.0,0.0,0.0,1.2672751,0.0,1.3343934,1.3119128,0.0,0.0,1.1715715,0.58597237,0.0,0.0,0.0,1.4944131,1.4981138,0.41679937,0.25333738,0.0,0.7193301,0.0,0.9938309,0.0,0.5224937,1.4226015,0.0,0.92399365,0.11218938,1.3620703,0.0,0.04395791,11
B0526,0.0,0.0,0.0,0.0,0.0,1.162552,0.0,1.113571,1.3876176,0.0,0.0,0.73146415,0.3690509,0.0,0.0,0.0,0.882746,1.4228351,0.14126442,0.18892927,0.0,0.5587004,0.0,0.3981504,0.0,0.13333008,1.2283419,0.0,0.5387044,0.023781896,1.123447,0.0,0.08485633,11
B0527,0.0,0.0,0.0,0.0,0.0,0.9535154,0.0,1.2434884,1.2107496,0.0,0.0,0.68726856,0.43770996,0.0,0.0,0.0,0.74150777,1.456913,0.30183214,0.20280722,0.0,0.6801026,0.0,0.47152972,0.0,0.061192006,1.1819232,0.0,0.5051029,0.14391392,1.0467129,0.0,0.08959767,11
B0528,0.0,0.0,0.0,0.0,0.0,1.1822032,0.0,1.1719427,1.2111883,0.0,0.0,0.9160221,0.45307434,0.0,0.0,0.0,1.0639441,1.4302374,0.2661444,0.23536903,0.0,0.67296124,0.0,0.6596857,0.0,0.21404888,1.3087393,0.0,0.65194255,0.060644783,1.1531955,0.0,0.069763884,11
B0529,0.0,0.0,0.0,0.0,0.0,0.8907755,0.0,1.1660161,1.1149192,0.0,0.0,0.8707323,0.5335758,0.0,0.0,0.0,1.1017712,1.2824521,0.39031684,0.19356081,0.0,0.64754313,0.0,0.7675805,0.0,0.35727683,1.1327782,0.0,0.63771737,0.19443893,1.075618,0.0,0.07681678,11
B0530,0.0,0.0,0.0,0.0,0.0,1.2800498,0.0,1.3455608,1.2941843,0.0,0.0,1.193672,0.5799557,0.0,0.0,0.0,1.4375551,1.5077028,0.4333261,0.25598747,0.0,0.7075037,0.0,1.0008378,0.0,0.54435337,1.4238205,0.0,0.9323081,0.13115957,1.3567619,0.0,0.044027388,11
B0531,0.0,0.0,0.0,0.0,0.0,1.1018364,0.0,1.3998315,1.3337451,0.0,0.0,1.365963,0.7992886,0.0,0.0,0.0,1.857432,1.4260068,0.50073165,0.21341366,0.0,0.8593357,0.0,1.2012796,0.0,0.82881665,1.6868618,0.0,1.0715344,0.2718956,1.5241352,0.0,0.032189976,11
B0532,0.0,0.0,0.0,0.0,0.0,1.2897376,0.0,1.2857314,1.3782985,0.0,0.0,1.2438048,0.6188259,0.0,0.0,0.0,1.5857126,1.606699,0.3575051,0.2497819,0.0,0.75230324,0.0,0.94688463,0.0,0.55705655,1.4962237,0.0,0.92698556,0.10109207,1.4561231,0.0,0.040302157,11
B0533,0.0,0.0,0.0,0.0,0.0,1.2470715,0.0,1.3953197,1.2802222,0.0,0.0,1.073856,0.5173601,0.0,0.0,0.0,1.0946933,1.5555723,0.38466513,0.2718921,0.0,0.68049264,0.0,0.79160297,0.0,0.31582063,1.3247815,0.0,0.84845316,0.09322969,1.2010614,0.0,0.05538552,11
B0534,0.0,0.0,0.0,0.0,0.0,1.1863389,0.0,1.3797354,1.2397392,0.0,0.0,1.1199294,0.56176376,0.0,0.0,0.0,1.4065983,1.4468762,0.4312819,0.25206453,0.0,0.68728787,0.0,1.0046148,0.0,0.4525504,1.3265778,0.0,0.8862717,0.13387984,1.2608452,0.0,0.048924938,11
B0535,0.0,0.0,0.0,0.0,0.0,0.95800376,0.0,1.2044564,1.1654495,0.0,0.0,0.75240797,0.46499974,0.0,0.0,0.0,0.83318424,1.4551976,0.3404488,0.2038976,0.0,0.69265413,0.0,0.5736753,0.0,0.13418515,1.1653507,0.0,0.56598526,0.15908179,1.0739017,0.0,0.08414054,11
B0536,0.0,0.0,0.0,0.0,0.0,0.9908126,0.0,1.2409594,1.2407205,0.0,0.0,0.8731841,0.5474714,0.0,0.0,0.0,1.1022509,1.4400738,0.36441714,0.20085189,0.0,0.7290639,0.0,0.7204921,0.0,0.33616772,1.2405268,0.0,0.7019453,0.17651005,1.2056149,0.0,0.067189366,11
B0537,0.0,0.0,0.0,0.0,0.0,1.0627589,0.0,1.2765001,1.3048286,0.0,0.0,1.0076535,0.61045307,0.0,0.0,0.0,1.3554006,1.4789624,0.39374506,0.21336721,0.0,0.7758543,0.0,0.85421383,0.0,0.46215224,1.3464631,0.0,0.81545705,0.16894859,1.3189435,0.0,0.053171434,11
B0538,0.0,0.0,0.0,0.0,0.0,1.0187844,0.0,1.1741097,1.20174,0.0,0.0,0.84496117,0.47826558,0.0,0.0,0.0,0.9355219,1.3734622,0.30760938,0.20202602,0.0,0.6273684,0.0,0.59908235,0.0,0.250206,1.1502483,0.0,0.58949846,0.13468544,1.0526528,0.0,0.08100166,11
B0539,0.0,0.0,0.0,0.0,0.0,1.6230433,0.0,1.5496699,1.5179851,0.0,0.0,1.3043835,0.51279616,0.0,0.0,0.0,1.458972,1.8090576,0.4153316,0.33350927,0.0,0.7267618,0.0,1.0360694,0.0,0.4069134,1.5580444,0.0,1.059814,0.0,1.5269105,0.0,0.03244365,11
B0540,0.0,0.0,0.0,0.0,0.0,0.8822793,0.0,1.1127862,1.1883879,0.0,0.0,0.6613508,0.43764916,0.0,0.0,0.0,0.8278756,1.3616441,0.31037974,0.18422475,0.0,0.6387133,0.0,0.49184707,0.0,0.10029633,1.081794,0.0,0.47432894,0.13613644,0.9739687,0.0,0.09693663,11
B0541,0.0,0.0,0.0,0.0,0.0,1.5900747,0.0,1.359236,1.4308236,0.0,0.0,1.1050352,0.32776794,0.0,0.0,0.0,0.99340034,1.4876556,0.30642793,0.280526,0.0,0.45480818,0.0,0.6849575,0.0,0.36396873,1.3531346,0.0,0.77903104,0.0,1.2595463,0.0,0.056138612,11
B0542,0.0,0.0,0.0,0.0,0.0,1.1165991,0.0,1.4074695,1.3089491,0.0,0.0,1.3641479,0.7954463,0.0,0.0,0.0,1.8463132,1.4618167,0.5146572,0.22393292,0.0,0.87039375,0.0,1.2243726,0.0,0.7902409,1.6895684,0.0,1.0839881,0.26711527,1.5218167,0.0,0.031819493,11
B0543,0.0,0.0,0.0,0.0,0.0,1.0422168,0.0,1.2384627,1.258516,0.0,0.0,0.97049797,0.5524974,0.0,0.0,0.0,1.2309371,1.4013608,0.36412206,0.21409345,0.0,0.6894295,0.0,0.79475814,0.0,0.3940563,1.2435064,0.0,0.7365101,0.14362437,1.1810007,0.0,0.06255656,11
B0544,0.0,0.0,0.0,0.0,0.0,1.0764472,0.0,1.229036,1.2538648,0.0,0.0,1.1010011,0.5712597,0.0,0.0,0.0,1.4247308,1.3191156,0.4837496,0.23187591,0.0,0.62949955,0.0,0.98528314,0.0,0.54838264,1.2651865,0.0,0.9458231,0.1609815,1.1874672,0.0,0.05362766,11
B0545,0.0,0.0,0.0,0.0,0.0,1.0723482,0.0,1.3588132,1.3476793,0.0,0.0,1.3595288,0.7988923,0.0,0.0,0.0,1.9171008,1.419542,0.5323633,0.20483512,0.0,0.8614143,0.0,1.230122,0.0,0.82101953,1.6863722,0.0,1.0429765,0.278339,1.5433753,0.0,0.031977773,11
B0546,0.0,0.0,0.0,0.0,0.0,1.2423079,0.0,1.3888515,1.2055544,0.0,0.0,1.1314068,0.51106167,0.0,0.0,0.0,1.3280973,1.4580232,0.43811515,0.2795415,0.0,0.6370144,0.0,1.0195686,0.0,0.41850197,1.3121401,0.0,0.9146056,0.09987775,1.2191255,0.0,0.049972445,11
B0547,0.0,0.0,0.0,0.0,0.0,1.085963,0.0,1.3710821,1.3038462,0.0,0.0,1.3469572,0.79176456,0.0,0.0,0.0,1.8514619,1.4164047,0.51019883,0.21291956,0.0,0.8534484,0.0,1.2104042,0.0,0.7976632,1.6698861,0.0,1.0532982,0.27086166,1.506953,0.0,0.033230316,11
B0548,0.0,0.0,0.0,0.0,0.0,1.3815889,0.0,1.3474104,1.4384735,0.0,0.0,1.2582136,0.6008794,0.0,0.0,0.0,1.6015283,1.6142886,0.3561107,0.26780626,0.0,0.74581397,0.0,0.9456372,0.0,0.53460693,1.5669515,0.0,0.9577752,0.07823393,1.5181677,0.0,0.03743057,11
B0549,0.0,0.0,0.0,0.0,0.0,1.1814923,0.0,1.1051996,1.3702137,0.0,0.0,0.9889689,0.32962075,0.0,0.0,0.0,0.62935865,1.376563,0.4484337,0.25209796,0.0,0.3619467,0.0,0.5013513,0.0,0.46670708,1.2874846,0.0,0.60464615,0.12082915,1.0514365,0.0,0.08162678,11
B0550,0.0,0.0,0.0,0.0,0.0,1.1032451,0.0,1.3996457,1.337352,0.0,0.0,1.3689852,0.80060995,0.0,0.0,0.0,1.8622022,1.4309251,0.5014217,0.21348476,0.0,0.8605037,0.0,1.2034104,0.0,0.831421,1.6892496,0.0,1.0744689,0.27178848,1.5271733,0.0,0.031994443,11
B0551,0.0,0.0,0.0,0.0,0.0,1.2754822,0.0,1.3214417,1.4142668,0.0,0.0,1.2248605,0.62618333,0.0,0.0,0.0,1.6034212,1.5381391,0.3761456,0.24304286,0.0,0.7449502,0.0,0.9478597,0.0,0.57664806,1.4987947,0.0,0.920213,0.11551766,1.4742364,0.0,0.0401807,11
B0552,0.0,0.0,0.0,0.0,0.0,1.0689695,0.0,1.3731009,1.2678878,0.0,0.0,1.3279967,0.7687663,0.0,0.0,0.0,1.8310348,1.4043732,0.5260904,0.21529238,0.0,0.8489645,0.0,1.2267206,0.0,0.7478112,1.663449,0.0,1.0066192,0.27477914,1.4917545,0.0,0.0343307,11
B0553,0.0,0.0,0.0,0.0,0.0,0.81404585,0.0,1.0072516,1.304158,0.0,0.0,0.6249975,0.35989594,0.0,0.0,0.0,0.6953975,1.3174824,0.35625654,0.20360033,0.0,0.4647765,0.0,0.4134351,0.0,0.29007068,1.0865436,0.0,0.5271423,0.12373942,0.84890103,0.0,0.10645372,11
B0554,0.0,0.0,0.0,0.0,0.0,1.2158501,0.0,1.3068576,1.263532,0.0,0.0,1.1536222,0.5936152,0.0,0.0,0.0,1.4879698,1.4270432,0.40012765,0.23609996,0.0,0.71970177,0.0,0.974024,0.0,0.52555287,1.4225569,0.0,0.855728,0.1324727,1.36634,0.0,0.046635844,11
B0555,0.0,0.0,0.0,0.0,0.0,1.372971,0.0,1.2974343,1.350677,0.0,0.0,1.2492459,0.51408166,0.0,0.0,0.0,1.3825779,1.7259607,0.40527242,0.2724352,0.0,0.62486285,0.0,1.0255766,0.0,0.5367087,1.2700084,0.0,1.0390593,0.05977586,1.2977282,0.0,0.042928,11
B0556,0.0,0.0,0.0,0.0,0.0,1.2358985,0.0,1.54797,1.3535554,0.0,0.0,1.465781,0.815608,0.0,0.0,0.0,1.8605359,1.6562271,0.5509099,0.26333416,0.0,0.9382722,0.0,1.3103315,0.0,0.77086425,1.7933705,0.0,1.1629088,0.26779857,1.5813193,0.0,0.02598678,11
B0557,0.0,0.0,0.0,0.0,0.0,1.1706574,0.0,1.5525446,1.2162049,0.0,0.0,1.404135,0.75212324,0.0,0.0,0.0,1.7522447,1.6424274,0.5638008,0.26317418,0.0,0.8928987,0.0,1.3514216,0.0,0.587829,1.6584518,0.0,1.0394213,0.26469567,1.4902275,0.0,0.030269725,11
B0558,0.0,0.0,0.0,0.0,0.0,0.82014513,0.0,1.1233555,1.187937,0.0,0.0,0.6737875,0.4657931,0.0,0.0,0.0,0.89040697,1.299366,0.35390097,0.18642554,0.0,0.61518663,0.0,0.53742266,0.0,0.22948973,1.1099232,0.0,0.5186965,0.16384996,0.98927027,0.0,0.09375577,11
B0559,0.0,0.0,0.0,0.0,0.0,0.9750402,0.0,1.1612127,1.2429075,0.0,0.0,0.726957,0.4697557,0.0,0.0,0.0,0.87862563,1.456392,0.29060766,0.1864762,0.0,0.6882411,0.0,0.50195074,0.0,0.15844299,1.1924212,0.0,0.56952614,0.13429092,1.1309447,0.0,0.083458535,11
B0560,0.0,0.0,0.0,0.0,0.0,1.3492688,0.0,1.3738456,1.373031,0.0,0.0,1.1906395,0.5491103,0.0,0.0,0.0,1.38708,1.48772,0.34525993,0.26127094,0.0,0.6364,0.0,0.8935956,0.0,0.5316452,1.3657224,0.0,0.9125111,0.074140504,1.3267014,0.0,0.046144087,11
B0561,0.0,0.0,0.0,0.0,0.0,0.9854323,0.0,1.1401753,1.2127568,0.0,0.0,0.82222944,0.5034278,0.0,0.0,0.0,0.9816387,1.494156,0.3132481,0.19456592,0.0,0.7020464,0.0,0.62005115,0.0,0.24354035,1.1850289,0.0,0.6275292,0.14339636,1.1281705,0.0,0.07643265,11
B0562,0.0,0.0,0.0,0.0,0.0,1.2632973,0.0,1.2603499,1.3256832,0.0,0.0,1.2198778,0.5982872,0.0,0.0,0.0,1.5141008,1.5477715,0.38367486,0.244816,0.0,0.7122816,0.0,0.9558847,0.0,0.5725769,1.4356096,0.0,0.92368716,0.114914514,1.3947644,0.0,0.043521024,11
B0563,0.0,0.0,0.0,0.0,0.0,1.093369,0.0,1.3829027,1.2861762,0.0,0.0,1.3435912,0.7799447,0.0,0.0,0.0,1.8156703,1.4247334,0.50835586,0.22305359,0.0,0.8584303,0.0,1.2143029,0.0,0.7842989,1.6844213,0.0,1.0594559,0.26909658,1.4810295,0.0,0.033484254,11
B0564,0.0,0.0,0.0,0.0,0.0,1.0926001,0.0,1.379235,1.2046909,0.0,0.0,1.3168316,0.7360018,0.0,0.0,0.0,1.7175256,1.3897892,0.49461162,0.22732091,0.0,0.8307016,0.0,1.1916628,0.0,0.7021379,1.6483523,0.0,0.98206294,0.26083,1.3999529,0.0,0.037148762,11
B0565,0.0,0.0,0.0,0.0,0.0,1.0876849,0.0,1.2649499,1.330962,0.0,0.0,1.0203897,0.61207885,0.0,0.0,0.0,1.3895435,1.4824688,0.36541986,0.21111192,0.0,0.78111416,0.0,0.83070725,0.0,0.45868307,1.3950312,0.0,0.78477776,0.15936698,1.3537805,0.0,0.05208574,11
B0566,0.0,0.0,0.0,0.0,0.0,1.0599935,0.0,1.3666811,1.2686496,0.0,0.0,1.3152035,0.7676595,0.0,0.0,0.0,1.8074207,1.3743029,0.5074046,0.21455774,0.0,0.84284335,0.0,1.2009237,0.0,0.76711226,1.6632097,0.0,1.0291052,0.26800913,1.471992,0.0,0.03518964,11
B0567,0.0,0.0,0.0,0.0,0.0,1.0335976,0.0,1.3534667,1.1939108,0.0,0.0,1.2983072,0.7695079,0.0,0.0,0.0,1.727406,1.3490762,0.47090057,0.19467235,0.0,0.7966083,0.0,1.1577697,0.0,0.7344912,1.5682511,0.0,0.89762104,0.28765124,1.4690104,0.0,0.039179657,11
B0568,0.0,0.0,0.0,0.0,0.0,1.0993412,0.0,1.3753316,1.2167821,0.0,0.0,0.9204619,0.43867603,0.0,0.0,0.0,0.9890734,1.6013242,0.4057184,0.27258128,0.0,0.6834895,0.0,0.78069013,0.0,0.12365926,1.2030851,0.0,0.6905235,0.08909484,1.0669775,0.0,0.06610242,11
B0569,0.0,0.0,0.0,0.0,0.0,1.0960279,0.0,1.3933938,1.2372999,0.0,0.0,1.3387511,0.76669544,0.0,0.0,0.0,1.7598772,1.4076506,0.501058,0.2237657,0.0,0.84610945,0.0,1.2053931,0.0,0.74529254,1.6651627,0.0,1.0085208,0.27231598,1.4580137,0.0,0.03510598,11
B0570,0.0,0.0,0.0,0.0,0.0,0.927107,0.0,1.2425449,1.2791636,0.0,0.0,0.78954023,0.51217544,0.0,0.0,0.0,0.9666383,1.4588642,0.31391382,0.1994277,0.0,0.67860544,0.0,0.5943974,0.0,0.23962902,1.1616874,0.0,0.6079,0.15353408,1.0949366,0.0,0.07749298,11
B0571,0.0,0.0,0.0,0.0,0.0,0.928563,0.0,0.25217456,1.1711471,0.0,0.0,0.711256,0.16255593,0.0,0.0,0.0,0.53333193,1.5565476,0.068377614,0.21454412,0.0,0.34159452,0.0,0.3153463,0.0,0.0,0.79457474,0.0,0.32683727,0.0,0.9724712,0.0,0.14186494,11
B0572,0.0,0.0,0.0,0.0,0.0,1.1040409,0.0,1.4025168,1.3295128,0.0,0.0,1.3651149,0.79766554,0.0,0.0,0.0,1.8520367,1.4257584,0.5005463,0.21444134,0.0,0.85901237,0.0,1.2005736,0.0,0.82449955,1.6863272,0.0,1.0700122,0.27143127,1.521636,0.0,0.03227574,11
B0573,0.0,0.0,0.0,0.0,0.0,1.2244184,0.0,1.2798038,1.4013376,0.0,0.0,1.2198305,0.64598686,0.0,0.0,0.0,1.6425697,1.5003734,0.39048678,0.23176113,0.0,0.76545095,0.0,0.9557739,0.0,0.6221653,1.5320637,0.0,0.9309498,0.14248347,1.4939494,0.0,0.04014349,11
B0574,0.0,0.0,0.0,0.0,0.0,1.1375265,0.0,1.2151246,1.2655051,0.0,0.0,1.0376048,0.5654085,0.0,0.0,0.0,1.324872,1.4945536,0.36108023,0.2254857,0.0,0.7402426,0.0,0.83523065,0.0,0.4183562,1.3591111,0.0,0.7732332,0.12744416,1.2885225,0.0,0.054901376,11
B0575,0.0,0.0,0.0,0.0,0.0,1.0694196,0.0,1.3814752,1.1969638,0.0,0.0,1.3144667,0.75175995,0.0,0.0,0.0,1.736191,1.3801446,0.48786473,0.217906,0.0,0.8200499,0.0,1.1898435,0.0,0.70150644,1.6218503,0.0,0.97276354,0.26537699,1.4281249,0.0,0.037372936,11
B0576,0.0,0.0,0.0,0.0,0.0,1.0049949,0.0,1.2358469,1.2790214,0.0,0.0,0.8599881,0.54427373,0.0,0.0,0.0,1.0944997,1.4539235,0.31503057,0.19418186,0.0,0.7243476,0.0,0.665832,0.0,0.30831075,1.2422211,0.0,0.6620126,0.15248781,1.1992307,0.0,0.06854181,11
B0577,0.0,0.0,0.0,0.0,0.0,0.9125441,0.0,1.2085643,1.3303158,0.0,0.0,0.55657625,0.39675885,0.0,0.0,0.0,0.6308401,1.437387,0.26179624,0.17292249,0.0,0.6408116,0.0,0.30275336,0.0,0.044271737,1.2329934,0.0,0.4694996,0.14426816,1.09323,0.0,0.0977323,11
B0578,0.0,0.0,0.0,0.0,0.0,0.97842467,0.0,1.3240728,1.211407,0.0,0.0,1.2562028,0.75958115,0.0,0.0,0.0,1.8075707,1.2982757,0.5086231,0.19385383,0.0,0.8074093,0.0,1.1994064,0.0,0.7240273,1.5960257,0.0,0.9464992,0.2817104,1.4434129,0.0,0.038940463,11
B0579,0.0,0.0,0.0,0.0,0.0,1.2178911,0.0,1.4346142,1.2246141,0.0,0.0,1.074998,0.45586723,0.0,0.0,0.0,1.0739399,1.5538875,0.45339763,0.30117112,0.0,0.6219504,0.0,0.88927275,0.0,0.26286653,1.2355834,0.0,0.7974217,0.092768714,1.1039817,0.0,0.05750984,11
B0580,0.0,0.0,0.0,0.0,0.0,1.1040598,0.0,1.4037743,1.3274032,0.0,0.0,1.3644814,0.79722977,0.0,0.0,0.0,1.8494077,1.4264739,0.50071514,0.21496062,0.0,0.8591757,0.0,1.2018266,0.0,0.822945,1.6868197,0.0,1.070837,0.2716773,1.520184,0.0,0.032292437,11
B0581,0.0,0.0,0.0,0.0,0.0,1.1893632,0.0,1.2944062,1.3272395,0.0,0.0,1.1830351,0.6282532,0.0,0.0,0.0,1.583087,1.4929702,0.49843806,0.24733391,0.0,0.7620628,0.0,1.0698029,0.0,0.6219331,1.47563,0.0,1.0437691,0.16646196,1.4011095,0.0,0.040704124,11
B0582,0.0,0.0,0.0,0.0,0.0,0.905257,0.0,0.9554764,1.3556532,0.0,0.0,0.8438779,0.48667395,0.0,0.0,0.0,0.9279722,1.3588591,0.4204782,0.18561068,0.0,0.5698076,0.0,0.5451937,0.0,0.4821952,1.1710705,0.0,0.67878574,0.17034549,1.0801046,0.0,0.08243299,11
B0583,0.0,0.0,0.0,0.0,0.0,1.1057332,0.0,1.4080099,1.2861731,0.0,0.0,1.3559134,0.7849839,0.0,0.0,0.0,1.8060539,1.4310517,0.50335336,0.21885844,0.0,0.8573067,0.0,1.2083352,0.0,0.7864386,1.6819766,0.0,1.0397316,0.27590936,1.5034137,0.0,0.03320139,11
B0584,0.0,0.0,0.0,0.0,0.0,1.2746668,0.0,1.2932658,1.4053283,0.0,0.0,1.2258673,0.61731404,0.0,0.0,0.0,1.5888929,1.5229833,0.3902189,0.24273615,0.0,0.730821,0.0,0.95292115,0.0,0.59973115,1.4961493,0.0,0.93470705,0.120863155,1.4662716,0.0,0.04067735,11
B0585,0.0,0.0,0.0,0.0,0.0,1.2925057,0.0,1.2838831,1.3929937,0.0,0.0,1.2239058,0.6130067,0.0,0.0,0.0,1.6027972,1.5435061,0.3769618,0.24891165,0.0,0.7459857,0.0,0.9475744,0.0,0.5677366,1.5224099,0.0,0.9331747,0.1056394,1.4734608,0.0,0.04032269,11
B0586,0.0,0.0,0.0,0.0,0.0,1.2794781,0.0,1.2653794,1.4017019,0.0,0.0,1.2381375,0.621789,0.0,0.0,0.0,1.6195954,1.5879785,0.36984584,0.24394089,0.0,0.75044495,0.0,0.95261556,0.0,0.576614,1.5006571,0.0,0.9352695,0.103696086,1.4698589,0.0,0.03995457,11
B0587,0.0,0.0,0.0,0.0,0.0,1.1062155,0.0,1.2248235,1.2736503,0.0,0.0,1.0213256,0.5631951,0.0,0.0,0.0,1.3638678,1.4851336,0.41302156,0.22878395,0.0,0.73067313,0.0,0.8976722,0.0,0.41029572,1.338355,0.0,0.80415726,0.13058,1.2934123,0.0,0.053815644,11
B0588,0.0,0.0,0.0,0.0,0.0,1.0352713,0.0,1.1906976,1.144093,0.0,0.0,0.95764714,0.5409771,0.0,0.0,0.0,1.2248422,1.3526634,0.38787812,0.22128104,0.0,0.7112951,0.0,0.8387055,0.0,0.38931066,1.2791601,0.0,0.74671936,0.15571685,1.1659883,0.0,0.06419835,11
B0589,0.0,0.0,0.0,0.0,0.0,1.2846079,0.0,1.1839586,1.3933303,0.0,0.0,0.94478834,0.44693488,0.0,0.0,0.0,1.1333162,1.4378994,0.19695929,0.21498713,0.0,0.58507377,0.0,0.59660316,0.0,0.29247263,1.3033844,0.0,0.70397335,0.029559687,1.2355936,0.0,0.064968765,11
B0590,0.0,0.0,0.0,0.0,0.0,0.9767539,0.0,1.3371027,1.2808717,0.0,0.0,0.94524837,0.5618908,0.0,0.0,0.0,1.2051682,1.4273435,0.39708427,0.22252835,0.0,0.6277319,0.0,0.80326116,0.0,0.34946328,1.1876508,0.0,0.7270981,0.15678957,1.119447,0.0,0.06362495,11
B0591,0.0,0.0,0.0,0.0,0.0,1.1228473,0.0,1.4119353,1.3092711,0.0,0.0,1.3676919,0.7954678,0.0,0.0,0.0,1.8447301,1.463143,0.5146877,0.22532685,0.0,0.87130487,0.0,1.223598,0.0,0.79121095,1.6923563,0.0,1.0861785,0.2665975,1.5210586,0.0,0.031703487,11
B0592,0.0,0.0,0.0,0.0,0.0,1.1526461,0.0,1.2740557,1.297046,0.0,0.0,1.0657289,0.5418353,0.0,0.0,0.0,1.2262187,1.5569149,0.39681995,0.24740091,0.0,0.67773813,0.0,0.84365255,0.0,0.38348755,1.2803242,0.0,0.7621386,0.13018742,1.2052014,0.0,0.05597665,11
B0593,0.0,0.0,0.0,0.0,0.0,1.0420387,0.0,1.3094364,1.2727654,0.0,0.0,1.3151889,0.77870274,0.0,0.0,0.0,1.8509352,1.3337774,0.51176256,0.19890448,0.0,0.82871044,0.0,1.1899722,0.0,0.7825268,1.6374123,0.0,0.9923015,0.27399892,1.4542124,0.0,0.03622738,11
B0594,0.0,0.0,0.0,0.0,0.0,1.1027373,0.0,1.3934376,1.3269873,0.0,0.0,1.3668954,0.7947792,0.0,0.0,0.0,1.85171,1.4313465,0.49872935,0.21468425,0.0,0.8570749,0.0,1.1988952,0.0,0.8239981,1.6874152,0.0,1.0661721,0.2691881,1.5200763,0.0,0.032372583,11
B0595,0.0,0.0,0.0,0.0,0.0,1.2701246,0.0,1.3118345,1.3697371,0.0,0.0,1.1758556,0.6097727,0.0,0.0,0.0,1.6006902,1.5437523,0.415321,0.25620055,0.0,0.74482894,0.0,1.012535,0.0,0.53806174,1.4700482,0.0,1.0004287,0.103725694,1.4230382,0.0,0.04047566,11
B0596,0.0,0.0,0.0,0.0,0.0,0.983812,0.0,1.2081891,1.1635978,0.0,0.0,0.82108414,0.4898906,0.0,0.0,0.0,0.9246805,1.4456028,0.3576787,0.21001172,0.0,0.6927305,0.0,0.6496415,0.0,0.21342784,1.1712499,0.0,0.6300914,0.16082358,1.0821617,0.0,0.078009166,11
B0597,0.0,0.0,0.0,0.0,0.0,1.1414442,0.0,1.2969041,1.2605217,0.0,0.0,1.019717,0.5688938,0.0,0.0,0.0,1.3022485,1.5062481,0.37124956,0.23304388,0.0,0.7531297,0.0,0.8619639,0.0,0.3711064,1.334025,0.0,0.7812537,0.12817873,1.2715844,0.0,0.054320857,11
B0598,0.0,0.0,0.0,0.0,0.0,1.0817887,0.0,1.2654479,1.2330155,0.0,0.0,1.0075139,0.5842862,0.0,0.0,0.0,1.2763915,1.4698763,0.3820694,0.22228298,0.0,0.7649099,0.0,0.8420058,0.0,0.41037187,1.3436598,0.0,0.7523623,0.16439492,1.2638917,0.0,0.056551624,11
B0599,0.0,0.0,0.0,0.0,0.0,1.0208513,0.0,1.194469,1.2760167,0.0,0.0,0.88174635,0.54379183,0.0,0.0,0.0,1.1255882,1.5366464,0.30522522,0.19908503,0.0,0.7377449,0.0,0.68417466,0.0,0.28932068,1.2348242,0.0,0.66701114,0.13116577,1.1966149,0.0,0.06691299,11
B0600,0.0,0.0,0.0,0.0,0.0,1.2661359,0.0,1.2782443,1.412725,0.0,0.0,1.2251337,0.6226926,0.0,0.0,0.0,1.6148598,1.507464,0.36697823,0.23863673,0.0,0.74099565,0.0,0.9319975,0.0,0.5989574,1.525858,0.0,0.9215964,0.11817838,1.482225,0.0,0.040687054,11
B0601,0.0,0.0,0.0,0.0,0.0,1.0633746,0.0,1.3939794,1.2266442,0.0,0.0,1.3216965,0.771008,0.0,0.0,0.0,1.765055,1.3730689,0.49604863,0.21041945,0.0,0.83010656,0.0,1.199064,0.0,0.7366032,1.6359756,0.0,0.9797731,0.2797844,1.4677671,0.0,0.0361782,11
B0602,0.0,0.0,0.0,0.0,0.0,0.96509314,0.0,0.3725739,1.0925587,0.0,0.0,0.76463115,0.18204102,0.0,0.0,0.0,0.59935236,1.7548301,0.008956641,0.24178211,0.0,0.4696547,0.0,0.4721982,0.0,0.0,0.890986,0.0,0.31950343,0.0,0.9060907,0.0,0.12430747,11
B0603,0.0,0.0,0.0,0.0,0.0,1.0173975,0.0,0.34004575,1.0939672,0.0,0.0,0.7943772,0.17103007,0.0,0.0,0.0,0.6644405,1.7195504,0.0,0.24920359,0.0,0.42465037,0.0,0.42919838,0.0,0.0,0.96820074,0.0,0.37399873,0.0,0.9151164,0.0,0.12146563,11
B0604,0.0,0.0,0.0,0.0,0.0,0.95691615,0.0,1.2243224,1.2643516,0.0,0.0,0.7356914,0.4848562,0.0,0.0,0.0,0.90988433,1.43505,0.31881252,0.18879978,0.0,0.69179714,0.0,0.54239845,0.0,0.20688045,1.2032917,0.0,0.5990255,0.16058314,1.1733449,0.0,0.079498865,11
B0605,0.0,0.0,0.0,0.0,0.0,1.0997906,0.0,1.39619,1.32665,0.0,0.0,1.3709052,0.79756594,0.0,0.0,0.0,1.8554695,1.4456489,0.50804657,0.2142748,0.0,0.86193335,0.0,1.2099466,0.0,0.814927,1.6864709,0.0,1.0517989,0.27564633,1.5372422,0.0,0.03209036,11
B0606,0.0,0.0,0.0,0.0,0.0,1.9028871,0.0,1.7448695,1.6185873,0.0,0.0,1.5393293,0.5594449,0.0,0.0,0.0,1.5386623,2.1550117,0.36756966,0.38882998,0.0,0.8497118,0.0,1.0784074,0.0,0.4028725,1.8094727,0.0,1.2259022,0.0,1.7136986,0.0,0.022028064,11
B0607,0.0,0.0,0.0,0.0,0.0,1.0726708,0.0,1.366672,1.2618735,0.0,0.0,1.3210537,0.76321924,0.0,0.0,0.0,1.8076358,1.3819562,0.51193094,0.21374902,0.0,0.83656216,0.0,1.1959835,0.0,0.7443284,1.6459336,0.0,0.98981273,0.2688992,1.4734519,0.0,0.035489365,11
B0608,0.0,0.0,0.0,0.0,0.0,1.1753894,0.0,1.4850957,1.3328192,0.0,0.0,1.4194462,0.8096541,0.0,0.0,0.0,1.8352188,1.5466579,0.5127606,0.23582499,0.0,0.896743,0.0,1.2395627,0.0,0.8044641,1.728511,0.0,1.1065843,0.27245963,1.5609566,0.0,0.02918606,11
B0609,0.0,0.0,0.0,0.0,0.0,0.91402394,0.0,1.1520957,1.2085629,0.0,0.0,0.70547134,0.46381542,0.0,0.0,0.0,0.8494712,1.4025613,0.32849234,0.18721284,0.0,0.6574474,0.0,0.5176059,0.0,0.16665143,1.132909,0.0,0.5604633,0.15592495,1.0652033,0.0,0.08850705,11
B0610,0.0,0.0,0.0,0.0,0.0,1.1508039,0.0,1.3636986,1.3292843,0.0,0.0,1.487951,0.76986146,0.0,0.0,0.0,1.8902891,1.7465624,0.50913465,0.24400967,0.0,0.8577066,0.0,1.302129,0.0,0.77683127,1.6845422,0.0,1.0734651,0.24080248,1.5006654,0.0,0.02866583,11
B0611,0.0,0.0,0.0,0.0,0.0,1.1475813,0.0,1.2400006,1.2889915,0.0,0.0,1.1327575,0.61061895,0.0,0.0,0.0,1.5884929,1.3710628,0.40608782,0.2205522,0.0,0.7401994,0.0,0.9699525,0.0,0.5628706,1.4636341,0.0,0.8415148,0.14413968,1.3894684,0.0,0.046642363,11
B0612,0.0,0.0,0.0,0.0,0.0,0.934986,0.0,1.2077153,1.2439076,0.0,0.0,0.729812,0.47966358,0.0,0.0,0.0,0.8864464,1.4210883,0.33419526,0.18796979,0.0,0.6770493,0.0,0.5450648,0.0,0.21357054,1.1762012,0.0,0.59807205,0.1698561,1.1427698,0.0,0.08189467,11
B0613,0.0,0.0,0.0,0.0,0.0,1.1157343,0.0,1.3806081,1.3130264,0.0,0.0,1.4213779,0.80172735,0.0,0.0,0.0,1.8376272,1.5357645,0.5154686,0.23026834,0.0,0.8667726,0.0,1.2559507,0.0,0.8077111,1.6983528,0.0,1.0437734,0.28778684,1.5195132,0.0,0.031045811,11
B0614,0.0,0.0,0.0,0.0,0.0,0.7536449,0.0,0.17905498,1.0148187,0.0,0.0,0.60968256,0.16662338,0.0,0.0,0.0,0.4926519,1.5860271,0.0,0.19264682,0.0,0.36425054,0.0,0.31142807,0.0,0.0,0.78144217,0.0,0.16333008,0.0,0.81895095,0.0,0.16249856,11
B0615,0.0,0.0,0.0,0.0,0.0,1.2193027,0.0,1.306663,1.4101288,0.0,0.0,1.2131062,0.6536249,0.0,0.0,0.0,1.6451441,1.5085697,0.3836643,0.2308529,0.0,0.77453786,0.0,0.9581989,0.0,0.6072726,1.520314,0.0,0.92695725,0.14107755,1.4885616,0.0,0.03996826,11
B0616,0.0,0.0,0.0,0.0,0.0,1.1013808,0.0,1.3961987,1.3233645,0.0,0.0,1.361562,0.7948354,0.0,0.0,0.0,1.8467925,1.419872,0.5000406,0.21458115,0.0,0.8562139,0.0,1.1971459,0.0,0.8199914,1.6825467,0.0,1.0629959,0.27054396,1.5165287,0.0,0.032622196,11
B0617,0.0,0.0,0.0,0.0,0.0,1.1294245,0.0,1.2661779,1.3158038,0.0,0.0,1.0569851,0.60749984,0.0,0.0,0.0,1.4264201,1.5265062,0.38795537,0.22441185,0.0,0.79186773,0.0,0.8739691,0.0,0.46288192,1.4271162,0.0,0.81650007,0.15064606,1.3724878,0.0,0.04916154,11
B0618,0.0,0.0,0.0,0.0,0.0,0.97766143,0.0,1.1327306,1.1818249,0.0,0.0,0.84962374,0.5053427,0.0,0.0,0.0,1.0112216,1.5629885,0.30064487,0.20143701,0.0,0.7034793,0.0,0.6582661,0.0,0.21947917,1.1604924,0.0,0.60051966,0.13275895,1.1099328,0.0,0.075426765,11
B0619,0.0,0.0,0.0,0.0,0.0,0.9127031,0.0,1.195973,1.2980993,0.0,0.0,0.6169343,0.42390445,0.0,0.0,0.0,0.7273048,1.444279,0.27616173,0.18026373,0.0,0.6532972,0.0,0.3861614,0.0,0.096730515,1.189376,0.0,0.5112167,0.14427406,1.0971814,0.0,0.09272618,11
B0620,0.0,0.0,0.0,0.0,0.0,0.9558215,0.0,1.2418249,1.2153577,0.0,0.0,0.7424299,0.47837776,0.0,0.0,0.0,0.8870757,1.4682453,0.33265343,0.20476693,0.0,0.70308566,0.0,0.5599332,0.0,0.114995986,1.1690643,0.0,0.5490437,0.14588064,1.0817094,0.0,0.08200319,11
B0621,0.0,0.0,0.0,0.0,0.0,1.2961688,0.0,1.2507151,1.1970884,0.0,0.0,1.1337764,0.3928699,0.0,0.0,0.0,1.0684495,1.7331364,0.33593112,0.27893633,0.0,0.5566863,0.0,0.870195,0.0,0.26903814,1.1227552,0.0,0.7660993,0.029810488,1.0697361,0.0,0.059919458,11
B0622,0.0,0.0,0.0,0.0,0.0,0.981042,0.0,1.1855955,1.282241,0.0,0.0,0.8272248,0.52451736,0.0,0.0,0.0,1.062336,1.4972696,0.32494566,0.19198178,0.0,0.7187842,0.0,0.63076663,0.0,0.27287441,1.2243294,0.0,0.6461169,0.14741138,1.2033651,0.0,0.071120046,11
B0623,0.0,0.0,0.0,0.0,0.0,0.799421,0.0,1.030667,1.2358792,0.0,0.0,0.5551931,0.39622587,0.0,0.0,0.0,0.7180018,1.3668927,0.34084576,0.17387065,0.0,0.6131748,0.0,0.40114522,0.0,0.13449603,1.1721259,0.0,0.47582275,0.1488278,0.9988839,0.0,0.10377895,11
B0624,0.0,0.0,0.0,0.0,0.0,1.0867918,0.0,1.3789407,1.2978854,0.0,0.0,1.3516598,0.7869085,0.0,0.0,0.0,1.8410194,1.4162691,0.50994086,0.21555825,0.0,0.85420686,0.0,1.2123709,0.0,0.7936363,1.6774453,0.0,1.0496125,0.27047032,1.5037858,0.0,0.03325365,11
B0625,0.0,0.0,0.0,0.0,0.0,1.1306689,0.0,1.4354975,1.2518998,0.0,0.0,1.3636754,0.77218884,0.0,0.0,0.0,1.7651925,1.4546995,0.5093646,0.23333058,0.0,0.86294335,0.0,1.2247269,0.0,0.7407993,1.69059,0.0,1.03389,0.27159262,1.4793837,0.0,0.033236496,11
B0626,0.0,0.0,0.0,0.0,0.0,1.0646881,0.0,1.2252352,1.1939843,0.0,0.0,0.9663075,0.545399,0.0,0.0,0.0,1.2416282,1.4149054,0.3852629,0.22127497,0.0,0.74063206,0.0,0.8294064,0.0,0.37400448,1.3153367,0.0,0.7261596,0.15159863,1.2263217,0.0,0.06086666,11
B0627,0.0,0.0,0.0,0.0,0.0,1.1797316,0.0,1.3765676,1.3614683,0.0,0.0,1.1668463,0.6503887,0.0,0.0,0.0,1.5476022,1.4756931,0.38656425,0.22984917,0.0,0.75917494,0.0,0.9695698,0.0,0.5752735,1.4151998,0.0,0.9236547,0.14975378,1.3842878,0.0,0.04323172,11
B0628,0.0,0.0,0.0,0.0,0.0,1.0248568,0.0,1.3514893,1.1761785,0.0,0.0,1.2783806,0.74546015,0.0,0.0,0.0,1.691109,1.30881,0.46959895,0.20184612,0.0,0.7979444,0.0,1.1544033,0.0,0.72426057,1.5926604,0.0,0.9017241,0.28339285,1.4160688,0.0,0.04052581,11
B0629,0.0,0.0,0.0,0.0,0.0,1.0465002,0.0,1.2514211,1.2966094,0.0,0.0,0.9605181,0.59137774,0.0,0.0,0.0,1.2935696,1.4714866,0.38085598,0.20765421,0.0,0.77160317,0.0,0.8039417,0.0,0.42306763,1.3293681,0.0,0.7759208,0.16608599,1.29526,0.0,0.056810908,11
B0630,0.0,0.0,0.0,0.0,0.0,1.2180622,0.0,1.2225437,1.2252103,0.0,0.0,1.2079583,0.5582549,0.0,0.0,0.0,1.3530709,1.569576,0.40568817,0.24878033,0.0,0.64510524,0.0,0.97836673,0.0,0.5567366,1.2859056,0.0,0.96123934,0.12634541,1.2597219,0.0,0.049072713,11
B0631,0.0,0.0,0.0,0.0,0.0,1.0646431,0.0,1.2831624,1.311069,0.0,0.0,1.0183525,0.6142322,0.0,0.0,0.0,1.3481841,1.4736209,0.38917822,0.21123534,0.0,0.7722091,0.0,0.8490908,0.0,0.4770292,1.3497853,0.0,0.8084178,0.17425543,1.3205438,0.0,0.0530912,11
B0632,0.0,0.0,0.0,0.0,0.0,1.220118,0.0,1.2806623,1.4012401,0.0,0.0,1.2198919,0.64927816,0.0,0.0,0.0,1.64992,1.4977019,0.401613,0.23186016,0.0,0.7690714,0.0,0.9656917,0.0,0.6310736,1.536947,0.0,0.94013524,0.14798892,1.5003362,0.0,0.039796464,11
B0633,0.0,0.0,0.0,0.0,0.0,1.1021906,0.0,1.399353,1.3268968,0.0,0.0,1.3650877,0.7971249,0.0,0.0,0.0,1.8501618,1.4253211,0.4993517,0.21384722,0.0,0.8574965,0.0,1.200389,0.0,0.8245357,1.6854208,0.0,1.0669739,0.27187166,1.5194588,0.0,0.03238661,11
B0634,0.0,0.0,0.0,0.0,0.0,0.9226495,0.0,1.2589247,1.1545987,0.0,0.0,0.8353038,0.52404505,0.0,0.0,0.0,1.0526601,1.411584,0.3689392,0.20407581,0.0,0.70264953,0.0,0.73276836,0.0,0.23441112,1.1474606,0.0,0.6131574,0.1709673,1.0767477,0.0,0.074831456,11
B0635,0.0,0.0,0.0,0.0,0.0,0.9567541,0.0,1.2000223,1.2687122,0.0,0.0,0.7207699,0.47656953,0.0,0.0,0.0,0.8916837,1.4304188,0.29644185,0.18465321,0.0,0.6831786,0.0,0.50917673,0.0,0.18746467,1.1919405,0.0,0.57764256,0.14751096,1.1488264,0.0,0.082263246,11
B0636,0.0,0.0,0.0,0.0,0.0,1.0173379,0.0,1.1635504,1.2264609,0.0,0.0,0.91905874,0.47300124,0.0,0.0,0.0,0.9825469,1.4484966,0.39201105,0.2232211,0.0,0.60471356,0.0,0.70562905,0.0,0.3042914,1.1550674,0.0,0.6857298,0.1342114,1.0683895,0.0,0.07396818,11
B0637,0.0,0.0,0.0,0.0,0.0,1.0902408,0.0,1.2720311,1.3340333,0.0,0.0,1.0224886,0.61515963,0.0,0.0,0.0,1.3960166,1.4880576,0.36132938,0.21183732,0.0,0.78597647,0.0,0.8325661,0.0,0.454862,1.3986758,0.0,0.78232,0.15746982,1.3556263,0.0,0.05172623,11
B0638,0.0,0.0,0.0,0.0,0.0,1.0968668,0.0,1.3935397,1.3376889,0.0,0.0,1.3652148,0.8035623,0.0,0.0,0.0,1.8643873,1.4482083,0.50130486,0.21469888,0.0,0.8703114,0.0,1.2112583,0.0,0.837175,1.6933241,0.0,1.0934769,0.27124807,1.5260024,0.0,0.03173395,11
B0639,0.0,0.0,0.0,0.0,0.0,1.2703865,0.0,1.2777325,1.3434572,0.0,0.0,1.2082076,0.5982363,0.0,0.0,0.0,1.5211406,1.5073755,0.40247273,0.24523464,0.0,0.7103458,0.0,0.9588965,0.0,0.58800364,1.4533504,0.0,0.94214857,0.1203676,1.4075196,0.0,0.04305986,11
B0640,0.0,0.0,0.0,0.0,0.0,1.1214508,0.0,1.3702185,1.400692,0.0,0.0,1.447581,0.8128208,0.0,0.0,0.0,1.9506135,1.5884012,0.50530505,0.21426295,0.0,0.8817703,0.0,1.2617464,0.0,0.8753904,1.7411122,0.0,1.1204476,0.26316753,1.5854571,0.0,0.028199805,11
B0641,0.0,0.0,0.0,0.0,0.0,0.889507,0.0,1.0767605,1.1577508,0.0,0.0,0.9254106,0.54641765,0.0,0.0,0.0,1.1943494,1.4270718,0.47600734,0.18661739,0.0,0.5945786,0.0,0.85139406,0.0,0.39065075,1.0797629,0.0,0.76295483,0.1769166,1.0971658,0.0,0.07062022,11
B0642,0.0,0.0,0.0,0.0,0.0,0.95110506,0.0,1.1360271,1.2711477,0.0,0.0,0.6501818,0.42155293,0.0,0.0,0.0,0.77704227,1.4245851,0.21514726,0.18047489,0.0,0.6352412,0.0,0.40173167,0.0,0.0814057,1.1192677,0.0,0.4466811,0.10239641,0.9948679,0.0,0.0964277,11
B0643,0.0,0.0,0.0,0.0,0.0,1.4588358,0.0,1.4944799,1.3361496,0.0,0.0,1.2520311,0.5123105,0.0,0.0,0.0,1.3751094,1.6344339,0.47684878,0.30950567,0.0,0.6590588,0.0,1.0753577,0.0,0.45560417,1.4171336,0.0,0.99037766,0.07413937,1.3437178,0.0,0.039574523,11
B0644,0.0,0.0,0.0,0.0,0.0,1.6638247,0.0,1.6835532,1.4525516,0.0,0.0,1.3365833,0.5559834,0.0,0.0,0.0,1.2808269,2.0949771,0.32155794,0.3517213,0.0,0.8485807,0.0,0.9732327,0.0,0.22752097,1.6329346,0.0,1.0891414,0.0,1.512749,0.0,0.0309238,11
B0645,0.0,0.0,0.0,0.0,0.0,1.1031158,0.0,1.4004245,1.3371714,0.0,0.0,1.3678682,0.8007307,0.0,0.0,0.0,1.8616439,1.4287715,0.50161517,0.21345799,0.0,0.86057687,0.0,1.2027452,0.0,0.831123,1.6887047,0.0,1.0742917,0.27199292,1.5264531,0.0,0.03202926,11
B0646,0.0,0.0,0.0,0.0,0.0,0.9465042,0.0,1.2410688,1.2708794,0.0,0.0,0.73769647,0.488746,0.0,0.0,0.0,0.9055859,1.443051,0.31656206,0.19215034,0.0,0.68975693,0.0,0.5429697,0.0,0.1996818,1.1987941,0.0,0.5930847,0.16010503,1.162904,0.0,0.07948966,11
B0647,0.0,0.0,0.0,0.0,0.0,1.0960914,0.0,1.3708073,1.2989686,0.0,0.0,1.3529081,0.7890647,0.0,0.0,0.0,1.8480954,1.4282765,0.5099925,0.21669783,0.0,0.8558825,0.0,1.2118778,0.0,0.793604,1.6750418,0.0,1.0578256,0.26693162,1.5031266,0.0,0.03306252,11
B0648,0.0,0.0,0.0,0.0,0.0,1.0783105,0.0,1.254175,1.2183253,0.0,0.0,1.1124184,0.5760862,0.0,0.0,0.0,1.4189922,1.3305547,0.4862179,0.22559007,0.0,0.634189,0.0,1.0208982,0.0,0.5599035,1.2848446,0.0,0.9202262,0.18132897,1.2396204,0.0,0.052447323,11
B0649,0.0,0.0,0.0,0.0,0.0,1.2543523,0.0,1.433471,1.2239436,0.0,0.0,1.1089244,0.46603057,0.0,0.0,0.0,1.0322417,1.5323217,0.48299146,0.286874,0.0,0.5893651,0.0,0.8822211,0.0,0.3028041,1.2367661,0.0,0.80286175,0.11926057,1.1191235,0.0,0.05732919,11
B0650,0.0,0.0,0.0,0.0,0.0,0.89351124,0.0,1.0932561,1.2690611,0.0,0.0,0.664683,0.4438272,0.0,0.0,0.0,0.76134384,1.4760596,0.32388693,0.18329298,0.0,0.65714246,0.0,0.45317376,0.0,0.11262773,1.1859658,0.0,0.49881208,0.15735535,1.0464251,0.0,0.092311084,11
B0651,0.0,0.0,0.0,0.0,0.0,0.8960239,0.0,1.1578046,1.2623283,0.0,0.0,0.6243014,0.42620015,0.0,0.0,0.0,0.7460254,1.4107766,0.2776847,0.17632735,0.0,0.63519716,0.0,0.40226582,0.0,0.12197971,1.1455039,0.0,0.5078312,0.14586669,1.0605452,0.0,0.09535987,11
B0652,0.0,0.0,0.0,0.0,0.0,1.0476012,0.0,1.2968986,1.3054017,0.0,0.0,1.3647103,0.78236616,0.0,0.0,0.0,1.8773165,1.5037191,0.4951744,0.19822383,0.0,0.83397377,0.0,1.2199733,0.0,0.8055402,1.6458232,0.0,1.0037441,0.2677493,1.4925091,0.0,0.033606768,11
B0653,0.0,0.0,0.0,0.0,0.0,1.1233284,0.0,1.4139397,1.3130808,0.0,0.0,1.37723,0.7993436,0.0,0.0,0.0,1.8398857,1.4567642,0.50887,0.22207582,0.0,0.86901397,0.0,1.2152097,0.0,0.8047556,1.697937,0.0,1.0729015,0.27091143,1.5247281,0.0,0.03173926,11
B0654,0.0,0.0,0.0,0.0,0.0,1.6516864,0.0,0.15400004,1.5270107,0.0,0.0,0.6227585,0.0,0.0033813566,0.0,0.0,0.0,1.4815235,0.0,0.2762654,0.0,0.0,0.0,0.0,0.0,0.0,0.95325494,0.0,0.16897464,0.0,1.1413856,0.0,0.15119573,11
B0655,0.0,0.0,0.0,0.0,0.0,0.99242693,0.0,1.3682053,1.2340262,0.0,0.0,1.2640262,0.75113237,0.0,0.0,0.0,1.7958027,1.3256917,0.50911224,0.19958597,0.0,0.829216,0.0,1.2053802,0.0,0.73708916,1.6332217,0.0,0.9545063,0.28295833,1.4690678,0.0,0.037497465,11
B0656,0.0,0.0,0.0,0.0,0.0,1.2153699,0.0,1.3024671,1.2073749,0.0,0.0,1.1330651,0.5172281,0.0,0.0,0.0,1.3024138,1.3777347,0.44107175,0.2533071,0.0,0.6339132,0.0,0.98781794,0.0,0.50967085,1.330493,0.0,0.8927362,0.13782838,1.2280014,0.0,0.052289948,11
B0657,0.0,0.0,0.0,0.0,0.0,1.1209524,0.0,1.414217,1.2756832,0.0,0.0,1.3656538,0.78303635,0.0,0.0,0.0,1.8065023,1.4630852,0.5210192,0.22736374,0.0,0.866801,0.0,1.2362003,0.0,0.74807966,1.6809204,0.0,1.0386813,0.27233908,1.495326,0.0,0.032690912,11
B0658,0.0,0.0,0.0,0.0,0.0,1.095501,0.0,1.236073,1.216342,0.0,0.0,0.9711496,0.48973918,0.0,0.0,0.0,1.0356445,1.4206133,0.40509775,0.23418543,0.0,0.61128676,0.0,0.7519717,0.0,0.33969453,1.1892127,0.0,0.73130256,0.14189781,1.0967067,0.0,0.068301536,11
B0659,0.0,0.0,0.0,0.0,0.0,0.85366386,0.0,1.079466,1.1371319,0.0,0.0,0.73225576,0.44823086,0.0,0.0,0.0,0.889112,1.4658884,0.3386474,0.19220424,0.0,0.65014493,0.0,0.6051766,0.0,0.15671533,1.0747851,0.0,0.5420777,0.13454962,1.0130396,0.0,0.08989284,11
B0660,0.0,0.0,0.0,0.0,0.0,1.038377,0.0,1.251123,1.2041008,0.0,0.0,0.9986795,0.57259375,0.0,0.0,0.0,1.2603722,1.4305516,0.40872192,0.22340825,0.0,0.7304382,0.0,0.8751042,0.0,0.4290135,1.2871675,0.0,0.8242441,0.17338148,1.2266047,0.0,0.05825225,11
B0661,0.0,0.0,0.0,0.0,0.0,0.89976746,0.0,1.0864034,1.2781429,0.0,0.0,0.66757166,0.4317425,0.0,0.0,0.0,0.75254387,1.5213323,0.25111488,0.17965035,0.0,0.64486665,0.0,0.43939966,0.0,0.08608633,1.1314785,0.0,0.47333062,0.13726817,1.0227638,0.0,0.09430746,11
B0662,0.0,0.0,0.0,0.0,0.0,1.0654926,0.0,1.2267767,1.202117,0.0,0.0,0.97192943,0.5327276,0.0,0.0,0.0,1.1279786,1.4960892,0.3657632,0.22332229,0.0,0.7064995,0.0,0.7674759,0.0,0.33332318,1.2253544,0.0,0.72584975,0.14198723,1.1761825,0.0,0.06435282,11
B0663,0.0,0.0,0.0,0.0,0.0,1.1445701,0.0,1.264241,1.2472727,0.0,0.0,1.0232747,0.5599026,0.0,0.0,0.0,1.3036739,1.4871404,0.3914591,0.23227623,0.0,0.7373483,0.0,0.8705803,0.0,0.3928194,1.3408688,0.0,0.7827251,0.13351066,1.282708,0.0,0.05462641,11
B0664,0.0,0.0,0.0,0.0,0.0,0.97603387,0.0,1.2187525,1.2919471,0.0,0.0,0.812947,0.521819,0.0,0.0,0.0,1.0240309,1.480201,0.31524876,0.1944524,0.0,0.7073821,0.0,0.6028291,0.0,0.24444896,1.2035706,0.0,0.6160652,0.14579977,1.1600084,0.0,0.07350066,11
B0665,0.0,0.0,0.0,0.0,0.0,1.0250604,0.0,1.144449,1.3094095,0.0,0.0,0.74228454,0.44916582,0.0,0.0,0.0,0.90836716,1.4198031,0.23107724,0.18475801,0.0,0.6291212,0.0,0.48238087,0.0,0.1974298,1.1668398,0.0,0.57103926,0.09592649,1.0818467,0.0,0.084095664,11
B0666,0.0,0.0,0.0,0.0,0.0,0.97885996,0.0,1.2008297,1.1797359,0.0,0.0,0.8761074,0.5356102,0.0,0.0,0.0,1.1750293,1.3433098,0.35181075,0.20753573,0.0,0.69459844,0.0,0.751408,0.0,0.29196554,1.1872177,0.0,0.6536028,0.14070088,1.0865985,0.0,0.07148443,11
B0667,0.0,0.0,0.0,0.0,0.0,1.2488645,0.0,1.3557389,1.2686801,0.0,0.0,1.0406597,0.5004241,0.0,0.0,0.0,1.1310318,1.4852847,0.33653855,0.25638947,0.0,0.64356816,0.0,0.78191197,0.0,0.34077126,1.2743328,0.0,0.7643633,0.086979724,1.1657219,0.0,0.058746334,11
B0668,0.0,0.0,0.0,0.0,0.0,0.97635686,0.0,1.1135664,1.1719747,0.0,0.0,0.89619017,0.51215947,0.0,0.0,0.0,1.0384445,1.5368522,0.32297772,0.2061884,0.0,0.68211424,0.0,0.6982293,0.0,0.28427666,1.1396021,0.0,0.65147024,0.1379631,1.0905062,0.0,0.074064866,11
B0669,0.0,0.0,0.0,0.0,0.0,1.0792243,0.0,1.4290047,1.1616293,0.0,0.0,1.3015983,0.7240077,0.0,0.0,0.0,1.6999362,1.4429119,0.52098656,0.24402077,0.0,0.8345542,0.0,1.2530739,0.0,0.6064101,1.6097188,0.0,0.9971806,0.25495335,1.4125121,0.0,0.03675498,11
B0670,0.0,0.0,0.0,0.0,0.0,0.9545408,0.0,1.203002,1.1580145,0.0,0.0,0.7357468,0.46325076,0.0,0.0,0.0,0.8263683,1.4255338,0.3400576,0.20152046,0.0,0.6873379,0.0,0.5603956,0.0,0.1308004,1.1588368,0.0,0.55991536,0.1598679,1.0605681,0.0,0.08591515,11
B0671,0.0,0.0,0.0,0.0,0.0,1.0443509,0.0,1.2366445,1.2000359,0.0,0.0,0.9729908,0.5179347,0.0,0.0,0.0,1.1711836,1.38729,0.41789687,0.22732449,0.0,0.6568725,0.0,0.823799,0.0,0.3723073,1.22277,0.0,0.7384104,0.15541002,1.1349883,0.0,0.06472227,11
B0672,0.0,0.0,0.0,0.0,0.0,1.1217598,0.0,1.2307049,1.1977186,0.0,0.0,0.9378246,0.51097846,0.0,0.0,0.0,1.0910962,1.4859164,0.32144943,0.23279709,0.0,0.70709634,0.0,0.7455994,0.0,0.2834345,1.2726188,0.0,0.72893953,0.11018092,1.1716181,0.0,0.0651601,11
B0673,0.0,0.0,0.0,0.0,0.0,0.9772987,0.0,1.1278667,1.2418725,0.0,0.0,0.8361417,0.4504005,0.0,0.0,0.0,0.8593234,1.7879273,0.29320103,0.21182732,0.0,0.71708894,0.0,0.6457625,0.0,0.10929561,1.1810591,0.0,0.5802881,0.10613616,1.0545802,0.0,0.0759614,11
B0674,0.0,0.0,0.0,0.0,0.0,0.7562881,0.0,0.11019671,1.1247587,0.0,0.0,0.57361615,0.18310985,0.0,0.0,0.0,0.5335454,1.509938,0.0,0.1732806,0.0,0.3651148,0.0,0.2731074,0.0,0.0,0.75150704,0.0,0.16957542,0.0,0.8725061,0.0,0.16458397,11
B0675,0.0,0.0,0.0,0.0,0.0,0.8393974,0.0,0.2644508,1.0303986,0.0,0.0,0.66030717,0.16137317,0.0,0.0,0.0,0.50416934,1.6367044,0.0,0.20853117,0.0,0.38959554,0.0,0.33995432,0.0,0.0,0.80215544,0.0,0.22288752,0.0,0.8516733,0.0,0.15022911,11
B0676,0.0,0.0,0.0,0.0,0.0,0.94301796,0.0,1.1356993,1.3045706,0.0,0.0,0.64649767,0.429335,0.0,0.0,0.0,0.8254311,1.4412282,0.21943331,0.17882688,0.0,0.6410911,0.0,0.42134118,0.0,0.116263926,1.1357529,0.0,0.5214636,0.10110665,1.0418838,0.0,0.092004135,11
B0677,0.0,0.0,0.0,0.0,0.0,1.2279176,0.0,1.278741,1.3363693,0.0,0.0,1.1567054,0.60168236,0.0,0.0,0.0,1.5479467,1.4584846,0.401267,0.24066053,0.0,0.7224488,0.0,0.973743,0.0,0.54698116,1.424155,0.0,0.928557,0.11273325,1.3597968,0.0,0.044683922,11
B0678,0.0,0.0,0.0,0.0,0.0,1.0508668,0.0,1.3528318,1.2174857,0.0,0.0,1.3029317,0.74928474,0.0,0.0,0.0,1.7662377,1.3535125,0.5086987,0.21560203,0.0,0.82757354,0.0,1.1988814,0.0,0.7232858,1.6389201,0.0,0.97168684,0.2719448,1.438669,0.0,0.03723295,11
B0679,0.0,0.0,0.0,0.0,0.0,0.9682762,0.0,1.2740358,1.1444942,0.0,0.0,0.8906893,0.5465896,0.0,0.0,0.0,1.121244,1.3472188,0.35902092,0.20743823,0.0,0.72870636,0.0,0.79776704,0.0,0.32301137,1.2334507,0.0,0.6634988,0.1819781,1.1399093,0.0,0.06895146,11
B0680,0.0,0.0,0.0,0.0,0.0,0.7615609,0.0,0.17601514,1.0254152,0.0,0.0,0.6174129,0.16373569,0.0,0.0,0.0,0.51534444,1.5745692,0.0,0.19390495,0.0,0.36152643,0.0,0.30948317,0.0,0.0,0.78562564,0.0,0.16374618,0.0,0.8288094,0.0,0.16128488,11
B0681,0.0,0.0,0.0,0.0,0.0,0.90218633,0.0,1.1701185,1.3537166,0.0,0.0,0.56166804,0.4012916,0.0,0.0,0.0,0.6480871,1.4611291,0.2622636,0.16922325,0.0,0.6409501,0.0,0.28948623,0.0,0.045470864,1.2303638,0.0,0.4551794,0.14132208,1.1060956,0.0,0.09771061,11
B0682,0.0,0.0,0.0,0.0,0.0,0.9012544,0.0,0.37860882,1.121764,0.0,0.0,0.70149976,0.23617142,0.0,0.0,0.0,0.52041113,1.3370326,0.08144492,0.2063459,0.0,0.16818744,0.0,0.18511575,0.0,0.23022428,0.89622647,0.0,0.49742386,0.0,1.0124968,0.0,0.14260015,11
B0683,0.0,0.0,0.0,0.0,0.0,1.0745457,0.0,1.363929,1.2635905,0.0,0.0,1.33075,0.7713793,0.0,0.0,0.0,1.7861011,1.3723586,0.49419564,0.21369405,0.0,0.83792853,0.0,1.1841204,0.0,0.7813728,1.658592,0.0,1.0090561,0.2722281,1.4607389,0.0,0.035573933,11
B0684,0.0,0.0,0.0,0.0,0.0,1.0608557,0.0,1.3282294,1.2618803,0.0,0.0,1.3433659,0.76030886,0.0,0.0,0.0,1.8211384,1.4351698,0.50738454,0.21864869,0.0,0.8429539,0.0,1.2241347,0.0,0.771159,1.683985,0.0,1.0139837,0.26680338,1.4474044,0.0,0.034653228,11
B0685,0.0,0.0,0.0,0.0,0.0,0.90435874,0.0,1.2203501,1.2318277,0.0,0.0,0.7197708,0.48327968,0.0,0.0,0.0,0.8919369,1.410146,0.33097827,0.19788007,0.0,0.66305345,0.0,0.54334736,0.0,0.18211348,1.1509826,0.0,0.5537646,0.15585114,1.0779655,0.0,0.084600374,11
B0686,0.0,0.0,0.0,0.0,0.0,1.2898014,0.0,1.3354182,1.2857295,0.0,0.0,1.1994214,0.5772304,0.0,0.0,0.0,1.4454616,1.5080011,0.40260756,0.25725856,0.0,0.7153121,0.0,0.9728668,0.0,0.5300391,1.4492767,0.0,0.90590787,0.12020658,1.3649747,0.0,0.044305757,11
B0687,0.0,0.0,0.0,0.0,0.0,0.87589645,0.0,0.20234448,1.0806413,0.0,0.0,0.6863282,0.14455298,0.0,0.0,0.0,0.62410307,1.5863042,0.0,0.20894298,0.0,0.35172805,0.0,0.3163824,0.0,0.0,0.86333424,0.0,0.2506562,0.0,0.89626014,0.0,0.14540365,11
B0688,0.0,0.0,0.0,0.0,0.0,1.0992681,0.0,1.3995644,1.2688518,0.0,0.0,1.3688751,0.78354466,0.0,0.0,0.0,1.7705843,1.3952649,0.48704106,0.21184906,0.0,0.83703315,0.0,1.1840606,0.0,0.79687774,1.6717031,0.0,0.9800518,0.2862525,1.4840951,0.0,0.034651265,11
B0689,0.0,0.0,0.0,0.0,0.0,1.0486314,0.0,1.3703482,1.2304637,0.0,0.0,1.323667,0.7609412,0.0,0.0,0.0,1.7509191,1.3496609,0.49440935,0.21156189,0.0,0.83007336,0.0,1.1930612,0.0,0.76053035,1.6592431,0.0,0.964764,0.2838172,1.4418478,0.0,0.036845524,11
B0690,0.0,0.0,0.0,0.0,0.0,0.94108164,0.0,1.202475,1.2794262,0.0,0.0,0.64064556,0.42628527,0.0,0.0,0.0,0.70263827,1.4589262,0.27875298,0.18382747,0.0,0.66550577,0.0,0.38846675,0.0,0.06540546,1.1998515,0.0,0.49839854,0.14485788,1.0912925,0.0,0.092388146,11
B0691,0.0,0.0,0.0,0.0,0.0,1.1029966,0.0,1.3990331,1.3335073,0.0,0.0,1.367834,0.79887617,0.0,0.0,0.0,1.8579962,1.4305942,0.50032353,0.2138322,0.0,0.8595254,0.0,1.2020745,0.0,0.8288988,1.6885238,0.0,1.0725081,0.27118078,1.5245281,0.0,0.03211995,11
B0692,0.0,0.0,0.0,0.0,0.0,1.1054003,0.0,1.4031428,1.330878,0.0,0.0,1.3764628,0.799135,0.0,0.0,0.0,1.8489382,1.4410521,0.49954125,0.21406998,0.0,0.85823226,0.0,1.2043594,0.0,0.82846487,1.6897306,0.0,1.0604265,0.27498943,1.5293097,0.0,0.03204662,11
B0693,0.0,0.0,0.0,0.0,0.0,0.9418339,0.0,1.2377694,1.289139,0.0,0.0,0.7370106,0.49453655,0.0,0.0,0.0,0.92843974,1.4414622,0.32002085,0.19039342,0.0,0.69187,0.0,0.547717,0.0,0.21382423,1.2075405,0.0,0.5999929,0.1622282,1.1775365,0.0,0.07835364,11
B0694,0.0,0.0,0.0,0.0,0.0,1.2243052,0.0,1.4059234,1.2660267,0.0,0.0,1.1442318,0.58081824,0.0,0.0,0.0,1.3813537,1.4678226,0.3788338,0.25278026,0.0,0.697165,0.0,0.95525396,0.0,0.47197896,1.3366878,0.0,0.87857324,0.12297492,1.268594,0.0,0.048377763,11
B0695,0.0,0.0,0.0,0.0,0.0,1.1043017,0.0,1.4027557,1.3309383,0.0,0.0,1.3660821,0.7984181,0.0,0.0,0.0,1.8540037,1.427031,0.5010084,0.21449661,0.0,0.8596284,0.0,1.2016733,0.0,0.8255666,1.6874739,0.0,1.071614,0.27154747,1.5230029,0.0,0.032195095,11
B0696,0.0,0.0,0.0,0.0,0.0,1.0273483,0.0,1.083535,1.3489383,0.0,0.0,0.95099694,0.5861699,0.0,0.0,0.0,1.2990319,1.4924111,0.32097393,0.19092289,0.0,0.72350395,0.0,0.73424184,0.0,0.42235437,1.297777,0.0,0.7341584,0.1467011,1.2549548,0.0,0.06114673,11
B0697,0.0,0.0,0.0,0.0,0.0,0.9539422,0.0,1.1635973,1.1407322,0.0,0.0,0.85356367,0.46352604,0.0,0.0,0.0,0.9798462,1.3370571,0.40669015,0.22347642,0.0,0.5903941,0.0,0.70311743,0.0,0.26151842,1.0987161,0.0,0.6195802,0.14113921,0.9851958,0.0,0.08163592,11
B0698,0.0,0.0,0.0,0.0,0.0,1.2169573,0.0,1.5357935,1.2861438,0.0,0.0,1.426322,0.7806245,0.0,0.0,0.0,1.79585,1.6266158,0.54805577,0.27270716,0.0,0.91387093,0.0,1.3023078,0.0,0.69288105,1.7458413,0.0,1.131651,0.25433686,1.5164579,0.0,0.028359292,11
B0699,0.0,0.0,0.0,0.0,0.0,0.9365724,0.0,1.1414968,1.2725766,0.0,0.0,0.8862247,0.49618262,0.0,0.0,0.0,1.0592678,1.3671775,0.36846274,0.2151576,0.0,0.5667058,0.0,0.67457736,0.0,0.36453834,1.141689,0.0,0.65633,0.14020877,1.00658,0.0,0.07686386,11
B0700,0.0,0.0,0.0,0.0,0.0,1.0483549,0.0,1.2540455,1.3026927,0.0,0.0,0.9669845,0.5936108,0.0,0.0,0.0,1.291509,1.4688604,0.37474257,0.20345524,0.0,0.767142,0.0,0.79616326,0.0,0.4291674,1.3327904,0.0,0.7610861,0.17033386,1.3033122,0.0,0.056823716,11
B0701,0.0,0.0,0.0,0.0,0.0,0.9098555,0.0,1.1722381,1.3055019,0.0,0.0,0.5747124,0.40375188,0.0,0.0,0.0,0.6614734,1.4315964,0.26802915,0.17140731,0.0,0.64339876,0.0,0.32153365,0.0,0.04700291,1.2046819,0.0,0.46413845,0.14251117,1.0819223,0.0,0.098243,11
B0702,0.0,0.0,0.0,0.0,0.0,1.1097596,0.0,1.3876398,1.3498828,0.0,0.0,1.3850863,0.80962586,0.0,0.0,0.0,1.887285,1.4570994,0.5122316,0.21432404,0.0,0.86771786,0.0,1.2161012,0.0,0.8368194,1.6939043,0.0,1.0760789,0.2742769,1.5462453,0.0,0.031175552,11
B0703,0.0,0.0,0.0,0.0,0.0,0.98306274,0.0,1.2323029,1.2585692,0.0,0.0,0.8185884,0.52375734,0.0,0.0,0.0,1.0353167,1.4419346,0.33998936,0.19400217,0.0,0.7173228,0.0,0.64695585,0.0,0.28688747,1.2337209,0.0,0.66121495,0.16721028,1.2059901,0.0,0.07128206,11
B0704,0.0,0.0,0.0,0.0,0.0,1.0089419,0.0,1.2456219,1.280644,0.0,0.0,0.82696664,0.52945226,0.0,0.0,0.0,1.0667183,1.4541357,0.3301754,0.19467391,0.0,0.7336292,0.0,0.6468727,0.0,0.28736308,1.2665663,0.0,0.66732615,0.15897468,1.2406074,0.0,0.068722375,11
B0705,0.0,0.0,0.0,0.0,0.0,1.1530299,0.0,1.2475,1.2281696,0.0,0.0,1.1257306,0.57944953,0.0,0.0,0.0,1.4786675,1.3439578,0.39553237,0.23238987,0.0,0.7173358,0.0,0.9608138,0.0,0.53363377,1.4492872,0.0,0.8222939,0.1426531,1.3101542,0.0,0.050020237,11
B0706,0.0,0.0,0.0,0.0,0.0,1.0354421,0.0,1.2457424,1.198271,0.0,0.0,0.87458533,0.51699156,0.0,0.0,0.0,1.034625,1.4708799,0.34328675,0.21636418,0.0,0.7260834,0.0,0.70285374,0.0,0.25021696,1.2311215,0.0,0.6622513,0.14741896,1.1448838,0.0,0.069918536,11
B0707,0.0,0.0,0.0,0.0,0.0,1.1243358,0.0,1.258254,1.2606144,0.0,0.0,1.0335234,0.5570947,0.0,0.0,0.0,1.2551286,1.4708937,0.39717507,0.2308166,0.0,0.6981163,0.0,0.84961003,0.0,0.43581146,1.2909409,0.0,0.836196,0.14339098,1.2461207,0.0,0.056220658,11
B0708,0.0,0.0,0.0,0.0,0.0,1.0108192,0.0,1.3181007,1.1758645,0.0,0.0,1.2627585,0.73161054,0.0,0.0,0.0,1.7357906,1.3038124,0.48817855,0.20710255,0.0,0.800069,0.0,1.1765655,0.0,0.70520246,1.6051068,0.0,0.9352461,0.2683396,1.3848474,0.0,0.04042395,11
B0709,0.0,0.0,0.0,0.0,0.0,1.2567124,0.0,1.2774599,1.3922577,0.0,0.0,1.2190876,0.6195684,0.0,0.0,0.0,1.5972698,1.4921932,0.368245,0.2380394,0.0,0.7397504,0.0,0.93018174,0.0,0.59323424,1.5212145,0.0,0.9072957,0.12345959,1.4683664,0.0,0.041533485,11
B0710,0.0,0.0,0.0,0.0,0.0,1.0491601,0.0,1.2477905,1.1759408,0.0,0.0,0.88344705,0.46911067,0.0,0.0,0.0,0.89509714,1.4342196,0.39016652,0.22925939,0.0,0.6337313,0.0,0.67759794,0.0,0.2319343,1.1811706,0.0,0.68922347,0.14788385,1.0548706,0.0,0.07546234,11
B0711,0.0,0.0,0.0,0.0,0.0,1.0782738,0.0,1.3523974,1.19701,0.0,0.0,1.3081834,0.7471596,0.0,0.0,0.0,1.7099116,1.3678871,0.48169562,0.22725661,0.0,0.809707,0.0,1.1759163,0.0,0.72246516,1.6244621,0.0,0.9921024,0.26880598,1.4034617,0.0,0.038069423,11
B0712,0.0,0.0,0.0,0.0,0.0,1.2163808,0.0,1.2557832,1.3587706,0.0,0.0,1.0064312,0.52123743,0.0,0.0,0.0,1.2212664,1.4684492,0.265828,0.22100767,0.0,0.6506841,0.0,0.7105235,0.0,0.36598969,1.298155,0.0,0.75529015,0.07487349,1.2482378,0.0,0.058997765,11
B0713,0.0,0.0,0.0,0.0,0.0,1.1042767,0.0,1.4041033,1.3294775,0.0,0.0,1.3653028,0.7980225,0.0,0.0,0.0,1.8519422,1.4280056,0.5012637,0.21477218,0.0,0.8597831,0.0,1.2028261,0.0,0.8241942,1.6875534,0.0,1.0720651,0.27187973,1.522284,0.0,0.032202918,11
B0714,0.0,0.0,0.0,0.0,0.0,1.2682616,0.0,1.2975419,1.407192,0.0,0.0,1.2182939,0.6193389,0.0,0.0,0.0,1.591175,1.5066854,0.36116436,0.23984168,0.0,0.7346902,0.0,0.92924905,0.0,0.5879318,1.5037606,0.0,0.9191392,0.115110815,1.4630523,0.0,0.041262668,11
B0715,0.0,0.0,0.0,0.0,0.0,1.1027473,0.0,1.3971524,1.3297114,0.0,0.0,1.3646173,0.79694706,0.0,0.0,0.0,1.8527461,1.4227965,0.50057864,0.2143487,0.0,0.8579067,0.0,1.1983259,0.0,0.82522535,1.6858332,0.0,1.0668836,0.27086082,1.5199771,0.0,0.032389298,11
B0716,0.0,0.0,0.0,0.0,0.0,1.1784377,0.0,1.4912612,1.3501506,0.0,0.0,1.4263637,0.8143939,0.0,0.0,0.0,1.8518605,1.5682684,0.5179126,0.23659249,0.0,0.9041225,0.0,1.2489169,0.0,0.8140271,1.7405206,0.0,1.1220561,0.2732591,1.5822587,0.0,0.028379822,11
B0717,0.0,0.0,0.0,0.0,0.0,1.1030253,0.0,1.4006807,1.332226,0.0,0.0,1.365166,0.7985766,0.0,0.0,0.0,1.856442,1.426135,0.501364,0.21415272,0.0,0.8595313,0.0,1.2016274,0.0,0.82643366,1.6868436,0.0,1.0724813,0.27124155,1.5230367,0.0,0.03220095,11
B0718,0.0,0.0,0.0,0.0,0.0,0.88361466,0.0,1.1977122,1.3584154,0.0,0.0,0.47359967,0.35917252,0.0,0.0,0.0,0.49837768,1.4207077,0.26614386,0.16661318,0.0,0.61672044,0.0,0.217736,0.0,0.016945988,1.3002996,0.0,0.44162256,0.15309075,1.0866088,0.0,0.104839236,11
B0719,0.0,0.0,0.0,0.0,0.0,0.8873459,0.0,1.1670625,1.180527,0.0,0.0,0.858903,0.4939201,0.0,0.0,0.0,0.9652969,1.3121728,0.3695317,0.21326219,0.0,0.55745745,0.0,0.6923005,0.0,0.35855043,1.1003375,0.0,0.66661066,0.16698548,0.9532453,0.0,0.08231252,11
B0720,0.0,0.0,0.0,0.0,0.0,0.9071933,0.0,1.1755831,1.1870283,0.0,0.0,0.83383393,0.52904063,0.0,0.0,0.0,1.0422893,1.478445,0.3860359,0.19711068,0.0,0.7016324,0.0,0.70955795,0.0,0.27449605,1.1723993,0.0,0.6111029,0.18969917,1.1658882,0.0,0.07379488,11
B0721,0.0,0.0,0.0,0.0,0.0,1.0770897,0.0,1.1575502,1.1563121,0.0,0.0,1.0338825,0.47100165,0.0,0.0,0.0,1.0914767,1.307944,0.4838249,0.23336624,0.0,0.5190662,0.0,0.8316904,0.0,0.4624396,1.1478827,0.0,0.79710805,0.15806341,1.0580896,0.0,0.06902858,11
B0722,0.0,0.0,0.0,0.0,0.0,1.3568087,0.0,1.4675624,1.3036387,0.0,0.0,1.2314856,0.46215856,0.0,0.0,0.0,1.1038734,1.5227305,0.57630897,0.31314155,0.0,0.5283712,0.0,0.9623152,0.0,0.45330697,1.3349862,0.0,0.974302,0.12277294,1.143295,0.0,0.048934396,11
B0723,0.0,0.0,0.0,0.0,0.0,1.3166988,0.0,1.3351157,1.3606527,0.0,0.0,1.2264541,0.59794074,0.0,0.0,0.0,1.5525911,1.5497844,0.37317634,0.26038945,0.0,0.75696415,0.0,0.95652443,0.0,0.52389395,1.5406257,0.0,0.90042704,0.10518285,1.4535034,0.0,0.04056765,11
B0724,0.0,0.0,0.0,0.0,0.0,1.56745,0.0,1.478118,1.4838793,0.0,0.0,1.1363611,0.35572094,0.0,0.0,0.0,1.0329217,1.6357207,0.3643604,0.31013712,0.0,0.5078095,0.0,0.7551115,0.0,0.3207329,1.4125865,0.0,0.88242227,0.0,1.3404751,0.0,0.04865143,11
B0725,0.0,0.0,0.0,0.0,0.0,0.89847016,0.0,1.2050452,1.1336367,0.0,0.0,0.8168905,0.52324045,0.0,0.0,0.0,1.1099342,1.2979611,0.3702653,0.19295308,0.0,0.7013854,0.0,0.73085254,0.0,0.27314344,1.1871934,0.0,0.59882516,0.1791356,1.1277164,0.0,0.07617778,11
B0726,0.0,0.0,0.0,0.0,0.0,0.98988825,0.0,1.2166642,1.21281,0.0,0.0,0.78806126,0.47492677,0.0,0.0,0.0,0.90145475,1.4467757,0.29807556,0.20992894,0.0,0.66849345,0.0,0.5803641,0.0,0.16415665,1.1432534,0.0,0.5797756,0.12598953,1.0329218,0.0,0.08187954,11
B0727,0.0,0.0,0.0,0.0,0.0,1.1025138,0.0,1.4001968,1.3337504,0.0,0.0,1.366429,0.7995788,0.0,0.0,0.0,1.8575891,1.426681,0.5008732,0.21356136,0.0,0.8596091,0.0,1.2015419,0.0,0.82875764,1.6870909,0.0,1.0718741,0.27190655,1.5242411,0.0,0.03216629,11
B0728,0.0,0.0,0.0,0.0,0.0,1.1692255,0.0,1.1938376,1.2835505,0.0,0.0,1.0871099,0.5767842,0.0,0.0,0.0,1.3671861,1.6580185,0.36147192,0.2321307,0.0,0.769229,0.0,0.86501604,0.0,0.43399045,1.3464565,0.0,0.8705814,0.10528596,1.3208925,0.0,0.05028942,11
B0729,0.0,0.0,0.0,0.0,0.0,1.1012402,0.0,1.3932939,1.3327757,0.0,0.0,1.3607328,0.7980141,0.0,0.0,0.0,1.863858,1.4328253,0.50536406,0.2152464,0.0,0.8632223,0.0,1.2061806,0.0,0.82249916,1.685519,0.0,1.0806895,0.26882556,1.5244901,0.0,0.03210074,11
B0730,0.0,0.0,0.0,0.0,0.0,1.316737,0.0,1.3096261,1.423548,0.0,0.0,1.2374334,0.6154911,0.0,0.0,0.0,1.6155739,1.5548522,0.3586398,0.25300568,0.0,0.7488961,0.0,0.93641114,0.0,0.5551002,1.5461243,0.0,0.9225292,0.09593145,1.4917359,0.0,0.039327074,11
B0731,0.0,0.0,0.0,0.0,0.0,1.2198067,0.0,1.2935778,1.3806746,0.0,0.0,1.2106551,0.64317805,0.0,0.0,0.0,1.6269959,1.4916716,0.39299408,0.2345436,0.0,0.7692131,0.0,0.96254003,0.0,0.60542846,1.5291604,0.0,0.9225575,0.14490682,1.4800277,0.0,0.04063073,11
B0732,0.0,0.0,0.0,0.0,0.0,0.9501823,0.0,1.2314705,1.2527599,0.0,0.0,0.7395832,0.48585433,0.0,0.0,0.0,0.906903,1.4323168,0.33256537,0.19138914,0.0,0.69075763,0.0,0.55657554,0.0,0.21170904,1.1977429,0.0,0.6062567,0.1677515,1.1698964,0.0,0.07932559,11
B0733,0.0,0.0,0.0,0.0,0.0,1.1076486,0.0,1.2686563,1.3394985,0.0,0.0,1.0560081,0.6214471,0.0,0.0,0.0,1.4390147,1.4919598,0.37196207,0.21564785,0.0,0.78315914,0.0,0.8571657,0.0,0.48710367,1.414789,0.0,0.8139363,0.15642023,1.3795925,0.0,0.04959738,11
B0734,0.0,0.0,0.0,0.0,0.0,0.9121128,0.0,1.2605457,1.4128678,0.0,0.0,0.50145876,0.3753421,0.0,0.0,0.0,0.53634673,1.4735978,0.26825443,0.17672552,0.0,0.6368588,0.0,0.23679918,0.0,0.02054593,1.3268903,0.0,0.4643528,0.14969821,1.1363223,0.0,0.09724059,11
B0735,0.0,0.0,0.0,0.0,0.0,1.1574059,0.0,1.2898632,1.2763393,0.0,0.0,1.0564221,0.57882917,0.0,0.0,0.0,1.3208414,1.5168322,0.37306255,0.23242511,0.0,0.7493274,0.0,0.8560156,0.0,0.40801346,1.3654068,0.0,0.7873857,0.13337791,1.3035818,0.0,0.052611705,11
B0736,0.0,0.0,0.0,0.0,0.0,1.0006909,0.0,1.2577751,1.2398993,0.0,0.0,0.88403267,0.5518539,0.0,0.0,0.0,1.1264596,1.4327958,0.37302786,0.2027419,0.0,0.737802,0.0,0.73805726,0.0,0.34819752,1.263063,0.0,0.70758474,0.18132879,1.2314959,0.0,0.06534551,11
B0737,0.0,0.0,0.0,0.0,0.0,0.96093214,0.0,1.3144178,1.2634916,0.0,0.0,0.93117845,0.5632389,0.0,0.0,0.0,1.1509143,1.441312,0.361534,0.21836764,0.0,0.67798144,0.0,0.77513254,0.0,0.3274086,1.1744235,0.0,0.71036774,0.16317098,1.1245096,0.0,0.06581287,11
B0738,0.0,0.0,0.0,0.0,0.0,1.0083293,0.0,1.2622625,1.1965814,0.0,0.0,0.8208287,0.50307685,0.0,0.0,0.0,0.97431755,1.4659297,0.3295239,0.2127639,0.0,0.72910476,0.0,0.6480613,0.0,0.1873363,1.2142707,0.0,0.6069307,0.14555518,1.1170783,0.0,0.0743744,11
B0739,0.0,0.0,0.0,0.0,0.0,1.2491715,0.0,1.1073419,1.352182,0.0,0.0,1.3499973,0.64657307,0.0,0.0,0.0,1.723148,1.8377017,0.36352047,0.24212712,0.0,0.7938317,0.0,1.0409257,0.0,0.6402749,1.5242509,0.0,0.9821955,0.100579396,1.5130703,0.0,0.036100317,11
B0740,0.0,0.0,0.0,0.0,0.0,0.9167429,0.0,1.1857754,1.1927702,0.0,0.0,0.80585325,0.51666373,0.0,0.0,0.0,1.0083088,1.4002408,0.38805968,0.19659005,0.0,0.6841934,0.0,0.6668877,0.0,0.27842912,1.1625351,0.0,0.65026593,0.1808459,1.108506,0.0,0.07696812,11
B0741,0.0,0.0,0.0,0.0,0.0,1.2833405,0.0,1.3960439,1.3111366,0.0,0.0,1.210316,0.524856,0.0,0.0,0.0,1.3387266,1.4957021,0.515302,0.29311025,0.0,0.59701854,0.0,1.031609,0.0,0.5364188,1.3163292,0.0,1.0601782,0.11757937,1.2400608,0.0,0.045458544,11
B0742,0.0,0.0,0.0,0.0,0.0,1.1248878,0.0,1.2568758,1.303186,0.0,0.0,1.0175323,0.57458115,0.0,0.0,0.0,1.2976675,1.5079067,0.3521358,0.22099912,0.0,0.75152725,0.0,0.8034195,0.0,0.40986103,1.3631731,0.0,0.7863806,0.13922206,1.3083954,0.0,0.054629903,11
B0743,0.0,0.0,0.0,0.0,0.0,1.0898492,0.0,1.3734254,1.2470225,0.0,0.0,1.3264768,0.76317155,0.0,0.0,0.0,1.7795908,1.400708,0.5028539,0.22494315,0.0,0.84793913,0.0,1.1994057,0.0,0.75186247,1.6580212,0.0,1.0309858,0.26321924,1.4455819,0.0,0.035250083,11
B0744,0.0,0.0,0.0,0.0,0.0,1.1179155,0.0,1.4047989,1.2991643,0.0,0.0,1.3592569,0.790084,0.0,0.0,0.0,1.8345866,1.4520622,0.51331794,0.22561163,0.0,0.8668872,0.0,1.2190381,0.0,0.7826865,1.6852729,0.0,1.0792366,0.2650982,1.5083838,0.0,0.032286312,11
B0745,0.0,0.0,0.0,0.0,0.0,0.93508196,0.0,1.1997291,1.2034807,0.0,0.0,0.78334516,0.49305874,0.0,0.0,0.0,1.0013621,1.4447525,0.32359254,0.20116127,0.0,0.696616,0.0,0.62911505,0.0,0.1628091,1.1346356,0.0,0.54909736,0.13152787,1.0511589,0.0,0.08021078,11
B0746,0.0,0.0,0.0,0.0,0.0,1.2061992,0.0,1.2864109,1.3044927,0.0,0.0,1.1439259,0.60452783,0.0,0.0,0.0,1.589327,1.4701941,0.46414417,0.2484661,0.0,0.75570345,0.0,1.0403949,0.0,0.5511533,1.45607,0.0,1.0026289,0.12840988,1.3795518,0.0,0.04260058,11
B0747,0.0,0.0,0.0,0.0,0.0,0.9621076,0.0,1.1510153,1.2716829,0.0,0.0,0.8763919,0.51460105,0.0,0.0,0.0,1.0124415,1.4397072,0.37892902,0.20379153,0.0,0.6347477,0.0,0.6493355,0.0,0.34427547,1.1545392,0.0,0.69675016,0.16455644,1.1131984,0.0,0.07418337,11
B0748,0.0,0.0,0.0,0.0,0.0,1.1365025,0.0,1.3832667,1.2905263,0.0,0.0,1.4093554,0.7752749,0.0,0.0,0.0,1.8205446,1.5467244,0.4826482,0.22645603,0.0,0.8493117,0.0,1.2091858,0.0,0.7859248,1.6784334,0.0,1.0448203,0.25406265,1.4872925,0.0,0.032082807,11
B0749,0.0,0.0,0.0,0.0,0.0,1.1019541,0.0,1.4006462,1.3281465,0.0,0.0,1.3650879,0.7976696,0.0,0.0,0.0,1.8506453,1.424605,0.49997526,0.21393779,0.0,0.8578452,0.0,1.2009282,0.0,0.8250767,1.6855714,0.0,1.0676539,0.2722878,1.5198193,0.0,0.032356407,11
B0750,0.0,0.0,0.0,0.0,0.0,0.8096508,0.0,1.0165964,1.1709862,0.0,0.0,0.7009853,0.4513535,0.0,0.0,0.0,0.8630383,1.2358204,0.43774524,0.18270752,0.0,0.5660266,0.0,0.5489399,0.0,0.33430296,1.0940155,0.0,0.58284473,0.17970346,0.9764913,0.0,0.096318945,11
B0751,0.0,0.0,0.0,0.0,0.0,1.0850515,0.0,1.361711,1.3630643,0.0,0.0,1.4509077,0.7851794,0.0,0.0,0.0,1.952457,1.768018,0.52483714,0.2152268,0.0,0.85673,0.0,1.3335646,0.0,0.7887815,1.6445788,0.0,1.0513415,0.25879255,1.5274019,0.0,0.028391857,11
B0752,0.0,0.0,0.0,0.0,0.0,1.3410408,0.0,1.3521498,1.351202,0.0,0.0,1.2514324,0.60603404,0.0,0.0,0.0,1.5731508,1.6059874,0.41527918,0.2721888,0.0,0.78082883,0.0,1.0003638,0.0,0.52783585,1.5748749,0.0,0.9468101,0.11049749,1.4846123,0.0,0.03800813,11
B0753,0.0,0.0,0.0,0.0,0.0,0.9579798,0.0,1.1694809,1.2332116,0.0,0.0,0.7372651,0.4660902,0.0,0.0,0.0,0.86506474,1.4915355,0.28168553,0.18980803,0.0,0.6779687,0.0,0.5055007,0.0,0.14821942,1.1554195,0.0,0.54512745,0.1317658,1.1035938,0.0,0.08457057,11
B0754,0.0,0.0,0.0,0.0,0.0,1.0634668,0.0,1.2813684,1.30124,0.0,0.0,1.0121471,0.6056007,0.0,0.0,0.0,1.3230112,1.4709802,0.38196373,0.21222417,0.0,0.7625896,0.0,0.8381442,0.0,0.46192026,1.3316593,0.0,0.804369,0.16974242,1.3028108,0.0,0.054333396,11
B0755,0.0,0.0,0.0,0.0,0.0,1.0959334,0.0,1.3692253,1.2846702,0.0,0.0,1.3508561,0.7844096,0.0,0.0,0.0,1.8248878,1.4243507,0.516924,0.21948606,0.0,0.85750425,0.0,1.2181089,0.0,0.7800602,1.677483,0.0,1.0367746,0.27283758,1.48694,0.0,0.03353824,11
B0756,0.0,0.0,0.0,0.0,0.0,0.83521026,0.0,1.1601326,1.496759,0.0,0.0,0.5997195,0.44825816,0.0,0.0,0.0,0.8547469,1.5301691,0.25993598,0.17610708,0.0,0.623138,0.0,0.35181296,0.0,0.16389614,1.2308896,0.0,0.43484715,0.1281243,1.1066072,0.0,0.088303834,11
B0757,0.0,0.0,0.0,0.0,0.0,0.9784279,0.0,1.210962,1.2317603,0.0,0.0,0.8101901,0.524333,0.0,0.0,0.0,1.0801686,1.4331212,0.35773063,0.1983154,0.0,0.7375063,0.0,0.682416,0.0,0.2752124,1.2473471,0.0,0.67436427,0.16365764,1.204178,0.0,0.0704293,11
B0758,0.0,0.0,0.0,0.0,0.0,1.0852942,0.0,1.3858241,1.2551663,0.0,0.0,1.3310596,0.7706642,0.0,0.0,0.0,1.7991608,1.4019691,0.50818,0.22111309,0.0,0.8438525,0.0,1.2101095,0.0,0.7482643,1.6585599,0.0,1.0328538,0.26657552,1.4737811,0.0,0.034655925,11
B0759,0.0,0.0,0.0,0.0,0.0,1.1182585,0.0,1.3914906,1.3086405,0.0,0.0,1.4173193,0.7941134,0.0,0.0,0.0,1.8413081,1.5407082,0.5324334,0.23383585,0.0,0.8690863,0.0,1.2706382,0.0,0.7743128,1.7003006,0.0,1.034207,0.28279036,1.5197709,0.0,0.030929029,11
B0760,0.0,0.0,0.0,0.0,0.0,1.1887983,0.0,1.2564363,1.2837713,0.0,0.0,1.0685596,0.5739203,0.0,0.0,0.0,1.370818,1.5833913,0.37395173,0.23678932,0.0,0.77949965,0.0,0.8708997,0.0,0.40000224,1.4076083,0.0,0.7994143,0.116811514,1.3464402,0.0,0.050027076,11
B0761,0.0,0.0,0.0,0.0,0.0,0.95099896,0.0,1.1749868,1.2697192,0.0,0.0,0.7502029,0.47469163,0.0,0.0,0.0,0.9034875,1.5503668,0.29489797,0.19458424,0.0,0.6906303,0.0,0.5320376,0.0,0.15946358,1.1564585,0.0,0.56768674,0.12870003,1.1111093,0.0,0.08093573,11
B0762,0.0,0.0,0.0,0.0,0.0,1.001376,0.0,1.2450883,1.2693574,0.0,0.0,0.82125646,0.52653265,0.0,0.0,0.0,1.051647,1.4464457,0.32771432,0.19447283,0.0,0.72833526,0.0,0.6445882,0.0,0.2801083,1.2550898,0.0,0.6587889,0.16008511,1.2279744,0.0,0.06990333,11
B0763,0.0,0.0,0.0,0.0,0.0,1.1113551,0.0,1.2640114,1.347233,0.0,0.0,1.056538,0.6237017,0.0,0.0,0.0,1.4600229,1.5000343,0.38235903,0.21725976,0.0,0.7924923,0.0,0.866585,0.0,0.49401283,1.4300243,0.0,0.8251442,0.15709917,1.3944135,0.0,0.048630495,11
B0764,0.0,0.0,0.0,0.0,0.0,1.2354283,0.0,1.3210893,1.3025494,0.0,0.0,1.1013114,0.57602304,0.0,0.0,0.0,1.3546441,1.7495009,0.40992722,0.27036548,0.0,0.8284908,0.0,0.93874776,0.0,0.36026114,1.4664888,0.0,0.88974684,0.110691376,1.3616095,0.0,0.044674765,11
B0765,0.0,0.0,0.0,0.0,0.0,1.265852,0.0,1.3498809,1.2633076,0.0,0.0,1.1817927,0.563725,0.0,0.0,0.0,1.3832206,1.501051,0.45039862,0.2608707,0.0,0.678869,0.0,1.015745,0.0,0.5257139,1.3748878,0.0,0.9519947,0.13632773,1.3179185,0.0,0.045707878,11
B0766,0.0,0.0,0.0,0.0,0.0,1.198303,0.0,1.298759,1.3447142,0.0,0.0,1.1931288,0.6330919,0.0,0.0,0.0,1.5589755,1.4628084,0.41426983,0.2311742,0.0,0.74317455,0.0,0.97313154,0.0,0.6204027,1.4684436,0.0,0.93659186,0.15784684,1.4210911,0.0,0.04280958,11
B0767,0.0,0.0,0.0,0.0,0.0,1.136609,0.0,1.3186924,1.3339097,0.0,0.0,1.5258168,0.7851628,0.0,0.0,0.0,1.9089382,1.7810271,0.46095717,0.2348918,0.0,0.83595324,0.0,1.2667251,0.0,0.84731877,1.6782439,0.0,1.0944326,0.23434383,1.4948654,0.0,0.028643407,11
B0768,0.0,0.0,0.0,0.0,0.0,1.5464737,0.0,1.3489766,1.468229,0.0,0.0,1.2483082,0.22236815,0.0,0.0,0.0,0.860374,1.5918005,0.47541416,0.3453058,0.0,0.2403335,0.0,0.7844681,0.0,0.5507322,1.2769561,0.0,0.8630382,0.011542156,1.1181328,0.0,0.055535443,11
B0769,0.0,0.0,0.0,0.0,0.0,0.9714653,0.0,1.2071134,1.2325886,0.0,0.0,0.72605205,0.46798486,0.0,0.0,0.0,0.8473162,1.4514678,0.3001886,0.19451626,0.0,0.685483,0.0,0.5108508,0.0,0.14703979,1.1802747,0.0,0.57018703,0.1417967,1.0998126,0.0,0.08395895,11
B0770,0.0,0.0,0.0,0.0,0.0,0.9106635,0.0,1.1674626,1.1621709,0.0,0.0,0.71151847,0.46079323,0.0,0.0,0.0,0.8114608,1.3881171,0.33148453,0.19531459,0.0,0.65444374,0.0,0.5316288,0.0,0.14968334,1.1151881,0.0,0.53359264,0.15800028,1.0123976,0.0,0.091095686,11
B0771,0.0,0.0,0.0,0.0,0.0,1.1879501,0.0,1.3521892,1.3490118,0.0,0.0,1.1643376,0.617291,0.0,0.0,0.0,1.5414512,1.4986708,0.43460876,0.2343212,0.0,0.7338861,0.0,1.0239046,0.0,0.5576346,1.4059875,0.0,0.9424841,0.14897116,1.3781886,0.0,0.042956356,11
B0772,0.0,0.0,0.0,0.0,0.0,0.9865383,0.0,1.226182,1.229389,0.0,0.0,0.7528992,0.48780066,0.0,0.0,0.0,0.9389951,1.4612436,0.3431673,0.19976442,0.0,0.7212412,0.0,0.58238745,0.0,0.18254857,1.2263242,0.0,0.6241541,0.15602453,1.1898775,0.0,0.076514825,11
B0773,0.0,0.0,0.0,0.0,0.0,1.2324255,0.0,1.278662,1.2840993,0.0,0.0,1.1476318,0.5520347,0.0,0.0,0.0,1.4356065,1.4178708,0.42999977,0.25402153,0.0,0.675711,0.0,0.98480093,0.0,0.5517261,1.3908799,0.0,0.9387841,0.11618188,1.2929962,0.0,0.047684073,11
B0774,0.0,0.0,0.0,0.0,0.0,1.116265,0.0,1.4036087,1.3006085,0.0,0.0,1.3623184,0.7928781,0.0,0.0,0.0,1.837688,1.4528809,0.5128567,0.22367766,0.0,0.86600906,0.0,1.2205782,0.0,0.78712374,1.6842866,0.0,1.0756018,0.2676773,1.5112879,0.0,0.03222856,11
B0775,0.0,0.0,0.0,0.0,0.0,1.0263423,0.0,0.19021732,1.2053787,0.0,0.0,0.74498534,0.071891606,0.0,0.0,0.0,0.21773005,1.5589447,0.0,0.23417899,0.0,0.0,0.0,0.0084783435,0.0,0.23467079,0.901319,0.0,0.42380375,0.0,0.94996434,0.0,0.15850925,11
B0776,0.0,0.0,0.0,0.0,0.0,1.1111206,0.0,1.2197032,1.217007,0.0,0.0,1.1209139,0.5760851,0.0,0.0,0.0,1.4219079,1.3669829,0.4628103,0.22074743,0.0,0.66070575,0.0,1.004062,0.0,0.57368594,1.3072004,0.0,0.9169529,0.17073843,1.2662159,0.0,0.05170608,11
B0777,0.0,0.0,0.0,0.0,0.0,1.1119213,0.0,1.372123,1.3071609,0.0,0.0,1.3880627,0.7909372,0.0,0.0,0.0,1.8618455,1.5078961,0.5016255,0.22048755,0.0,0.85521436,0.0,1.2259119,0.0,0.7915504,1.6791482,0.0,1.0643816,0.26195803,1.5137308,0.0,0.031814512,11
B0778,0.0,0.0,0.0,0.0,0.0,0.9523016,0.0,1.2292192,1.2462385,0.0,0.0,0.81834656,0.5243932,0.0,0.0,0.0,1.0174288,1.4340595,0.3682086,0.19587153,0.0,0.7026927,0.0,0.6613591,0.0,0.30295113,1.20395,0.0,0.67361915,0.18319911,1.1775454,0.0,0.07248842,11
B0779,0.0,0.0,0.0,0.0,0.0,0.9922131,0.0,1.2469499,1.2721598,0.0,0.0,0.82534915,0.52997273,0.0,0.0,0.0,1.0558378,1.4495487,0.34197918,0.19524658,0.0,0.72666097,0.0,0.656825,0.0,0.29447615,1.2508714,0.0,0.67225474,0.16784838,1.2296021,0.0,0.06932121,11
B0780,0.0,0.0,0.0,0.0,0.0,1.2840216,0.0,1.2665591,1.3835571,0.0,0.0,1.234516,0.61150897,0.0,0.0,0.0,1.5962985,1.5718977,0.36452895,0.24526101,0.0,0.74345404,0.0,0.94323516,0.0,0.5653575,1.5023054,0.0,0.9160783,0.103758775,1.4653081,0.0,0.040772453,11
B0781,0.0,0.0,0.0,0.0,0.0,1.0974427,0.0,1.3623989,1.3530722,0.0,0.0,1.460371,0.77142555,0.0,0.0,0.0,1.9682314,1.8246443,0.5332866,0.22714533,0.0,0.8489802,0.0,1.3501263,0.0,0.7603003,1.6382618,0.0,1.0759969,0.23760235,1.5008211,0.0,0.027904222,11
B0782,0.0,0.0,0.0,0.0,0.0,1.036843,0.0,1.287041,1.2872945,0.0,0.0,0.9683815,0.5996362,0.0,0.0,0.0,1.2827218,1.4576998,0.38064516,0.20795031,0.0,0.7688141,0.0,0.8153547,0.0,0.4253702,1.3249348,0.0,0.75746167,0.17839554,1.2953609,0.0,0.056782607,11
B0783,0.0,0.0,0.0,0.0,0.0,1.084513,0.0,1.2396071,1.2410505,0.0,0.0,1.0372018,0.51842827,0.0,0.0,0.0,1.1839321,1.4099317,0.47211963,0.24574283,0.0,0.6089299,0.0,0.8486388,0.0,0.4194495,1.2190057,0.0,0.8365494,0.14693488,1.1215234,0.0,0.061251532,11
B0784,0.0,0.0,0.0,0.0,0.0,1.1023839,0.0,1.3984954,1.3368938,0.0,0.0,1.3678824,0.8004192,0.0,0.0,0.0,1.862392,1.4294568,0.50136966,0.21326782,0.0,0.8602168,0.0,1.2029372,0.0,0.83114433,1.6884749,0.0,1.0743408,0.27157268,1.5261922,0.0,0.032043163,11
B0785,0.0,0.0,0.0,0.0,0.0,0.7984123,0.0,1.0521541,1.17924,0.0,0.0,0.52440655,0.37897652,0.0,0.0,0.0,0.68426603,1.2446784,0.33058617,0.16252545,0.0,0.5864481,0.0,0.37029088,0.0,0.11389592,1.1256511,0.0,0.44082126,0.16010243,0.9743043,0.0,0.111576244,11
B0786,0.0,0.0,0.0,0.0,0.0,1.3101563,0.0,1.3556082,1.3841913,0.0,0.0,1.212627,0.59909505,0.0,0.0,0.0,1.5054915,1.5344782,0.3669888,0.25467533,0.0,0.7136636,0.0,0.9415002,0.0,0.5541049,1.4536607,0.0,0.93695414,0.10181527,1.4070299,0.0,0.041998368,11
B0787,0.0,0.0,0.0,0.0,0.0,1.0891064,0.0,1.2495708,1.3260521,0.0,0.0,0.99597484,0.5875943,0.0,0.0,0.0,1.3155909,1.47869,0.32731342,0.20880967,0.0,0.7490927,0.0,0.77584106,0.0,0.4136889,1.3339275,0.0,0.77368426,0.1371425,1.2993026,0.0,0.056120723,11
B0788,0.0,0.0,0.0,0.0,0.0,1.0068288,0.0,1.1945254,1.2599742,0.0,0.0,0.88712525,0.5413285,0.0,0.0,0.0,1.1119024,1.5315329,0.3314889,0.20159966,0.0,0.7245426,0.0,0.6982367,0.0,0.29720613,1.2102563,0.0,0.68577033,0.14151716,1.1822262,0.0,0.06746216,11
B0789,0.0,0.0,0.0,0.0,0.0,0.98121774,0.0,1.2129213,1.2822523,0.0,0.0,0.78752077,0.5088672,0.0,0.0,0.0,0.9825026,1.4448977,0.28091666,0.18795218,0.0,0.694089,0.0,0.56648445,0.0,0.23213331,1.197897,0.0,0.5958789,0.13681552,1.1399865,0.0,0.07691624,11
B0790,0.0,0.0,0.0,0.0,0.0,1.1028558,0.0,1.4025435,1.3278284,0.0,0.0,1.3638549,0.79751825,0.0,0.0,0.0,1.8515441,1.4251451,0.5008204,0.21439496,0.0,0.8587589,0.0,1.2016424,0.0,0.82273805,1.685572,0.0,1.0702554,0.27156407,1.5214093,0.0,0.032310292,11
B0791,0.0,0.0,0.0,0.0,0.0,1.114404,0.0,1.2552243,1.2848037,0.0,0.0,1.0216941,0.5806871,0.0,0.0,0.0,1.327977,1.4670026,0.35883042,0.22110566,0.0,0.7417575,0.0,0.8286962,0.0,0.42417982,1.3367496,0.0,0.7911366,0.13538903,1.2826872,0.0,0.0550402,11
B0792,0.0,0.0,0.0,0.0,0.0,1.0841217,0.0,1.3707305,1.2788846,0.0,0.0,1.340207,0.7799558,0.0,0.0,0.0,1.8145125,1.3930427,0.5018889,0.2138815,0.0,0.8433993,0.0,1.1938424,0.0,0.7851864,1.6616851,0.0,1.02618,0.27081013,1.4830679,0.0,0.03449839,11
B0793,0.0,0.0,0.0,0.0,0.0,0.7247402,0.0,1.0143063,1.6892077,0.0,0.0,0.35903132,0.3150084,0.0,0.0,0.0,0.60822594,1.6931746,0.16496326,0.16397603,0.0,0.54929984,0.0,0.07366592,0.0,0.0028547347,1.2739437,0.0,0.25464475,0.06994173,0.9981165,0.0,0.1100501,11
B0794,0.0,0.0,0.0,0.0,0.0,1.1527548,0.0,1.3456556,1.214802,0.0,0.0,1.1657875,0.57105446,0.0,0.0,0.0,1.3154187,1.4271336,0.49077374,0.251136,0.0,0.6455313,0.0,1.009299,0.0,0.5627761,1.2928972,0.0,0.97667,0.18809392,1.2321305,0.0,0.049983002,11
B0795,0.0,0.0,0.0,0.0,0.0,0.9037661,0.0,1.1863855,1.306307,0.0,0.0,0.57945836,0.4089359,0.0,0.0,0.0,0.6774172,1.4334666,0.27797276,0.17415191,0.0,0.6472927,0.0,0.3476807,0.0,0.07733193,1.2141535,0.0,0.5003955,0.14772929,1.0941435,0.0,0.095761776,11
B0796,0.0,0.0,0.0,0.0,0.0,1.0353978,0.0,1.187742,1.3743927,0.0,0.0,0.9482055,0.43643084,0.0,0.0,0.0,0.96947205,1.4351724,0.39641494,0.24899288,0.0,0.43007183,0.0,0.6211604,0.0,0.49837327,1.1475649,0.0,0.7709099,0.112856716,1.0350709,0.0,0.072747566,11
B0797,0.0,0.0,0.0,0.0,0.0,1.1264765,0.0,1.4056084,1.3508537,0.0,0.0,1.3890014,0.80788803,0.0,0.0,0.0,1.8820827,1.4752054,0.51702917,0.22027294,0.0,0.87648344,0.0,1.2229916,0.0,0.8281845,1.70353,0.0,1.086798,0.27230093,1.5509675,0.0,0.030636396,11
B0798,0.0,0.0,0.0,0.0,0.0,1.2262332,0.0,1.288571,1.404571,0.0,0.0,1.2191656,0.6479651,0.0,0.0,0.0,1.6453917,1.5060794,0.38749433,0.23274064,0.0,0.7701895,0.0,0.9567159,0.0,0.6158409,1.5337232,0.0,0.93255496,0.14075156,1.495368,0.0,0.039919756,11
B0799,0.0,0.0,0.0,0.0,0.0,1.2951992,0.0,1.5491103,1.4154643,0.0,0.0,1.6278327,0.8112112,0.0,0.0,0.0,1.957485,2.0027885,0.54630524,0.29635718,0.0,0.9592212,0.0,1.4002993,0.0,0.7897143,1.8493943,0.0,1.2256361,0.22491243,1.6034546,0.0,0.02121288,11
B0800,0.0,0.0,0.0,0.0,0.0,0.9279549,0.0,1.1881082,1.2081392,0.0,0.0,0.85325754,0.5237116,0.0,0.0,0.0,1.0393933,1.3998847,0.37543783,0.20199506,0.0,0.6667799,0.0,0.6852034,0.0,0.3113227,1.1532627,0.0,0.6615379,0.174259,1.1000032,0.0,0.075136594,11
B0801,0.0,0.0,0.0,0.0,0.0,0.8459898,0.0,0.20197827,1.0311708,0.0,0.0,0.5711651,0.16317126,0.0,0.0,0.0,0.39892828,1.6058981,0.0,0.19521114,0.0,0.4023119,0.0,0.24738806,0.0,0.0,0.82494694,0.0,0.15723383,0.0,0.83083564,0.0,0.16265379,11
B0802,0.0,0.0,0.0,0.0,0.0,1.0644858,0.0,1.2733985,1.3103913,0.0,0.0,0.97762364,0.598043,0.0,0.0,0.0,1.3135424,1.4700274,0.36956865,0.20771743,0.0,0.7755921,0.0,0.8009245,0.0,0.4271925,1.360812,0.0,0.76256603,0.16716643,1.3240402,0.0,0.055318512,11
B0803,0.0,0.0,0.0,0.0,0.0,1.0869617,0.0,1.3822408,1.2755187,0.0,0.0,1.3426907,0.7771565,0.0,0.0,0.0,1.7948914,1.3925135,0.49666968,0.21449009,0.0,0.8440091,0.0,1.19061,0.0,0.78713965,1.6653134,0.0,1.0167046,0.27432245,1.4773715,0.0,0.03465832,11
B0804,0.0,0.0,0.0,0.0,0.0,1.0646117,0.0,1.3528385,1.1994019,0.0,0.0,1.3022392,0.74571556,0.0,0.0,0.0,1.7037431,1.3067429,0.4803368,0.21849999,0.0,0.8147049,0.0,1.1539927,0.0,0.7435656,1.6438546,0.0,0.9621925,0.27020583,1.3895911,0.0,0.03902647,11
B0805,0.0,0.0,0.0,0.0,0.0,1.2208412,0.0,1.2873037,1.4047232,0.0,0.0,1.2172025,0.6487235,0.0,0.0,0.0,1.64279,1.5016714,0.39052147,0.23115954,0.0,0.7671209,0.0,0.9582783,0.0,0.62105346,1.525678,0.0,0.9341842,0.14284927,1.4898181,0.0,0.04010674,11
B0806,0.0,0.0,0.0,0.0,0.0,1.2696178,0.0,1.3371944,1.2901794,0.0,0.0,1.1516488,0.5527807,0.0,0.0,0.0,1.4806384,1.4842912,0.44880947,0.26720008,0.0,0.7094964,0.0,1.0303619,0.0,0.50130236,1.4316976,0.0,0.9854623,0.0983111,1.3412262,0.0,0.043964826,11
B0807,0.0,0.0,0.0,0.0,0.0,0.90748394,0.0,1.1932437,1.2997704,0.0,0.0,0.56737804,0.39484763,0.0,0.0,0.0,0.63114524,1.4217858,0.24952191,0.17341933,0.0,0.632591,0.0,0.30877644,0.0,0.041262627,1.2046428,0.0,0.45021278,0.14073247,1.0608919,0.0,0.1000873,11
B0808,0.0,0.0,0.0,0.0,0.0,0.7682977,0.0,0.920225,1.5317895,0.0,0.0,0.42767262,0.36744672,0.0,0.0,0.0,0.6500189,1.4898796,0.25857753,0.13206996,0.0,0.5836711,0.0,0.15487218,0.0,0.084148794,1.268472,0.0,0.403371,0.1344724,1.1137469,0.0,0.10813132,11
B0809,0.0,0.0,0.0,0.0,0.0,0.87294537,0.0,1.2595505,1.2477045,0.0,0.0,0.8240433,0.49748626,0.0,0.0,0.0,1.0528536,1.3584822,0.3177118,0.21297583,0.0,0.5703533,0.0,0.6638616,0.0,0.28298578,1.0813521,0.0,0.6197116,0.12519151,0.9816564,0.0,0.079792336,11
B0810,0.0,0.0,0.0,0.0,0.0,1.0875767,0.0,1.2372887,1.3185427,0.0,0.0,1.0063053,0.5920385,0.0,0.0,0.0,1.3380144,1.4735686,0.34576967,0.20851004,0.0,0.75519574,0.0,0.7925423,0.0,0.43677,1.3579769,0.0,0.7777846,0.14734411,1.3193455,0.0,0.055078465,11
B0811,0.0,0.0,0.0,0.0,0.0,1.0155301,0.0,1.1442026,1.2251492,0.0,0.0,0.8835304,0.52931947,0.0,0.0,0.0,1.0938536,1.5260237,0.33365723,0.20289125,0.0,0.72295713,0.0,0.7035768,0.0,0.2998369,1.2101268,0.0,0.7069499,0.13706593,1.1708174,0.0,0.06881127,11
B0812,0.0,0.0,0.0,0.0,0.0,1.2061007,0.0,1.2868923,1.4002299,0.0,0.0,1.2064946,0.6507332,0.0,0.0,0.0,1.6371474,1.4966409,0.39688736,0.2279706,0.0,0.76424885,0.0,0.9642259,0.0,0.62190574,1.5014545,0.0,0.940032,0.14452466,1.4723366,0.0,0.04063128,11
B0813,0.0,0.0,0.0,0.0,0.0,1.2163913,0.0,1.5757477,1.227703,0.0,0.0,1.1315565,0.5673893,0.0,0.0,0.0,1.4045284,1.5939752,0.4930793,0.29789138,0.0,0.73356307,0.0,1.1030902,0.0,0.33559656,1.3193352,0.0,1.0447909,0.11727704,1.2797035,0.0,0.042937014,11
B0814,0.0,0.0,0.0,0.0,0.0,1.2069379,0.0,1.3872769,1.2920008,0.0,0.0,1.0552552,0.5762805,0.0,0.0,0.0,1.278631,1.6696913,0.3914361,0.26471847,0.0,0.80731493,0.0,0.8977496,0.0,0.3330988,1.3972282,0.0,0.8678304,0.12056558,1.2944918,0.0,0.04835655,11
B0815,0.0,0.0,0.0,0.0,0.0,0.9060026,0.0,1.243195,1.1064569,0.0,0.0,0.8375018,0.52515906,0.0,0.0,0.0,1.0222272,1.3258832,0.3886708,0.2017286,0.0,0.6869975,0.0,0.7400493,0.0,0.28805953,1.1623331,0.0,0.6098132,0.19698949,1.0744929,0.0,0.077158585,11
B0816,0.0,0.0,0.0,0.0,0.0,1.2874787,0.0,1.2429526,1.3858796,0.0,0.0,1.2371973,0.61747694,0.0,0.0,0.0,1.6283494,1.6190075,0.36868927,0.24978782,0.0,0.7593115,0.0,0.96341544,0.0,0.56186694,1.5076364,0.0,0.9554748,0.09362539,1.4701302,0.0,0.039610315,11
B0817,0.0,0.0,0.0,0.0,0.0,1.1066341,0.0,1.3965063,1.2875273,0.0,0.0,1.35527,0.784046,0.0,0.0,0.0,1.8182275,1.4313235,0.5051129,0.22063884,0.0,0.8559314,0.0,1.2084386,0.0,0.7858558,1.6815984,0.0,1.0542756,0.26844558,1.4967036,0.0,0.03315263,11
B0818,0.0,0.0,0.0,0.0,0.0,0.9671849,0.0,1.2001027,1.131885,0.0,0.0,0.92854726,0.51079196,0.0,0.0,0.0,1.139454,1.3423868,0.43228388,0.21426043,0.0,0.6401247,0.0,0.8593024,0.0,0.37351084,1.1842815,0.0,0.7168846,0.18006945,1.1277705,0.0,0.06894437,11
B0819,0.0,0.0,0.0,0.0,0.0,0.7656113,0.0,0.18327993,1.0140659,0.0,0.0,0.5719139,0.16123879,0.0,0.0,0.0,0.406857,1.6021681,0.0,0.18874887,0.0,0.36332387,0.0,0.24890465,0.0,0.0,0.7947127,0.0,0.14069891,0.0,0.83546585,0.0,0.16743696,11
B0820,0.0,0.0,0.0,0.0,0.0,1.1303319,0.0,1.2434825,1.3082367,0.0,0.0,1.0106274,0.5462325,0.0,0.0,0.0,1.211464,1.5454881,0.32089055,0.22498442,0.0,0.6879138,0.0,0.76092005,0.0,0.37619337,1.245905,0.0,0.76668054,0.1049543,1.2100993,0.0,0.05918547,11
B0821,0.0,0.0,0.0,0.0,0.0,1.0929443,0.0,1.3594747,1.3292987,0.0,0.0,1.3724418,0.7910622,0.0,0.0,0.0,1.8776042,1.4443941,0.5119697,0.21130034,0.0,0.8586672,0.0,1.2152855,0.0,0.8236799,1.6934028,0.0,1.0476447,0.2698307,1.5191071,0.0,0.032250725,11
B0822,0.0,0.0,0.0,0.0,0.0,1.0876849,0.0,1.274222,1.3188187,0.0,0.0,1.000831,0.5932352,0.0,0.0,0.0,1.3228674,1.4953074,0.3427969,0.21433398,0.0,0.7636466,0.0,0.79958916,0.0,0.41439226,1.3302872,0.0,0.7874931,0.13968253,1.2980847,0.0,0.054988366,11
B0823,0.0,0.0,0.0,0.0,0.0,1.0244875,0.0,1.2258207,1.2414529,0.0,0.0,0.8673887,0.53443444,0.0,0.0,0.0,1.0769956,1.4589739,0.33688983,0.20068483,0.0,0.7266265,0.0,0.68974507,0.0,0.2904473,1.2386028,0.0,0.6815052,0.15344752,1.1829703,0.0,0.06866364,11
B0824,0.0,0.0,0.0,0.0,0.0,0.8530553,0.0,0.18742526,1.0940892,0.0,0.0,0.7045217,0.16842973,0.0,0.0,0.0,0.6491509,1.5852039,0.0,0.20693958,0.0,0.35926718,0.0,0.3246955,0.0,0.0,0.88188654,0.0,0.24717137,0.0,0.9150909,0.0,0.14357363,11
B0825,0.0,0.0,0.0,0.0,0.0,1.1024568,0.0,1.4001439,1.3325386,0.0,0.0,1.3658056,0.79910886,0.0,0.0,0.0,1.8566548,1.426167,0.50099933,0.21376272,0.0,0.8593589,0.0,1.2016044,0.0,0.8276243,1.6867487,0.0,1.0716693,0.2717567,1.5234011,0.0,0.032200422,11
B0826,0.0,0.0,0.0,0.0,0.0,1.1070557,0.0,1.3963069,1.3330326,0.0,0.0,1.3780961,0.80194753,0.0,0.0,0.0,1.8624295,1.4463234,0.508278,0.21476063,0.0,0.86261475,0.0,1.2094357,0.0,0.8232523,1.687618,0.0,1.0600802,0.2748679,1.5375705,0.0,0.03182313,11
B0827,0.0,0.0,0.0,0.0,0.0,1.1014912,0.0,1.3993146,1.3288707,0.0,0.0,1.3641834,0.79773176,0.0,0.0,0.0,1.8524013,1.4237709,0.5002473,0.21364206,0.0,0.85802865,0.0,1.2006376,0.0,0.82544625,1.685355,0.0,1.0682622,0.27201474,1.5199851,0.0,0.03236033,11
B0828,0.0,0.0,0.0,0.0,0.0,1.2743258,0.0,1.2751358,1.3656516,0.0,0.0,1.2054183,0.6036196,0.0,0.0,0.0,1.5783453,1.4918694,0.38551357,0.2447378,0.0,0.72841734,0.0,0.95085955,0.0,0.56194395,1.5036249,0.0,0.910982,0.11259121,1.4464821,0.0,0.04212754,11
B0829,0.0,0.0,0.0,0.0,0.0,0.9136543,0.0,1.1615441,1.1858356,0.0,0.0,0.8845086,0.52618057,0.0,0.0,0.0,1.0962313,1.5111742,0.38419455,0.20929685,0.0,0.6946246,0.0,0.76622325,0.0,0.26497245,1.1363792,0.0,0.63537294,0.15974993,1.0959514,0.0,0.07213309,11
B0830,0.0,0.0,0.0,0.0,0.0,1.298038,0.0,1.2923117,1.339564,0.0,0.0,1.2171686,0.58711445,0.0,0.0,0.0,1.532319,1.5071268,0.38610613,0.25539276,0.0,0.73218715,0.0,0.95552945,0.0,0.5422417,1.5216606,0.0,0.89183414,0.111714974,1.428416,0.0,0.04235255,11
B0831,0.0,0.0,0.0,0.0,0.0,0.91559196,0.0,1.188261,1.2615047,0.0,0.0,0.6998937,0.463925,0.0,0.0,0.0,0.8467616,1.4276476,0.29289883,0.18572083,0.0,0.6553477,0.0,0.4875655,0.0,0.17245016,1.1453726,0.0,0.55439186,0.14790338,1.0763294,0.0,0.08726545,11
B0832,0.0,0.0,0.0,0.0,0.0,0.9935012,0.0,1.2185943,1.2036252,0.0,0.0,0.74158466,0.4061308,0.0,0.0,0.0,0.6950886,1.4483495,0.2661947,0.21309099,0.0,0.6130574,0.0,0.46640772,0.0,0.09998506,1.1296159,0.0,0.49320906,0.12470954,0.9479686,0.0,0.093097456,11
B0833,0.0,0.0,0.0,0.0,0.0,1.0444374,0.0,1.359196,1.2410874,0.0,0.0,1.3432487,0.7824007,0.0,0.0,0.0,1.7900636,1.4029124,0.4995986,0.20918149,0.0,0.8262706,0.0,1.2127151,0.0,0.76332414,1.621453,0.0,0.96704054,0.28853565,1.4757943,0.0,0.03578512,11
B0834,0.0,0.0,0.0,0.0,0.0,0.9838134,0.0,0.92122144,1.3063484,0.0,0.0,0.7499742,0.29585752,0.0,0.0,0.0,0.6363262,1.3156579,0.4319877,0.22352393,0.0,0.36723673,0.0,0.43442288,0.0,0.32331276,1.142812,0.0,0.5394314,0.08308632,0.92796826,0.0,0.10217641,11
B0835,0.0,0.0,0.0,0.0,0.0,0.9902879,0.0,1.2301207,1.2277015,0.0,0.0,0.91509813,0.54683363,0.0,0.0,0.0,1.1850543,1.4197465,0.35806653,0.21527222,0.0,0.71351796,0.0,0.7604986,0.0,0.32618353,1.2182826,0.0,0.6977174,0.14501795,1.1529759,0.0,0.06645032,11
B0836,0.0,0.0,0.0,0.0,0.0,1.0632801,0.0,1.1531286,1.1240833,0.0,0.0,0.9472629,0.51338726,0.0,0.0,0.0,1.138842,1.4221026,0.32862508,0.21963854,0.0,0.6927872,0.0,0.7730169,0.0,0.33150667,1.2160594,0.0,0.7177914,0.11712948,1.1298721,0.0,0.068516366,11
B0837,0.0,0.0,0.0,0.0,0.0,1.0611043,0.0,1.2198384,1.3071461,0.0,0.0,0.9435104,0.56993914,0.0,0.0,0.0,1.2439027,1.4614685,0.32522386,0.20037016,0.0,0.74015677,0.0,0.7342964,0.0,0.3797039,1.3081188,0.0,0.73852384,0.14282818,1.2707734,0.0,0.060503792,11
B0838,0.0,0.0,0.0,0.0,0.0,1.1016827,0.0,1.3888324,1.2805707,0.0,0.0,1.349693,0.7814079,0.0,0.0,0.0,1.8158185,1.4315383,0.5073863,0.22179475,0.0,0.8532595,0.0,1.2104827,0.0,0.7748692,1.674133,0.0,1.0503811,0.26747224,1.4908576,0.0,0.033459883,11
B0839,0.0,0.0,0.0,0.0,0.0,0.9989854,0.0,1.1555395,1.2510934,0.0,0.0,0.89226824,0.4933736,0.0,0.0,0.0,0.95680124,1.4926821,0.38629067,0.21768346,0.0,0.6348046,0.0,0.6590082,0.0,0.2649637,1.168395,0.0,0.6386267,0.15575615,1.0682558,0.0,0.075146474,11
B0840,0.0,0.0,0.0,0.0,0.0,1.0999653,0.0,1.3245659,1.4018089,0.0,0.0,1.4743152,0.7841352,0.0,0.0,0.0,1.9970155,1.8099378,0.5306262,0.21540602,0.0,0.8686149,0.0,1.3435276,0.0,0.82698035,1.6660137,0.0,1.0830263,0.24984366,1.5206919,0.0,0.027263273,11
B0841,0.0,0.0,0.0,0.0,0.0,1.0966716,0.0,1.372771,1.3272829,0.0,0.0,1.3680246,0.79896814,0.0,0.0,0.0,1.8692389,1.446702,0.5098363,0.21361282,0.0,0.859454,0.0,1.2133784,0.0,0.819432,1.6823016,0.0,1.0651449,0.2717805,1.5280697,0.0,0.032152317,11
B0842,0.0,0.0,0.0,0.0,0.0,1.0436573,0.0,1.2779524,1.1839073,0.0,0.0,0.8401796,0.5056368,0.0,0.0,0.0,0.98246086,1.4705827,0.34314936,0.2119147,0.0,0.7425604,0.0,0.6594679,0.0,0.21851455,1.2498133,0.0,0.6098723,0.16172706,1.1847318,0.0,0.07144026,11
B0843,0.0,0.0,0.0,0.0,0.0,1.0208794,0.0,1.2569396,1.2564216,0.0,0.0,0.9202807,0.57184964,0.0,0.0,0.0,1.2045492,1.4717604,0.3463133,0.21437964,0.0,0.7511301,0.0,0.780554,0.0,0.3623202,1.2603598,0.0,0.7594253,0.14967862,1.2071551,0.0,0.061866995,11
B0844,0.0,0.0,0.0,0.0,0.0,1.0517285,0.0,1.3003776,1.3150163,0.0,0.0,0.96379316,0.5999737,0.0,0.0,0.0,1.2838343,1.4845595,0.35548937,0.20881274,0.0,0.775733,0.0,0.79700065,0.0,0.40763944,1.3303602,0.0,0.75580525,0.16222149,1.295797,0.0,0.056262836,11
B0845,0.0,0.0,0.0,0.0,0.0,1.0539286,0.0,1.2478834,1.2656587,0.0,0.0,0.99330753,0.5945952,0.0,0.0,0.0,1.3345069,1.4384531,0.3764505,0.20941687,0.0,0.7741604,0.0,0.8377028,0.0,0.43644917,1.3599696,0.0,0.7448084,0.16507664,1.2938964,0.0,0.056006763,11
B0846,0.0,0.0,0.0,0.0,0.0,0.81573576,0.0,1.1644526,1.1991417,0.0,0.0,0.6834707,0.4793712,0.0,0.0,0.0,0.9311221,1.2972165,0.37706125,0.18473989,0.0,0.63337785,0.0,0.5623669,0.0,0.2250356,1.1241518,0.0,0.5117063,0.16580044,1.0152321,0.0,0.0904708,11
B0847,0.0,0.0,0.0,0.0,0.0,1.7014853,0.0,1.6243961,1.4485505,0.0,0.0,1.3406912,0.5289237,0.0,0.0,0.0,1.2826215,2.0226722,0.30551848,0.34672797,0.0,0.8052963,0.0,0.9517902,0.0,0.26128516,1.6184596,0.0,1.0720983,0.0,1.5067978,0.0,0.032128673,11
B0848,0.0,0.0,0.0,0.0,0.0,0.8891014,0.0,1.1201582,1.183179,0.0,0.0,0.6578021,0.44108322,0.0,0.0,0.0,0.76661986,1.3656315,0.26727137,0.17058906,0.0,0.6139919,0.0,0.4407122,0.0,0.09472236,1.0459292,0.0,0.42091697,0.14098254,0.9814907,0.0,0.101064295,11
B0849,0.0,0.0,0.0,0.0,0.0,0.8796711,0.0,1.1512151,1.3358874,0.0,0.0,0.7244317,0.4993374,0.0,0.0,0.0,0.909104,1.4070456,0.32018664,0.17762585,0.0,0.64100915,0.0,0.48815042,0.0,0.26330554,1.1649789,0.0,0.5490749,0.16553931,1.1276592,0.0,0.08433505,11
B0850,0.0,0.0,0.0,0.0,0.0,1.0852203,0.0,1.3613107,1.3575406,0.0,0.0,1.3669112,0.8017521,0.0,0.0,0.0,1.9101379,1.4269059,0.5217834,0.20844302,0.0,0.8639638,0.0,1.2154295,0.0,0.8382735,1.6917633,0.0,1.0617394,0.27294767,1.5379753,0.0,0.031761065,11
B0851,0.0,0.0,0.0,0.0,0.0,1.0962657,0.0,1.3912451,1.247933,0.0,0.0,1.3431435,0.7700795,0.0,0.0,0.0,1.7688942,1.41415,0.50333303,0.22323436,0.0,0.8484341,0.0,1.2079753,0.0,0.7540512,1.669844,0.0,1.0131717,0.27272093,1.4655228,0.0,0.034731787,11
B0852,0.0,0.0,0.0,0.0,0.0,0.9062396,0.0,1.1668735,1.2834723,0.0,0.0,0.7256312,0.48656994,0.0,0.0,0.0,0.88835925,1.4485233,0.32896638,0.19041605,0.0,0.65656644,0.0,0.5141989,0.0,0.21562994,1.1548827,0.0,0.57185537,0.15764199,1.0950764,0.0,0.08403548,11
B0853,0.0,0.0,0.0,0.0,0.0,1.115909,0.0,1.3235292,1.2951548,0.0,0.0,1.4259465,0.7782556,0.0,0.0,0.0,1.8555703,1.5637672,0.48185372,0.22231135,0.0,0.8386601,0.0,1.2239208,0.0,0.8048483,1.680853,0.0,1.0429332,0.25382262,1.4716291,0.0,0.032074567,11
B0854,0.0,0.0,0.0,0.0,0.0,1.081476,0.0,1.2114078,1.2791429,0.0,0.0,0.9134009,0.491411,0.0,0.0,0.0,1.0801804,1.4310238,0.33204442,0.22443691,0.0,0.6309353,0.0,0.6976392,0.0,0.33323643,1.2100805,0.0,0.72299546,0.112707905,1.0950769,0.0,0.068977855,11
B0855,0.0,0.0,0.0,0.0,0.0,1.1035066,0.0,1.4034367,1.3272233,0.0,0.0,1.3645698,0.7972066,0.0,0.0,0.0,1.8492343,1.4258399,0.5006374,0.21475475,0.0,0.8590302,0.0,1.201891,0.0,0.8233859,1.6869407,0.0,1.0701947,0.27197462,1.5197382,0.0,0.03230866,11
B0856,0.0,0.0,0.0,0.0,0.0,1.4710442,0.0,1.7899162,1.4360425,0.0,0.0,1.6902059,0.83928525,0.0,0.0,0.0,1.9428949,2.119658,0.5942929,0.34994113,0.0,1.0484676,0.0,1.4578757,0.0,0.706892,1.9341773,0.0,1.4001474,0.20866859,1.6985636,0.0,0.017179059,11
B0857,0.0,0.0,0.0,0.0,0.0,1.0504087,0.0,1.1659821,1.226023,0.0,0.0,0.95415175,0.54031944,0.0,0.0,0.0,1.243584,1.387661,0.3680619,0.21422598,0.0,0.7076113,0.0,0.7956185,0.0,0.39963222,1.2885934,0.0,0.7337158,0.1393998,1.2014896,0.0,0.06317022,11
B0858,0.0,0.0,0.0,0.0,0.0,1.084621,0.0,1.2646316,1.3233402,0.0,0.0,1.0198467,0.60878074,0.0,0.0,0.0,1.375751,1.481951,0.37263495,0.21201132,0.0,0.77652234,0.0,0.83410835,0.0,0.4624418,1.384093,0.0,0.7936739,0.16190468,1.3457465,0.0,0.05242838,11
B0859,0.0,0.0,0.0,0.0,0.0,1.0588217,0.0,1.2041368,1.2524137,0.0,0.0,0.9775809,0.57092726,0.0,0.0,0.0,1.2726326,1.4323457,0.35375696,0.20967743,0.0,0.73189235,0.0,0.79742527,0.0,0.41366744,1.3029249,0.0,0.744357,0.14914954,1.2430385,0.0,0.059981063,11
B0860,0.0,0.0,0.0,0.0,0.0,1.0525346,0.0,1.2363749,1.1159432,0.0,0.0,1.0727315,0.52391624,0.0,0.0,0.0,1.2783616,1.2720464,0.46788022,0.22775859,0.0,0.5781701,0.0,0.9804736,0.0,0.50407636,1.2081922,0.0,0.86650413,0.17605844,1.1236858,0.0,0.06069705,11
B0861,0.0,0.0,0.0,0.0,0.0,1.0594436,0.0,1.2552302,1.3608978,0.0,0.0,1.0229363,0.62831724,0.0,0.0,0.0,1.4255717,1.4670655,0.37683183,0.20157479,0.0,0.78276306,0.0,0.8385004,0.0,0.4885882,1.3909854,0.0,0.77222466,0.17029086,1.3609772,0.0,0.051643584,11
B0862,0.0,0.0,0.0,0.0,0.0,1.304471,0.0,1.3499709,1.3239088,0.0,0.0,1.2121993,0.5886286,0.0,0.0,0.0,1.4898813,1.5286219,0.39056897,0.26022568,0.0,0.73601997,0.0,0.9680499,0.0,0.52687514,1.4905856,0.0,0.9072573,0.114903495,1.4035068,0.0,0.04234267,11
B0863,0.0,0.0,0.0,0.0,0.0,1.5348575,0.0,1.2323545,1.5775156,0.0,0.0,0.9699478,0.32270432,0.0,0.0,0.0,1.0537589,1.5124637,0.13495526,0.23599732,0.0,0.5054682,0.0,0.48053417,0.0,0.23154512,1.4115646,0.0,0.68919516,0.0,1.3626001,0.0,0.060393237,11
B0864,0.0,0.0,0.0,0.0,0.0,1.0130605,0.0,1.2250705,1.1968799,0.0,0.0,0.90836227,0.52202463,0.0,0.0,0.0,1.1162863,1.5349011,0.37258145,0.2168248,0.0,0.7509805,0.0,0.7740533,0.0,0.28821623,1.2688379,0.0,0.6488654,0.16025044,1.2218382,0.0,0.06504595,11
B0865,0.0,0.0,0.0,0.0,0.0,1.0165706,0.0,1.352194,1.2609856,0.0,0.0,0.7460319,0.4787582,0.0,0.0,0.0,0.804034,1.5594088,0.39808387,0.2201483,0.0,0.7725119,0.0,0.5613457,0.0,0.04121849,1.3281751,0.0,0.5976222,0.16159263,1.1497989,0.0,0.07451348,11
B0866,0.0,0.0,0.0,0.0,0.0,1.2246134,0.0,1.3703578,1.218689,0.0,0.0,1.0194924,0.4688579,0.0,0.0,0.0,1.1469784,1.541384,0.39815488,0.28199315,0.0,0.6901696,0.0,0.87639,0.0,0.25128633,1.3033934,0.0,0.76666415,0.07881189,1.1576438,0.0,0.057123926,11
B0867,0.0,0.0,0.0,0.0,0.0,1.0623317,0.0,1.2463365,1.2866259,0.0,0.0,0.97150266,0.59032166,0.0,0.0,0.0,1.333086,1.469428,0.38585594,0.21823534,0.0,0.7852396,0.0,0.821194,0.0,0.43023327,1.3839412,0.0,0.79078335,0.16184738,1.3243489,0.0,0.05485498,11
B0868,0.0,0.0,0.0,0.0,0.0,1.3766845,0.0,1.4356402,1.2828894,0.0,0.0,1.2513895,0.5271486,0.0,0.0,0.0,1.3258064,1.5857692,0.4815091,0.29887933,0.0,0.6514538,0.0,1.0537269,0.0,0.5195243,1.3985425,0.0,1.0169622,0.115053326,1.3061984,0.0,0.042234223,11
B0869,0.0,0.0,0.0,0.0,0.0,1.1054878,0.0,1.2638948,1.3353244,0.0,0.0,1.0553238,0.6173814,0.0,0.0,0.0,1.4243063,1.4880204,0.37691563,0.2157298,0.0,0.77676314,0.0,0.8560856,0.0,0.49324808,1.4076273,0.0,0.82077396,0.15950476,1.3722966,0.0,0.050023947,11
B0870,0.0,0.0,0.0,0.0,0.0,1.2982364,0.0,1.3045788,1.3905656,0.0,0.0,1.2270507,0.61229223,0.0,0.0,0.0,1.5884914,1.5357115,0.3726551,0.2501005,0.0,0.7449021,0.0,0.9441141,0.0,0.5620254,1.5288115,0.0,0.91998136,0.10949889,1.4732107,0.0,0.04039084,11
B0871,0.0,0.0,0.0,0.0,0.0,1.1367468,0.0,1.4260871,1.2569523,0.0,0.0,1.3801597,0.7777097,0.0,0.0,0.0,1.7704872,1.444614,0.5054835,0.23028755,0.0,0.861291,0.0,1.2063403,0.0,0.7561377,1.6894838,0.0,1.0125761,0.27216563,1.4873161,0.0,0.03334171,11
B0872,0.0,0.0,0.0,0.0,0.0,1.1009027,0.0,1.4086902,1.1699646,0.0,0.0,0.99015063,0.4957967,0.0,0.0,0.0,1.1318824,1.5088924,0.4445458,0.2751329,0.0,0.6804255,0.0,0.8989822,0.0,0.23114482,1.222233,0.0,0.7778975,0.12670949,1.0813384,0.0,0.06037623,11
B0873,0.0,0.0,0.0,0.0,0.0,1.1219095,0.0,1.4102077,1.2643838,0.0,0.0,1.3632426,0.77223176,0.0,0.0,0.0,1.798179,1.4726207,0.51872647,0.23024781,0.0,0.85948485,0.0,1.2364049,0.0,0.73007596,1.6755021,0.0,1.033187,0.2663254,1.4793298,0.0,0.03305239,11
B0874,0.0,0.0,0.0,0.0,0.0,1.0170746,0.0,1.2450551,1.3365381,0.0,0.0,0.94806397,0.5998482,0.0,0.0,0.0,1.2976241,1.4315586,0.3504421,0.19047856,0.0,0.75220937,0.0,0.7663898,0.0,0.43348217,1.3152764,0.0,0.70972234,0.17065577,1.2981036,0.0,0.058769383,11
B0875,0.0,0.0,0.0,0.0,0.0,1.104193,0.0,1.4026277,1.3318219,0.0,0.0,1.3658359,0.7984877,0.0,0.0,0.0,1.8549843,1.4272907,0.50127816,0.21440989,0.0,0.85979855,0.0,1.2018449,0.0,0.8258791,1.6874903,0.0,1.0721505,0.271473,1.5236154,0.0,0.032174315,11
B0876,0.0,0.0,0.0,0.0,0.0,1.1276002,0.0,1.2839388,1.2467974,0.0,0.0,1.1114117,0.60230744,0.0,0.0,0.0,1.4758055,1.4034327,0.41824788,0.22853321,0.0,0.7051306,0.0,0.99284685,0.0,0.5176092,1.3451004,0.0,0.8975191,0.14955789,1.291211,0.0,0.049370565,11
B0877,0.0,0.0,0.0,0.0,0.0,1.0972385,0.0,1.3853481,1.3494123,0.0,0.0,1.3696859,0.80414927,0.0,0.0,0.0,1.8815306,1.4307703,0.5032665,0.21085939,0.0,0.86097187,0.0,1.2049083,0.0,0.8422915,1.6900754,0.0,1.0782142,0.27137703,1.5300466,0.0,0.031822953,11
B0878,0.0,0.0,0.0,0.0,0.0,1.3231759,0.0,1.5167432,1.4281049,0.0,0.0,1.6190993,0.76434845,0.0,0.0,0.0,2.024186,2.1824298,0.5575452,0.30249602,0.0,0.93391836,0.0,1.4270284,0.0,0.744195,1.7555835,0.0,1.2129622,0.17126198,1.5354533,0.0,0.020787613,11
B0879,0.0,0.0,0.0,0.0,0.0,0.94679666,0.0,1.2261438,1.1830004,0.0,0.0,0.725999,0.46040517,0.0,0.0,0.0,0.8250826,1.4370425,0.31772,0.20515512,0.0,0.68270195,0.0,0.53646475,0.0,0.1104497,1.149881,0.0,0.53390455,0.1465039,1.0423541,0.0,0.086739965,11
B0880,0.0,0.0,0.0,0.0,0.0,1.0835278,0.0,1.37751,1.343328,0.0,0.0,1.3989179,0.7826925,0.0,0.0,0.0,1.8714195,1.5521291,0.49667144,0.20418543,0.0,0.84441924,0.0,1.2386185,0.0,0.8010985,1.6738305,0.0,1.0064539,0.2712518,1.5643848,0.0,0.031324703,11
B0881,0.0,0.0,0.0,0.0,0.0,0.8705927,0.0,1.1165715,1.1790615,0.0,0.0,0.60343933,0.41503373,0.0,0.0,0.0,0.7043124,1.3354199,0.33401147,0.17705773,0.0,0.6360113,0.0,0.439618,0.0,0.11259213,1.154284,0.0,0.49242193,0.16444826,1.0008864,0.0,0.10065811,11
B0882,0.0,0.0,0.0,0.0,0.0,0.97265095,0.0,1.2203896,1.1842817,0.0,0.0,0.87231624,0.5077432,0.0,0.0,0.0,0.9981931,1.4449494,0.36198515,0.21729381,0.0,0.6767648,0.0,0.6914858,0.0,0.2669432,1.1513624,0.0,0.65423024,0.1566065,1.0664101,0.0,0.074803926,11
B0883,0.0,0.0,0.0,0.0,0.0,0.9337145,0.0,1.1676698,1.1643679,0.0,0.0,0.8078253,0.4846622,0.0,0.0,0.0,0.9053843,1.3880874,0.3679651,0.20547993,0.0,0.6446581,0.0,0.62834966,0.0,0.24846712,1.1237864,0.0,0.62161434,0.166837,1.0310446,0.0,0.082916446,11
B0884,0.0,0.0,0.0,0.0,0.0,0.89968336,0.0,1.1753522,1.3148787,0.0,0.0,0.60372114,0.41737846,0.0,0.0,0.0,0.6642743,1.4580069,0.3169191,0.18023047,0.0,0.6495538,0.0,0.36799607,0.0,0.091102734,1.237152,0.0,0.47957063,0.16532917,1.1048671,0.0,0.09410908,11
B0885,0.0,0.0,0.0,0.0,0.0,1.1359341,0.0,1.303925,1.2049179,0.0,0.0,1.0254686,0.5407559,0.0,0.0,0.0,1.1278114,1.4762657,0.3417659,0.2364723,0.0,0.71506846,0.0,0.7964,0.0,0.36451972,1.3017502,0.0,0.7225239,0.14992669,1.1949193,0.0,0.06043437,11
B0886,0.0,0.0,0.0,0.0,0.0,1.1133078,0.0,1.3991549,1.3275257,0.0,0.0,1.3755424,0.80293137,0.0,0.0,0.0,1.863926,1.4498504,0.51271725,0.21717036,0.0,0.86683613,0.0,1.2174081,0.0,0.81583166,1.693519,0.0,1.0731063,0.27250087,1.530849,0.0,0.031640235,11
B0887,0.0,0.0,0.0,0.0,0.0,1.0245565,0.0,1.229022,1.1228054,0.0,0.0,0.993248,0.50974834,0.0,0.0,0.0,1.127344,1.6430329,0.40740883,0.24764371,0.0,0.6547359,0.0,0.9142419,0.0,0.2572841,1.10738,0.0,0.79663855,0.1255716,1.0858814,0.0,0.0635556,11
B0888,0.0,0.0,0.0,0.0,0.0,1.1184864,0.0,1.399595,1.3531909,0.0,0.0,1.3875251,0.81097126,0.0,0.0,0.0,1.8918102,1.478643,0.518692,0.21942866,0.0,0.8761271,0.0,1.2293587,0.0,0.8312033,1.7032201,0.0,1.096511,0.27274576,1.5530136,0.0,0.030508203,11
B0889,0.0,0.0,0.0,0.0,0.0,1.188434,0.0,1.2728318,1.3087106,0.0,0.0,1.1771916,0.6189843,0.0,0.0,0.0,1.5407672,1.4768072,0.40472955,0.23237348,0.0,0.74544835,0.0,0.9707033,0.0,0.58452225,1.4418349,0.0,0.9209215,0.14195973,1.3817065,0.0,0.044455227,11
B0890,0.0,0.0,0.0,0.0,0.0,1.4260044,0.0,1.2401311,1.5066364,0.0,0.0,0.95007116,0.2217381,0.0,0.0,0.0,0.7151931,1.5968469,0.25029814,0.27084732,0.0,0.3501214,0.0,0.4619788,0.0,0.22295049,1.255585,0.0,0.5930578,0.0,1.1765264,0.0,0.07289813,11
B0891,0.0,0.0,0.0,0.0,0.0,1.172542,0.0,1.3229277,1.358273,0.0,0.0,1.5870998,0.7667029,0.0,0.0,0.0,1.968157,1.9445453,0.4798668,0.24551418,0.0,0.8292141,0.0,1.3078729,0.0,0.83059883,1.6723171,0.0,1.0948933,0.20080748,1.4836793,0.0,0.026472028,11
B0892,0.0,0.0,0.0,0.0,0.0,1.0857158,0.0,1.24829,1.3387915,0.0,0.0,1.0198615,0.6131826,0.0,0.0,0.0,1.4043555,1.481619,0.36522567,0.20766939,0.0,0.779196,0.0,0.82759714,0.0,0.4654515,1.3994932,0.0,0.7814176,0.16017632,1.3623939,0.0,0.051986314,11
B0893,0.0,0.0,0.0,0.0,0.0,1.0373169,0.0,1.3730682,1.1826915,0.0,0.0,1.3002088,0.7328832,0.0,0.0,0.0,1.7339468,1.4417231,0.49640864,0.2227068,0.0,0.82198024,0.0,1.2261994,0.0,0.6811352,1.6221318,0.0,0.9520144,0.26989186,1.4281487,0.0,0.037254624,11
B0894,0.0,0.0,0.0,0.0,0.0,1.2340393,0.0,1.2789048,1.4206663,0.0,0.0,1.2253677,0.654383,0.0,0.0,0.0,1.6922342,1.5240701,0.39796877,0.23469892,0.0,0.78708595,0.0,0.96712506,0.0,0.6203805,1.5657415,0.0,0.94442356,0.1389885,1.535937,0.0,0.038387418,11
B0895,0.0,0.0,0.0,0.0,0.0,0.7231458,0.0,0.8500052,1.3590977,0.0,0.0,0.45678815,0.30835718,0.0,0.0,0.0,0.5528888,1.3126664,0.3030703,0.17279187,0.0,0.46858528,0.0,0.24049348,0.0,0.23352566,1.1015844,0.0,0.3579597,0.12356369,0.8235786,0.0,0.12702002,11
B0896,0.0,0.0,0.0,0.0,0.0,1.1440265,0.0,1.3321418,1.3492277,0.0,0.0,1.5089059,0.78339875,0.0,0.0,0.0,1.9034028,1.751593,0.4914462,0.23967046,0.0,0.860039,0.0,1.2894701,0.0,0.8273318,1.700163,0.0,1.0829186,0.24681266,1.5107144,0.0,0.028361326,11
B0897,0.0,0.0,0.0,0.0,0.0,1.1025397,0.0,1.2098918,1.3075613,0.0,0.0,0.9953977,0.5730531,0.0,0.0,0.0,1.3085287,1.4636271,0.32325557,0.20782618,0.0,0.73876214,0.0,0.7599187,0.0,0.41180578,1.3550162,0.0,0.75450355,0.13503288,1.3080204,0.0,0.057160225,11
B0898,0.0,0.0,0.0,0.0,0.0,1.0358548,0.0,1.147178,1.2929953,0.0,0.0,0.74205273,0.44650385,0.0,0.0,0.0,0.90482444,1.4135996,0.22596085,0.18632999,0.0,0.63453007,0.0,0.48766154,0.0,0.18271889,1.1734769,0.0,0.5736809,0.09401983,1.0813379,0.0,0.08416996,11
B0899,0.0,0.0,0.0,0.0,0.0,1.1428021,0.0,1.3234572,1.3326876,0.0,0.0,1.5234108,0.7803792,0.0,0.0,0.0,1.9154329,1.8031986,0.4697956,0.2399825,0.0,0.83879983,0.0,1.279344,0.0,0.83216393,1.6784545,0.0,1.1032472,0.2289263,1.487066,0.0,0.02834052,11
B0900,0.0,0.0,0.0,0.0,0.0,1.1346797,0.0,1.2770423,1.2916257,0.0,0.0,1.0281601,0.5762871,0.0,0.0,0.0,1.3230038,1.4865187,0.3491832,0.2255204,0.0,0.7443615,0.0,0.82622874,0.0,0.40758383,1.3467021,0.0,0.7896552,0.12777711,1.2922173,0.0,0.054255586,11
B0901,0.0,0.0,0.0,0.0,0.0,1.2676194,0.0,1.407728,1.2938743,0.0,0.0,1.1856251,0.59897333,0.0,0.0,0.0,1.450006,1.5256814,0.39428538,0.25781822,0.0,0.7455008,0.0,0.98147064,0.0,0.5052846,1.4342787,0.0,0.9069706,0.1261102,1.3535525,0.0,0.04361062,11
B0902,0.0,0.0,0.0,0.0,0.0,1.1002359,0.0,1.4474189,1.3365312,0.0,0.0,1.3913865,0.8211743,0.0,0.0,0.0,1.9200869,1.497479,0.5487039,0.216804,0.0,0.89690113,0.0,1.2915552,0.0,0.7884654,1.7137415,0.0,1.0928586,0.28654787,1.5759897,0.0,0.029370014,11
B0903,0.0,0.0,0.0,0.0,0.0,1.0638762,0.0,1.2579933,1.242151,0.0,0.0,1.006702,0.5693333,0.0,0.0,0.0,1.2653387,1.4299107,0.3821652,0.2185443,0.0,0.70847654,0.0,0.8365773,0.0,0.420025,1.2692369,0.0,0.7861395,0.15553789,1.2276585,0.0,0.058732618,11
B0904,0.0,0.0,0.0,0.0,0.0,1.2632632,0.0,1.2763875,1.3600624,0.0,0.0,1.2028611,0.60351247,0.0,0.0,0.0,1.5707512,1.4878571,0.39227778,0.24480939,0.0,0.7293972,0.0,0.95394063,0.0,0.5675299,1.4981093,0.0,0.917902,0.11654627,1.435563,0.0,0.042378325,11
B0905,0.0,0.0,0.0,0.0,0.0,1.2503086,0.0,1.2708907,1.4141484,0.0,0.0,1.226384,0.6321941,0.0,0.0,0.0,1.6378474,1.5030861,0.37625924,0.23550345,0.0,0.75184107,0.0,0.9383606,0.0,0.6108018,1.5384908,0.0,0.92426676,0.1268209,1.4954721,0.0,0.040256713,11
B0906,0.0,0.0,0.0,0.0,0.0,1.1201786,0.0,1.4067264,1.2992964,0.0,0.0,1.3618644,0.7899762,0.0,0.0,0.0,1.833382,1.4552035,0.51311725,0.22628477,0.0,0.86814904,0.0,1.2187756,0.0,0.7832279,1.6869998,0.0,1.0782112,0.2650758,1.5094941,0.0,0.032213405,11
B0907,0.0,0.0,0.0,0.0,0.0,0.9868985,0.0,1.2127385,1.2787254,0.0,0.0,0.72678924,0.47474024,0.0,0.0,0.0,0.8485334,1.5106238,0.27507985,0.18987772,0.0,0.6896001,0.0,0.50565225,0.0,0.1439954,1.184742,0.0,0.59150463,0.1323828,1.1054617,0.0,0.08177533,11
B0908,0.0,0.0,0.0,0.0,0.0,1.0535736,0.0,0.22327805,1.1335671,0.0,0.0,0.7286084,0.06693515,0.0,0.0,0.0,0.37275934,1.7180773,0.0,0.24087054,0.0,0.384161,0.0,0.3023501,0.0,0.0,0.8244902,0.0,0.28163138,0.0,0.90741634,0.0,0.1433844,11
B0909,0.0,0.0,0.0,0.0,0.0,1.0582721,0.0,1.2652922,1.1897523,0.0,0.0,0.9948846,0.5297682,0.0,0.0,0.0,1.1673526,1.3871313,0.4108409,0.22772534,0.0,0.66350883,0.0,0.8447147,0.0,0.3924686,1.225421,0.0,0.76849437,0.16319458,1.1326866,0.0,0.06328209,11
B0910,0.0,0.0,0.0,0.0,0.0,1.1076431,0.0,1.360594,1.2519273,0.0,0.0,1.3924077,0.77265525,0.0,0.0,0.0,1.7880001,1.4724904,0.47548705,0.22193591,0.0,0.835571,0.0,1.1940069,0.0,0.781266,1.6765069,0.0,1.0065701,0.26381534,1.4472728,0.0,0.03419608,11
B0911,0.0,0.0,0.0,0.0,0.0,1.1592507,0.0,1.3606013,1.2211891,0.0,0.0,1.1023548,0.5421761,0.0,0.0,0.0,1.1329881,1.6589926,0.46170202,0.26967302,0.0,0.71857965,0.0,0.9198931,0.0,0.36140358,1.3018097,0.0,0.93015015,0.15543655,1.2106632,0.0,0.052247435,11
B0912,0.0,0.0,0.0,0.0,0.0,1.3012931,0.0,1.4760708,1.4390147,0.0,0.0,1.5901592,0.74978846,0.0,0.0,0.0,2.0235138,2.1308534,0.5527688,0.2889738,0.0,0.919005,0.0,1.4018581,0.0,0.77112234,1.7441341,0.0,1.1772103,0.17535149,1.5078585,0.0,0.021818545,11
B0913,0.0,0.0,0.0,0.0,0.0,1.2712932,0.0,1.2965838,1.2958596,0.0,0.0,1.1728199,0.4558736,0.0,0.0,0.0,1.236383,1.4311535,0.5000888,0.2820219,0.0,0.45385075,0.0,0.92522836,0.0,0.53734875,1.1922934,0.0,0.9356433,0.09604446,1.1370764,0.0,0.054299854,11
B0914,0.0,0.0,0.0,0.0,0.0,1.0341243,0.0,1.1647162,1.1834509,0.0,0.0,0.8736291,0.4409304,0.0,0.0,0.0,0.86213773,1.5457249,0.288687,0.21625666,0.0,0.6310197,0.0,0.6214505,0.0,0.1919105,1.1366463,0.0,0.6458385,0.10195297,1.0510577,0.0,0.07924034,11
B0915,0.0,0.0,0.0,0.0,0.0,1.1023672,0.0,1.3999455,1.335665,0.0,0.0,1.3675243,0.80026686,0.0,0.0,0.0,1.8599107,1.4280734,0.5012111,0.21353593,0.0,0.85991824,0.0,1.2024546,0.0,0.8303179,1.6877902,0.0,1.0731922,0.2720104,1.5254399,0.0,0.032091618,11
B0916,0.0,0.0,0.0,0.0,0.0,1.2272544,0.0,1.2803136,1.4078584,0.0,0.0,1.2220981,0.64684504,0.0,0.0,0.0,1.6503012,1.5018775,0.39146718,0.2325857,0.0,0.7672238,0.0,0.9565296,0.0,0.62397325,1.53867,0.0,0.93408954,0.14176548,1.5004613,0.0,0.039828856,11
B0917,0.0,0.0,0.0,0.0,0.0,1.1361529,0.0,1.4322902,1.2547674,0.0,0.0,1.3658884,0.76975524,0.0,0.0,0.0,1.7674136,1.4642137,0.5096902,0.23558958,0.0,0.8636781,0.0,1.2241193,0.0,0.73946023,1.6909558,0.0,1.0402642,0.26709718,1.4744519,0.0,0.03311362,11
B0918,0.0,0.0,0.0,0.0,0.0,0.9650736,0.0,1.1929824,1.2157893,0.0,0.0,0.8002975,0.51013577,0.0,0.0,0.0,1.0325323,1.4115746,0.3345831,0.19386104,0.0,0.7115254,0.0,0.6356513,0.0,0.2373856,1.2119322,0.0,0.61579585,0.15287137,1.1593795,0.0,0.07541837,11
B0919,0.0,0.0,0.0,0.0,0.0,0.8301681,0.0,1.1357958,1.194215,0.0,0.0,0.76267076,0.52256197,0.0,0.0,0.0,1.0621148,1.2897286,0.39613795,0.18349005,0.0,0.64915586,0.0,0.6479673,0.0,0.28336334,1.1312127,0.0,0.5767447,0.17549239,1.0525572,0.0,0.08308009,11
B0920,0.0,0.0,0.0,0.0,0.0,1.092203,0.0,1.2490973,1.2257179,0.0,0.0,0.99583435,0.54516876,0.0,0.0,0.0,1.207686,1.4533517,0.39372355,0.22661686,0.0,0.69991475,0.0,0.8298428,0.0,0.3887211,1.2735199,0.0,0.76704,0.14968142,1.2140108,0.0,0.059934888,11
B0921,0.0,0.0,0.0,0.0,0.0,0.9226689,0.0,1.218103,1.2647635,0.0,0.0,0.62143725,0.42595622,0.0,0.0,0.0,0.72426885,1.4519593,0.32404613,0.19307084,0.0,0.67508304,0.0,0.42329228,0.0,0.04560867,1.2378502,0.0,0.49667713,0.14824246,1.0652983,0.0,0.091335714,11
B0922,0.0,0.0,0.0,0.0,0.0,1.2183708,0.0,1.2727638,1.392302,0.0,0.0,1.2077671,0.64710635,0.0,0.0,0.0,1.7085594,1.5379864,0.42585677,0.2479685,0.0,0.8060583,0.0,1.0167894,0.0,0.59130055,1.5806484,0.0,0.9907762,0.13217796,1.516015,0.0,0.037858024,11
B0923,0.0,0.0,0.0,0.0,0.0,1.2081429,0.0,1.2776313,1.4046929,0.0,0.0,1.2196043,0.6573651,0.0,0.0,0.0,1.6632069,1.4967096,0.4077744,0.22820279,0.0,0.7730547,0.0,0.9731186,0.0,0.6432172,1.5346503,0.0,0.93989736,0.15551737,1.5064689,0.0,0.0395747,11
B0924,0.0,0.0,0.0,0.0,0.0,1.046424,0.0,1.223883,1.2606151,0.0,0.0,0.867937,0.5411911,0.0,0.0,0.0,1.1312684,1.499852,0.3216545,0.20583718,0.0,0.7569287,0.0,0.6958988,0.0,0.2686249,1.26684,0.0,0.68943834,0.13084525,1.2078984,0.0,0.065927625,11
B0925,0.0,0.0,0.0,0.0,0.0,1.1219287,0.0,1.2264352,1.2826886,0.0,0.0,1.0031613,0.5638193,0.0,0.0,0.0,1.2809275,1.4989488,0.35959235,0.22177973,0.0,0.73633516,0.0,0.80229974,0.0,0.40216547,1.3316377,0.0,0.7989348,0.12985514,1.2834369,0.0,0.056318045,11
B0926,0.0,0.0,0.0,0.0,0.0,1.1464503,0.0,1.2816006,1.184721,0.0,0.0,1.1218278,0.5897126,0.0,0.0,0.0,1.4684544,1.3795984,0.42526284,0.23581326,0.0,0.7308768,0.0,1.0024943,0.0,0.52900344,1.4405246,0.0,0.8566149,0.16033232,1.3401643,0.0,0.04870955,11
B0927,0.0,0.0,0.0,0.0,0.0,0.9703491,0.0,1.2562284,1.2558326,0.0,0.0,0.885771,0.56035244,0.0,0.0,0.0,1.1228702,1.4512441,0.3922354,0.20200948,0.0,0.72755575,0.0,0.75089186,0.0,0.37136927,1.2376459,0.0,0.7306563,0.1940702,1.2237519,0.0,0.06510525,11
B0928,0.0,0.0,0.0,0.0,0.0,1.0420728,0.0,1.2269113,1.2703589,0.0,0.0,0.9277863,0.56074136,0.0,0.0,0.0,1.2092186,1.4531319,0.34043178,0.20711614,0.0,0.72680265,0.0,0.74633825,0.0,0.34691536,1.254248,0.0,0.7253356,0.13927655,1.2112527,0.0,0.063174956,11
B0929,0.0,0.0,0.0,0.0,0.0,1.0175762,0.0,1.2422059,1.2372601,0.0,0.0,0.8339722,0.5242919,0.0,0.0,0.0,1.0684866,1.4450457,0.3481431,0.20134164,0.0,0.74190813,0.0,0.6678378,0.0,0.26566803,1.2723815,0.0,0.6598235,0.15967478,1.2274896,0.0,0.06897308,11
B0930,0.0,0.0,0.0,0.0,0.0,1.1112689,0.0,1.2209581,1.2802097,0.0,0.0,1.0047154,0.575639,0.0,0.0,0.0,1.3244157,1.4976919,0.3807366,0.22261585,0.0,0.7594249,0.0,0.8368101,0.0,0.39958674,1.3565342,0.0,0.773684,0.1376151,1.2828356,0.0,0.055158094,11
B0931,0.0,0.0,0.0,0.0,0.0,0.98828,0.0,1.2345097,1.2562052,0.0,0.0,0.82300866,0.5252863,0.0,0.0,0.0,1.0457408,1.4419024,0.34727037,0.19407731,0.0,0.72236615,0.0,0.6584394,0.0,0.29569677,1.2416073,0.0,0.6711946,0.17081887,1.2206252,0.0,0.07028154,11
B0932,0.0,0.0,0.0,0.0,0.0,1.1929374,0.0,1.3106865,1.1977009,0.0,0.0,1.0218822,0.5036355,0.0,0.0,0.0,1.0886357,1.5112717,0.36039937,0.26003098,0.0,0.67366415,0.0,0.80744916,0.0,0.33176303,1.2729676,0.0,0.7939055,0.10918788,1.1599615,0.0,0.060328033,11
B0933,0.0,0.0,0.0,0.0,0.0,0.99337983,0.0,1.3581388,1.2263048,0.0,0.0,1.2621728,0.7487218,0.0,0.0,0.0,1.7913249,1.3236524,0.5100192,0.2016825,0.0,0.8293935,0.0,1.2055173,0.0,0.73056036,1.630625,0.0,0.9550805,0.28034484,1.4575034,0.0,0.03780817,11
B0934,0.0,0.0,0.0,0.0,0.0,0.98136574,0.0,1.0752661,1.3087107,0.0,0.0,0.9730852,0.57800525,0.0,0.0,0.0,1.3109146,1.4821196,0.3588193,0.18505324,0.0,0.70431626,0.0,0.7788968,0.0,0.48258683,1.2285886,0.0,0.7732013,0.14661936,1.2511436,0.0,0.06148859,11
B0935,0.0,0.0,0.0,0.0,0.0,1.0888795,0.0,1.2285233,1.3266184,0.0,0.0,1.0076818,0.5925605,0.0,0.0,0.0,1.3453884,1.4736664,0.34835497,0.20764092,0.0,0.75422776,0.0,0.79094434,0.0,0.44353515,1.3645898,0.0,0.78454024,0.14800861,1.3277469,0.0,0.054772247,11
B0936,0.0,0.0,0.0,0.0,0.0,1.2314658,0.0,1.283092,1.3885432,0.0,0.0,1.2137083,0.6308486,0.0,0.0,0.0,1.6035154,1.4886777,0.38932836,0.23391613,0.0,0.74542356,0.0,0.9490948,0.0,0.6120454,1.506177,0.0,0.92989343,0.13631597,1.4617064,0.0,0.041353177,11
B0937,0.0,0.0,0.0,0.0,0.0,1.0793687,0.0,1.3729572,1.2475141,0.0,0.0,1.3207551,0.7566901,0.0,0.0,0.0,1.7643976,1.3729455,0.50097394,0.21926722,0.0,0.8308331,0.0,1.1808031,0.0,0.7517747,1.651778,0.0,0.98947537,0.26965567,1.459322,0.0,0.036144376,11
B0938,0.0,0.0,0.0,0.0,0.0,0.79708207,0.0,1.0386755,1.1695845,0.0,0.0,0.52714044,0.3864366,0.0,0.0,0.0,0.6216096,1.2549762,0.33631158,0.16533996,0.0,0.58515126,0.0,0.3740622,0.0,0.16815744,1.1411061,0.0,0.46679676,0.17749104,0.9524077,0.0,0.112297,11
B0939,0.0,0.0,0.0,0.0,0.0,1.2955246,0.0,1.306809,1.3996713,0.0,0.0,1.2315676,0.6157958,0.0,0.0,0.0,1.5955796,1.5416701,0.3826992,0.250678,0.0,0.7447842,0.0,0.95357466,0.0,0.57250607,1.5286102,0.0,0.9375763,0.110654056,1.4757931,0.0,0.039885923,11
B0940,0.0,0.0,0.0,0.0,0.0,1.0441233,0.0,1.2538239,1.1847168,0.0,0.0,0.94744956,0.5649889,0.0,0.0,0.0,1.2455413,1.4354926,0.40033895,0.22249922,0.0,0.78442323,0.0,0.8547988,0.0,0.3606214,1.3694587,0.0,0.7247638,0.17313848,1.2489272,0.0,0.059123054,11
B0941,0.0,0.0,0.0,0.0,0.0,1.0667658,0.0,1.3849336,1.2404681,0.0,0.0,1.3322451,0.75079334,0.0,0.0,0.0,1.7447712,1.3647809,0.496542,0.21862864,0.0,0.8337353,0.0,1.1877489,0.0,0.7623007,1.6767435,0.0,0.9685253,0.27821088,1.4452957,0.0,0.0362946,11
B0942,0.0,0.0,0.0,0.0,0.0,1.0894816,0.0,1.2919838,1.2251737,0.0,0.0,0.98693335,0.5557028,0.0,0.0,0.0,1.1968243,1.4871131,0.3453188,0.22866207,0.0,0.7294302,0.0,0.8008407,0.0,0.33247423,1.2557502,0.0,0.7487581,0.13062328,1.1753296,0.0,0.06064891,11
B0943,0.0,0.0,0.0,0.0,0.0,1.1212565,0.0,1.2545409,1.294189,0.0,0.0,1.0008303,0.57196075,0.0,0.0,0.0,1.292791,1.5046623,0.35210383,0.22338441,0.0,0.7486981,0.0,0.8044363,0.0,0.3889904,1.3360084,0.0,0.79387003,0.12825081,1.2858979,0.0,0.055589814,11
B0944,0.0,0.0,0.0,0.0,0.0,0.9124123,0.0,1.1630821,1.265547,0.0,0.0,0.7143849,0.47616726,0.0,0.0,0.0,0.9096285,1.4155502,0.32839185,0.18383229,0.0,0.67087275,0.0,0.5137636,0.0,0.18860513,1.1616131,0.0,0.54893064,0.15561974,1.1130327,0.0,0.08471841,11
B0945,0.0,0.0,0.0,0.0,0.0,1.2748811,0.0,1.2922744,1.3469474,0.0,0.0,1.1996856,0.6016743,0.0,0.0,0.0,1.5579298,1.5259626,0.37435803,0.24658535,0.0,0.7472578,0.0,0.9516907,0.0,0.5309298,1.4908874,0.0,0.88728446,0.106360376,1.41967,0.0,0.04253625,11
B0946,0.0,0.0,0.0,0.0,0.0,1.2191533,0.0,1.3383791,1.3560276,0.0,0.0,1.1904162,0.6246392,0.0,0.0,0.0,1.5227208,1.4814142,0.38876724,0.23520151,0.0,0.72958755,0.0,0.953515,0.0,0.5925964,1.4309456,0.0,0.93200165,0.13975537,1.3935354,0.0,0.043415066,11
B0947,0.0,0.0,0.0,0.0,0.0,1.1188877,0.0,1.378578,1.3455467,0.0,0.0,1.4104269,0.8071027,0.0,0.0,0.0,1.888982,1.523278,0.5071344,0.2195136,0.0,0.8690307,0.0,1.2325306,0.0,0.8353448,1.7062423,0.0,1.083015,0.26937437,1.5453296,0.0,0.03039374,11
B0948,0.0,0.0,0.0,0.0,0.0,1.3150848,0.0,1.3392408,1.2946291,0.0,0.0,1.2016056,0.56001425,0.0,0.0,0.0,1.4148221,1.4950895,0.39883718,0.2624359,0.0,0.6913891,0.0,0.9646293,0.0,0.5302815,1.4429862,0.0,0.9055064,0.111918256,1.3528793,0.0,0.04484294,11
B0949,0.0,0.0,0.0,0.0,0.0,1.248937,0.0,1.5092759,1.4015818,0.0,0.0,1.4311118,0.7644566,0.0,0.0,0.0,1.8800794,1.7748194,0.5396825,0.25996557,0.0,0.9251137,0.0,1.3013275,0.0,0.748394,1.7356896,0.0,1.1360859,0.24093924,1.5140767,0.0,0.02626756,11
B0950,0.0,0.0,0.0,0.0,0.0,1.3030579,0.0,1.3387973,1.3548715,0.0,0.0,1.1870801,0.5871335,0.0,0.0,0.0,1.5376745,1.5317914,0.3774772,0.257771,0.0,0.7299739,0.0,0.9670792,0.0,0.49507147,1.461466,0.0,0.9006901,0.08776087,1.4054291,0.0,0.04240312,11
B0951,0.0,0.0,0.0,0.0,0.0,1.0598971,0.0,1.2301505,1.2041306,0.0,0.0,1.003825,0.5228854,0.0,0.0,0.0,1.1346557,1.398721,0.414529,0.22765848,0.0,0.6374424,0.0,0.80758154,0.0,0.41961,1.214928,0.0,0.786732,0.16145346,1.1487998,0.0,0.06422798,11
B0952,0.0,0.0,0.0,0.0,0.0,0.96731037,0.0,1.1942093,1.123857,0.0,0.0,0.92752117,0.5050222,0.0,0.0,0.0,1.127564,1.301697,0.45750567,0.21611896,0.0,0.58695465,0.0,0.8479695,0.0,0.37419495,1.1393714,0.0,0.7143353,0.17438348,1.0739405,0.0,0.071582325,11
B0953,0.0,0.0,0.0,0.0,0.0,1.130461,0.0,1.2401719,1.2958454,0.0,0.0,1.0276842,0.56549567,0.0,0.0,0.0,1.3382189,1.4798138,0.35105392,0.2255333,0.0,0.73472065,0.0,0.8323949,0.0,0.4074522,1.3620615,0.0,0.77374065,0.12242842,1.2950296,0.0,0.054569006,11
B0954,0.0,0.0,0.0,0.0,0.0,1.1088853,0.0,1.3158808,1.3522565,0.0,0.0,1.4851557,0.8105426,0.0,0.0,0.0,1.9004039,1.6522408,0.48956296,0.22755282,0.0,0.8581788,0.0,1.2693002,0.0,0.8666421,1.707238,0.0,1.0753384,0.27163494,1.529434,0.0,0.029313948,11
B0955,0.0,0.0,0.0,0.0,0.0,1.1981978,0.0,1.2376629,1.2920028,0.0,0.0,1.1702242,0.605862,0.0,0.0,0.0,1.5851662,1.4858204,0.40699503,0.23784545,0.0,0.7548838,0.0,0.9824157,0.0,0.5562384,1.4818289,0.0,0.9121455,0.12701428,1.4075696,0.0,0.04386704,11
B0956,0.0,0.0,0.0,0.0,0.0,1.1806369,0.0,1.5280118,1.3043149,0.0,0.0,1.4352225,0.7847403,0.0,0.0,0.0,1.8523357,1.6528851,0.56560475,0.25311887,0.0,0.9140974,0.0,1.3506935,0.0,0.6770477,1.7181914,0.0,1.0949485,0.2638613,1.5541086,0.0,0.027744874,11
B0957,0.0,0.0,0.0,0.0,0.0,0.9246109,0.0,0.22993267,1.067955,0.0,0.0,0.6773538,0.15497461,0.0,0.0,0.0,0.5416162,1.3828804,0.0,0.21131563,0.0,0.3313836,0.0,0.2630114,0.0,0.0,0.8004563,0.0,0.27480346,0.0,1.0068874,0.0,0.15306494,11
B0958,0.0,0.0,0.0,0.0,0.0,1.4365381,0.0,1.5597174,1.3510797,0.0,0.0,1.2338368,0.55302525,0.0,0.0,0.0,1.3850582,1.6982298,0.39658177,0.3133338,0.0,0.71374166,0.0,1.0055261,0.0,0.42582,1.3947322,0.0,1.0073236,0.05154513,1.3607802,0.0,0.03913884,11
B0959,0.0,0.0,0.0,0.0,0.0,1.6982625,0.0,1.3976251,1.5485466,0.0,0.0,0.9103098,0.2089805,0.0,0.0,0.0,0.7828802,1.5896698,0.18529922,0.27333224,0.0,0.4866772,0.0,0.4536427,0.0,0.0,1.461315,0.0,0.56123126,0.0,1.3196357,0.0,0.06313425,11
B0960,0.0,0.0,0.0,0.0,0.0,1.0162766,0.0,1.1878555,1.2374451,0.0,0.0,0.8755554,0.5315717,0.0,0.0,0.0,1.0846517,1.5021574,0.3134513,0.1988287,0.0,0.7250701,0.0,0.6810851,0.0,0.28544334,1.2167912,0.0,0.6597937,0.13891692,1.1749864,0.0,0.06945397,11
B0961,0.0,0.0,0.0,0.0,0.0,1.1015278,0.0,1.3862686,1.2579749,0.0,0.0,1.3537204,0.7726772,0.0,0.0,0.0,1.7851834,1.4265401,0.50310355,0.22273533,0.0,0.85042894,0.0,1.2107203,0.0,0.7627287,1.6746907,0.0,1.0220152,0.26999795,1.4702227,0.0,0.03421394,11
B0962,0.0,0.0,0.0,0.0,0.0,1.0572695,0.0,1.228451,1.1138285,0.0,0.0,0.93183535,0.5042906,0.0,0.0,0.0,1.0988296,1.4350908,0.34005278,0.22512363,0.0,0.67792004,0.0,0.7911912,0.0,0.28230107,1.172518,0.0,0.6986389,0.12702854,1.1135213,0.0,0.06920093,11
B0963,0.0,0.0,0.0,0.0,0.0,1.1031404,0.0,1.4036233,1.3051823,0.0,0.0,1.3575623,0.78907543,0.0,0.0,0.0,1.8201715,1.4123805,0.49546316,0.21583158,0.0,0.85168195,0.0,1.192774,0.0,0.8089732,1.6792428,0.0,1.0504115,0.27230874,1.5025548,0.0,0.03321618,11
B0964,0.0,0.0,0.0,0.0,0.0,0.8999455,0.0,1.1134068,1.2555735,0.0,0.0,0.69434386,0.45904016,0.0,0.0,0.0,0.7833526,1.3914127,0.27468058,0.16525498,0.0,0.62573785,0.0,0.40977287,0.0,0.17777881,1.1039188,0.0,0.46616763,0.15451999,1.0459989,0.0,0.09545918,11
B0965,0.0,0.0,0.0,0.0,0.0,1.2771564,0.0,1.3009679,1.3782614,0.0,0.0,1.2280122,0.6131469,0.0,0.0,0.0,1.5789201,1.5186746,0.39457774,0.2472931,0.0,0.7440017,0.0,0.9621206,0.0,0.58637154,1.5275671,0.0,0.9326799,0.12570558,1.4617656,0.0,0.040590193,11
B0966,0.0,0.0,0.0,0.0,0.0,1.2214699,0.0,1.2889434,1.3991884,0.0,0.0,1.2157072,0.64703345,0.0,0.0,0.0,1.6360081,1.4998512,0.3879151,0.23153296,0.0,0.76652145,0.0,0.9558661,0.0,0.61604977,1.5240542,0.0,0.9290043,0.14237085,1.4858564,0.0,0.040344175,11
B0967,0.0,0.0,0.0,0.0,0.0,1.7060964,0.0,1.6446227,1.4663091,0.0,0.0,1.3558726,0.5406523,0.0,0.0,0.0,1.3244623,2.0621128,0.32370913,0.35368317,0.0,0.8195621,0.0,0.98390526,0.0,0.2475616,1.6397442,0.0,1.0895686,0.0,1.5403974,0.0,0.030461058,11
B0968,0.0,0.0,0.0,0.0,0.0,1.153432,0.0,1.3077161,1.3844774,0.0,0.0,1.5926572,0.7858402,0.0,0.0,0.0,1.9783915,1.939451,0.47384125,0.24199563,0.0,0.83672106,0.0,1.3158357,0.0,0.87228787,1.6861728,0.0,1.1142691,0.21873574,1.5125681,0.0,0.02600184,11
B0969,0.0,0.0,0.0,0.0,0.0,0.98289156,0.0,1.224814,1.2703062,0.0,0.0,0.85209346,0.53560483,0.0,0.0,0.0,1.068776,1.4469912,0.3252499,0.19734482,0.0,0.7039123,0.0,0.66285515,0.0,0.30508155,1.2091918,0.0,0.6711932,0.15298024,1.1582136,0.0,0.07070844,11
B0970,0.0,0.0,0.0,0.0,0.0,0.93187416,0.0,1.1914668,1.1751473,0.0,0.0,0.7169678,0.45438147,0.0,0.0,0.0,0.8219807,1.4284866,0.31284112,0.19980338,0.0,0.67270887,0.0,0.52616966,0.0,0.11752887,1.1300071,0.0,0.5229764,0.14394161,1.0324643,0.0,0.08902878,11
B0971,0.0,0.0,0.0,0.0,0.0,1.1021776,0.0,1.3942153,1.2464277,0.0,0.0,1.3462943,0.77034134,0.0,0.0,0.0,1.7663175,1.412967,0.5017821,0.22380424,0.0,0.84914345,0.0,1.2042031,0.0,0.7544401,1.6687169,0.0,1.0130992,0.27200386,1.4635198,0.0,0.034737293,11
B0972,0.0,0.0,0.0,0.0,0.0,1.2334434,0.0,1.095573,1.3447518,0.0,0.0,1.3408545,0.64315265,0.0,0.0,0.0,1.7100887,1.8199427,0.3637635,0.2386031,0.0,0.7820198,0.0,1.0337957,0.0,0.6506717,1.5047135,0.0,0.97944653,0.104857504,1.49521,0.0,0.037019342,11
B0973,0.0,0.0,0.0,0.0,0.0,0.94506747,0.0,1.1846004,1.2575186,0.0,0.0,0.7155595,0.47113293,0.0,0.0,0.0,0.86749697,1.421802,0.29530698,0.18119776,0.0,0.6700262,0.0,0.49568588,0.0,0.18492146,1.1721988,0.0,0.55902916,0.1507147,1.1278903,0.0,0.084792,11
B0974,0.0,0.0,0.0,0.0,0.0,1.079628,0.0,1.3965139,1.2734277,0.0,0.0,1.3528795,0.779672,0.0,0.0,0.0,1.8165809,1.4511319,0.5189378,0.22053224,0.0,0.8517914,0.0,1.2355671,0.0,0.7526305,1.6687715,0.0,1.0220125,0.27417138,1.5078481,0.0,0.033347253,11
B0975,0.0,0.0,0.0,0.0,0.0,1.0746207,0.0,1.2041199,1.3097961,0.0,0.0,0.9401299,0.5617241,0.0,0.0,0.0,1.2443545,1.4599347,0.31230333,0.20075506,0.0,0.73608,0.0,0.71878606,0.0,0.36586928,1.3205212,0.0,0.7294596,0.13409969,1.2767904,0.0,0.06089229,11
B0976,0.0,0.0,0.0,0.0,0.0,1.1284251,0.0,1.2537845,1.3354622,0.0,0.0,1.0311785,0.58787954,0.0,0.0,0.0,1.3594756,1.4832249,0.32566077,0.21500206,0.0,0.7450945,0.0,0.79727423,0.0,0.43117452,1.365437,0.0,0.7916511,0.1274539,1.3245281,0.0,0.0535715,11
B0977,0.0,0.0,0.0,0.0,0.0,1.1006589,0.0,1.399851,1.3273937,0.0,0.0,1.3634028,0.79669833,0.0,0.0,0.0,1.8497164,1.4226878,0.49982125,0.21377207,0.0,0.8574163,0.0,1.2000122,0.0,0.82417333,1.6851883,0.0,1.0663388,0.27207965,1.5190938,0.0,0.03243334,11
B0978,0.0,0.0,0.0,0.0,0.0,1.0939577,0.0,1.2394865,1.305936,0.0,0.0,0.9909239,0.57254153,0.0,0.0,0.0,1.2731807,1.4591479,0.33310792,0.2090081,0.0,0.7269213,0.0,0.7716335,0.0,0.41416603,1.3120784,0.0,0.7730042,0.13826242,1.2752719,0.0,0.05795006,11
B0979,0.0,0.0,0.0,0.0,0.0,1.256861,0.0,1.3506287,1.2815928,0.0,0.0,1.0491133,0.5060463,0.0,0.0,0.0,1.1587594,1.5077271,0.3561733,0.26019534,0.0,0.64896697,0.0,0.7967101,0.0,0.34782222,1.2805961,0.0,0.78606445,0.08562657,1.1780722,0.0,0.057090286,11
B0980,0.0,0.0,0.0,0.0,0.0,1.107268,0.0,1.4032546,1.3288107,0.0,0.0,1.3721745,0.79830354,0.0,0.0,0.0,1.848115,1.4338049,0.4979713,0.21316606,0.0,0.85821503,0.0,1.1995295,0.0,0.82705206,1.6871789,0.0,1.0592909,0.273775,1.5265975,0.0,0.032212768,11
B0981,0.0,0.0,0.0,0.0,0.0,0.92560935,0.0,1.0985159,1.2115691,0.0,0.0,0.6927047,0.41042453,0.0,0.0,0.0,0.7380824,1.3742175,0.2836529,0.18312576,0.0,0.5659851,0.0,0.4379469,0.0,0.13608272,1.057124,0.0,0.4337315,0.13198307,0.954331,0.0,0.1006205,11
B0982,0.0,0.0,0.0,0.0,0.0,1.2715306,0.0,1.2828667,1.432776,0.0,0.0,1.2302139,0.6300943,0.0,0.0,0.0,1.647368,1.5198009,0.35471955,0.2391688,0.0,0.7555104,0.0,0.92602396,0.0,0.58944744,1.5496708,0.0,0.91489387,0.11240937,1.5058722,0.0,0.03974935,11
B0983,0.0,0.0,0.0,0.0,0.0,1.105908,0.0,1.2615128,1.342492,0.0,0.0,1.0582559,0.62019134,0.0,0.0,0.0,1.4349898,1.4936953,0.37748986,0.21500564,0.0,0.7796906,0.0,0.85772324,0.0,0.4966979,1.4113364,0.0,0.8227885,0.15889142,1.3784856,0.0,0.049609926,11
B0984,0.0,0.0,0.0,0.0,0.0,1.1412066,0.0,1.3317704,1.3478444,0.0,0.0,1.5051639,0.78113264,0.0,0.0,0.0,1.9010214,1.7471383,0.49140334,0.23885746,0.0,0.8575628,0.0,1.287553,0.0,0.8253246,1.6955365,0.0,1.0773481,0.24705297,1.5097418,0.0,0.028536404,11
B0985,0.0,0.0,0.0,0.0,0.0,1.102392,0.0,1.4019725,1.3282151,0.0,0.0,1.3631411,0.79688853,0.0,0.0,0.0,1.8519732,1.4256375,0.5013612,0.21471858,0.0,0.8590514,0.0,1.2022507,0.0,0.8221103,1.6867104,0.0,1.0707736,0.27134418,1.5209116,0.0,0.032302197,11
B0986,0.0,0.0,0.0,0.0,0.0,1.0104003,0.0,1.2102247,1.2366512,0.0,0.0,0.8741275,0.5429499,0.0,0.0,0.0,1.1534264,1.4335653,0.35946104,0.20104882,0.0,0.7444683,0.0,0.7183031,0.0,0.31668904,1.2793884,0.0,0.68127495,0.15879469,1.2299284,0.0,0.06628965,11
B0987,0.0,0.0,0.0,0.0,0.0,0.9941517,0.0,1.2380177,1.2596049,0.0,0.0,0.87210214,0.5509644,0.0,0.0,0.0,1.1173711,1.444204,0.35754454,0.19727252,0.0,0.7310779,0.0,0.71568877,0.0,0.3440173,1.2493556,0.0,0.7048777,0.17403176,1.2223012,0.0,0.06642551,11
B0988,0.0,0.0,0.0,0.0,0.0,1.0999861,0.0,1.3978989,1.3254461,0.0,0.0,1.3626151,0.7964415,0.0,0.0,0.0,1.8493667,1.423078,0.4996674,0.21350636,0.0,0.85682046,0.0,1.2003803,0.0,0.82300484,1.6838255,0.0,1.0661409,0.2719283,1.5181925,0.0,0.03248577,11
B0989,0.0,0.0,0.0,0.0,0.0,0.8412926,0.0,1.146719,1.1006147,0.0,0.0,0.7584776,0.49795496,0.0,0.0,0.0,0.9211236,1.2719976,0.37419683,0.18842435,0.0,0.6163921,0.0,0.6336746,0.0,0.27331972,1.0798068,0.0,0.5420737,0.18838267,0.9941608,0.0,0.09012665,11
B0990,0.0,0.0,0.0,0.0,0.0,1.197464,0.0,1.294447,1.3783946,0.0,0.0,1.1909006,0.64767444,0.0,0.0,0.0,1.6759486,1.5052159,0.43802434,0.23978315,0.0,0.7934247,0.0,1.0148644,0.0,0.5869224,1.5300757,0.0,0.9553922,0.14335799,1.4801862,0.0,0.039467584,11
B0991,0.0,0.0,0.0,0.0,0.0,1.2754892,0.0,1.2913228,1.3793956,0.0,0.0,1.2145711,0.6089661,0.0,0.0,0.0,1.5673245,1.5056044,0.39049542,0.2450795,0.0,0.72646046,0.0,0.95260435,0.0,0.5810564,1.4920919,0.0,0.92878115,0.11765062,1.4407973,0.0,0.041684225,11
B0992,0.0,0.0,0.0,0.0,0.0,0.86400104,0.0,0.18761855,1.0170269,0.0,0.0,0.5398844,0.13424021,0.0,0.0,0.0,0.23375666,1.5314385,0.0,0.19557914,0.0,0.37554324,0.0,0.16813934,0.0,0.0,0.7478418,0.0,0.0976361,0.0,0.77720594,0.0,0.18057285,11
B0993,0.0,0.0,0.0,0.0,0.0,1.2169164,0.0,1.2961195,1.3865142,0.0,0.0,1.2101922,0.6426751,0.0,0.0,0.0,1.6116577,1.4912326,0.39582533,0.23219094,0.0,0.758662,0.0,0.9617963,0.0,0.61722165,1.5065436,0.0,0.9352789,0.14611678,1.4659683,0.0,0.040949076,11
B0994,0.0,0.0,0.0,0.0,0.0,1.3443551,0.0,1.1827313,1.3732133,0.0,0.0,1.0501262,0.35885826,0.0,0.0,0.0,1.0125014,1.7631352,0.22687542,0.25773534,0.0,0.53664285,0.0,0.6801455,0.0,0.28706223,1.2197902,0.0,0.69981706,0.0,1.1938202,0.0,0.061560225,11
B0995,0.0,0.0,0.0,0.0,0.0,1.0730846,0.0,1.3932558,1.3523082,0.0,0.0,1.3785295,0.81335235,0.0,0.0,0.0,1.9012617,1.4314437,0.5127103,0.19873546,0.0,0.8581774,0.0,1.2192141,0.0,0.84325576,1.6839824,0.0,1.031835,0.29053956,1.5685318,0.0,0.031596463,11
B0996,0.0,0.0,0.0,0.0,0.0,1.1030533,0.0,1.4001869,1.3341908,0.0,0.0,1.3669682,0.7996483,0.0,0.0,0.0,1.8581601,1.4277833,0.5010622,0.21393158,0.0,0.8597135,0.0,1.2021075,0.0,0.82895434,1.6876597,0.0,1.0731272,0.27178788,1.5244327,0.0,0.03212808,11
B0997,0.0,0.0,0.0,0.0,0.0,0.8972635,0.0,1.2056051,1.2766356,0.0,0.0,0.67959213,0.44579962,0.0,0.0,0.0,0.82779527,1.471843,0.26648772,0.20320523,0.0,0.64737904,0.0,0.4830735,0.0,0.11036694,1.1350197,0.0,0.48160735,0.121649146,0.9742857,0.0,0.090260595,11
B0998,0.0,0.0,0.0,0.0,0.0,0.95560193,0.0,1.1391523,1.1989679,0.0,0.0,0.91514075,0.55743283,0.0,0.0,0.0,1.3295147,1.3273289,0.42809469,0.1961641,0.0,0.6989722,0.0,0.85444844,0.0,0.38748175,1.2338567,0.0,0.72693783,0.16245009,1.1951128,0.0,0.06460195,11
B0999,0.0,0.0,0.0,0.0,0.0,0.9721461,0.0,1.1713803,1.1666726,0.0,0.0,1.0087339,0.53451455,0.0,0.0,0.0,1.1882663,1.5891817,0.41494107,0.22184989,0.0,0.6778417,0.0,0.8991282,0.0,0.34451464,1.1459404,0.0,0.7791377,0.15274282,1.1384244,0.0,0.06283179,11
B1000,0.0,0.0,0.0,0.0,0.0,1.0631714,0.0,1.2361344,1.3328475,0.0,0.0,0.96558964,0.5956515,0.0,0.0,0.0,1.3200352,1.4991342,0.34688354,0.2046068,0.0,0.77413833,0.0,0.77530646,0.0,0.3920625,1.3418956,0.0,0.74082255,0.1481322,1.3070345,0.0,0.056447234,11
B1001,0.0,0.0,0.0,0.0,0.0,0.98705053,0.0,1.2122467,1.2867637,0.0,0.0,0.86827606,0.5379906,0.0,0.0,0.0,1.0854102,1.4683142,0.33692914,0.19839439,0.0,0.7007662,0.0,0.6632932,0.0,0.30857453,1.205428,0.0,0.6675086,0.15274957,1.167614,0.0,0.069758914,11
B1002,0.0,0.0,0.0,0.0,0.0,1.0179807,0.0,1.2625508,1.2845238,0.0,0.0,0.8697376,0.55165523,0.0,0.0,0.0,1.1264901,1.4628829,0.32339245,0.19979852,0.0,0.7417553,0.0,0.69307965,0.0,0.31326842,1.2666204,0.0,0.6865054,0.1525296,1.229496,0.0,0.06564447,11
B1003,0.0,0.0,0.0,0.0,0.0,1.2383763,0.0,1.3175613,1.315814,0.0,0.0,1.1360368,0.5789441,0.0,0.0,0.0,1.5477879,1.4707526,0.43184316,0.2554899,0.0,0.7290566,0.0,1.0186661,0.0,0.49584085,1.4308252,0.0,0.9549141,0.10062823,1.346425,0.0,0.043955166,11
B1004,0.0,0.0,0.0,0.0,0.0,1.0926678,0.0,1.323405,1.3338044,0.0,0.0,1.4292723,0.8057668,0.0,0.0,0.0,1.9056112,1.5608163,0.49856418,0.21612036,0.0,0.8563186,0.0,1.244313,0.0,0.8374249,1.7050843,0.0,1.0642786,0.26774386,1.5178387,0.0,0.030721633,11
B1005,0.0,0.0,0.0,0.0,0.0,1.2325308,0.0,1.2910573,1.4209096,0.0,0.0,1.2240901,0.6534206,0.0,0.0,0.0,1.6705883,1.5161843,0.38024634,0.23368484,0.0,0.78051114,0.0,0.95445585,0.0,0.6113738,1.5533859,0.0,0.9296993,0.13698006,1.515445,0.0,0.03911117,11
B1006,0.0,0.0,0.0,0.0,0.0,0.8736682,0.0,1.1150248,1.1714461,0.0,0.0,0.78584063,0.51463133,0.0,0.0,0.0,1.0075411,1.3396647,0.3775481,0.18115121,0.0,0.6551012,0.0,0.63665634,0.0,0.29449213,1.1326501,0.0,0.582779,0.18891963,1.0768557,0.0,0.08277132,11
B1007,0.0,0.0,0.0,0.0,0.0,1.2344723,0.0,1.28266,1.4276226,0.0,0.0,1.2277951,0.6545436,0.0,0.0,0.0,1.6830893,1.5166564,0.37809885,0.23290926,0.0,0.78215146,0.0,0.95072806,0.0,0.61554825,1.5636913,0.0,0.92609954,0.13609347,1.5266874,0.0,0.038867168,11
B1008,0.0,0.0,0.0,0.0,0.0,1.6670825,0.0,1.3584356,1.641835,0.0,0.0,1.0262398,0.26008597,0.0,0.0,0.0,0.97152245,1.5956144,0.19228244,0.27718896,0.0,0.44687492,0.0,0.4986469,0.0,0.26990518,1.4329674,0.0,0.7087765,0.0,1.3800981,0.0,0.05549705,11
B1009,0.0,0.0,0.0,0.0,0.0,1.240588,0.0,1.2524098,1.3121265,0.0,0.0,1.1727877,0.58778125,0.0,0.0,0.0,1.4930009,1.468201,0.39993492,0.23532929,0.0,0.7001407,0.0,0.9540893,0.0,0.57533836,1.3945785,0.0,0.92653555,0.11404588,1.343952,0.0,0.046062008,11
B1010,0.0,0.0,0.0,0.0,0.0,1.1007118,0.0,1.3982716,1.3243248,0.0,0.0,1.3629485,0.796258,0.0,0.0,0.0,1.8482833,1.4232101,0.4992432,0.21370947,0.0,0.85658455,0.0,1.1998724,0.0,0.82235754,1.6836061,0.0,1.0654932,0.2717113,1.5178285,0.0,0.03250469,11
B1011,0.0,0.0,0.0,0.0,0.0,1.1010063,0.0,1.3928262,1.3469863,0.0,0.0,1.3681154,0.8028003,0.0,0.0,0.0,1.8752092,1.4317317,0.50499403,0.21334684,0.0,0.86268497,0.0,1.2062428,0.0,0.83658206,1.6914401,0.0,1.0803747,0.27157256,1.5296211,0.0,0.031790186,11
B1012,0.0,0.0,0.0,0.0,0.0,1.1261034,0.0,1.3946211,1.3184307,0.0,0.0,1.3989649,0.7957185,0.0,0.0,0.0,1.8488346,1.5026047,0.50016683,0.22150213,0.0,0.86190647,0.0,1.2174733,0.0,0.8113898,1.6969796,0.0,1.0625939,0.2684151,1.5253179,0.0,0.03138779,11
B1013,0.0,0.0,0.0,0.0,0.0,1.537863,0.0,1.5785061,1.4458702,0.0,0.0,1.2730342,0.48579,0.0,0.0,0.0,1.3414948,1.7016432,0.44349086,0.3272089,0.0,0.6432,0.0,0.98823273,0.0,0.46463054,1.3989674,0.0,0.9618634,0.03173399,1.3757734,0.0,0.038230997,11
B1014,0.0,0.0,0.0,0.0,0.0,1.1309354,0.0,1.1763461,1.222007,0.0,0.0,1.1204641,0.53275335,0.0,0.0,0.0,1.3695688,1.3546991,0.4671167,0.23072465,0.0,0.59304833,0.0,0.974516,0.0,0.55979395,1.2507724,0.0,0.9429126,0.13803881,1.195247,0.0,0.054776505,11
B1015,0.0,0.0,0.0,0.0,0.0,0.9928714,0.0,1.2221347,1.2885991,0.0,0.0,0.8374622,0.49500284,0.0,0.0,0.0,0.9924185,1.4497298,0.29862893,0.206745,0.0,0.6470906,0.0,0.6030375,0.0,0.26691663,1.1644367,0.0,0.64184207,0.12737724,1.092725,0.0,0.07558172,11
B1016,0.0,0.0,0.0,0.0,0.0,1.0577271,0.0,1.1946585,1.1405613,0.0,0.0,1.0693753,0.5544498,0.0,0.0,0.0,1.3843675,1.2818613,0.44586688,0.21410069,0.0,0.6411804,0.0,0.98226345,0.0,0.53623664,1.2882526,0.0,0.8391979,0.17619073,1.2236223,0.0,0.057166945,11
B1017,0.0,0.0,0.0,0.0,0.0,1.1034342,0.0,1.4036427,1.328115,0.0,0.0,1.3653204,0.79727525,0.0,0.0,0.0,1.8500013,1.4275486,0.50088555,0.21497992,0.0,0.8592315,0.0,1.2026018,0.0,0.8236859,1.6878071,0.0,1.0704179,0.27204773,1.5207671,0.0,0.032259922,11
B1018,0.0,0.0,0.0,0.0,0.0,1.1568804,0.0,1.3486354,1.3274909,0.0,0.0,1.5323321,0.7650536,0.0,0.0,0.0,1.8985105,1.8031329,0.4578315,0.23275296,0.0,0.82376534,0.0,1.2512002,0.0,0.8307278,1.6660333,0.0,1.0617845,0.2182124,1.4800534,0.0,0.028796293,11
B1019,0.0,0.0,0.0,0.0,0.0,1.0357001,0.0,1.2557886,1.2806287,0.0,0.0,0.9610615,0.58664286,0.0,0.0,0.0,1.2530099,1.4586027,0.3802885,0.2055808,0.0,0.7542657,0.0,0.79952216,0.0,0.42593026,1.303278,0.0,0.7697478,0.17474967,1.2726603,0.0,0.05845227,11
B1020,0.0,0.0,0.0,0.0,0.0,1.1686089,0.0,1.4022261,1.3604616,0.0,0.0,1.0769589,0.5142276,0.0,0.0,0.0,1.0883044,1.6120983,0.43474174,0.28006065,0.0,0.59844404,0.0,0.78945374,0.0,0.45283312,1.2566177,0.0,0.92768705,0.1334462,1.1483759,0.0,0.054815687,11
B1021,0.0,0.0,0.0,0.0,0.0,0.8874748,0.0,1.0090461,1.1396794,0.0,0.0,0.8652622,0.47852013,0.0,0.0,0.0,0.94997793,1.2928841,0.4191354,0.19279335,0.0,0.54007053,0.0,0.6571771,0.0,0.41057643,1.0686119,0.0,0.6978153,0.17352921,0.9956652,0.0,0.08618833,11
B1022,0.0,0.0,0.0,0.0,0.0,1.0757865,0.0,1.2963189,1.2373083,0.0,0.0,0.9950155,0.56108594,0.0,0.0,0.0,1.2447636,1.4324433,0.35226488,0.22440514,0.0,0.7063657,0.0,0.8198092,0.0,0.363912,1.2560682,0.0,0.7506026,0.13512434,1.1812148,0.0,0.060133472,11
B1023,0.0,0.0,0.0,0.0,0.0,1.22537,0.0,1.572003,1.2883134,0.0,0.0,1.4250998,0.762328,0.0,0.0,0.0,1.8173699,1.6538258,0.57435864,0.28151703,0.0,0.906605,0.0,1.3392475,0.0,0.62977195,1.7147994,0.0,1.1517459,0.24035928,1.540868,0.0,0.02765847,11
B1024,0.0,0.0,0.0,0.0,0.0,1.1277742,0.0,1.4209236,1.3657796,0.0,0.0,1.4537802,0.819584,0.0,0.0,0.0,1.8631799,1.5188137,0.5063102,0.21852887,0.0,0.8679537,0.0,1.2356186,0.0,0.8656524,1.7220792,0.0,1.0349975,0.2971924,1.5653108,0.0,0.029802972,11
B1025,0.0,0.0,0.0,0.0,0.0,1.101677,0.0,1.397965,1.3324771,0.0,0.0,1.365885,0.79895705,0.0,0.0,0.0,1.8576386,1.4270821,0.50054896,0.21341074,0.0,0.8589225,0.0,1.2015018,0.0,0.82817197,1.6864265,0.0,1.0715299,0.27144578,1.5233345,0.0,0.03221291,11
B1026,0.0,0.0,0.0,0.0,0.0,1.2690068,0.0,1.1179199,1.353414,0.0,0.0,1.3251481,0.6202239,0.0,0.0,0.0,1.639219,1.805013,0.37271717,0.24646246,0.0,0.76560897,0.0,1.0269867,0.0,0.6183001,1.463946,0.0,0.9643165,0.09491447,1.4680974,0.0,0.038227383,11
B1027,0.0,0.0,0.0,0.0,0.0,0.9084414,0.0,1.2215412,1.3400879,0.0,0.0,0.5007621,0.37641078,0.0,0.0,0.0,0.53549075,1.4431577,0.29179,0.17669445,0.0,0.6485196,0.0,0.26592487,0.0,0.003793627,1.3344358,0.0,0.48192382,0.15280929,1.1017529,0.0,0.09927636,11
B1028,0.0,0.0,0.0,0.0,0.0,0.95903766,0.0,1.1842123,1.1810911,0.0,0.0,0.7150117,0.45510447,0.0,0.0,0.0,0.83843917,1.4073024,0.2990405,0.1942969,0.0,0.68424463,0.0,0.51347744,0.0,0.11967713,1.166605,0.0,0.5200707,0.14034805,1.0705587,0.0,0.08790136,11
B1029,0.0,0.0,0.0,0.0,0.0,1.1264687,0.0,1.4259685,1.3041413,0.0,0.0,1.3739542,0.792374,0.0,0.0,0.0,1.8212583,1.4563229,0.5073356,0.22583742,0.0,0.8687101,0.0,1.2147193,0.0,0.7957723,1.6986922,0.0,1.0732186,0.27000666,1.5170902,0.0,0.031933855,11
B1030,0.0,0.0,0.0,0.0,0.0,1.1130419,0.0,1.3948419,1.3308946,0.0,0.0,1.3755884,0.80144596,0.0,0.0,0.0,1.8663497,1.465655,0.51425815,0.2202813,0.0,0.8684043,0.0,1.2210107,0.0,0.8149315,1.6915823,0.0,1.0793716,0.27143684,1.5365157,0.0,0.031444658,11
B1031,0.0,0.0,0.0,0.0,0.0,1.0433714,0.0,1.11531,1.3104882,0.0,0.0,0.9257308,0.4785797,0.0,0.0,0.0,0.9865076,1.535806,0.30137846,0.2193962,0.0,0.58711606,0.0,0.63917315,0.0,0.32063755,1.18036,0.0,0.66069674,0.12635273,1.0929279,0.0,0.07307113,11
B1032,0.0,0.0,0.0,0.0,0.0,1.2666514,0.0,1.4082165,1.2319317,0.0,0.0,1.1470481,0.47873265,0.0,0.0,0.0,1.1079445,1.5282677,0.465448,0.2884868,0.0,0.6048621,0.0,0.9335657,0.0,0.37313783,1.2940936,0.0,0.84482634,0.12086278,1.1730523,0.0,0.053611156,11
B1033,0.0,0.0,0.0,0.0,0.0,1.0915818,0.0,1.3832449,1.3249027,0.0,0.0,1.3572477,0.7954156,0.0,0.0,0.0,1.8521881,1.4084659,0.49925774,0.2118651,0.0,0.85177433,0.0,1.1962078,0.0,0.82513857,1.6790159,0.0,1.0599366,0.27193442,1.5099232,0.0,0.032921303,11
B1034,0.0,0.0,0.0,0.0,0.0,0.87001514,0.0,1.1285727,1.1770799,0.0,0.0,0.7189647,0.4912489,0.0,0.0,0.0,0.99635446,1.3054926,0.40071458,0.17606688,0.0,0.6726728,0.0,0.6048086,0.0,0.25871095,1.1599557,0.0,0.58730304,0.18609717,1.1101284,0.0,0.08415309,11
B1035,0.0,0.0,0.0,0.0,0.0,1.1348432,0.0,1.2620304,1.2189114,0.0,0.0,1.0239093,0.5460012,0.0,0.0,0.0,1.2345307,1.460647,0.37436062,0.2336368,0.0,0.71631014,0.0,0.84293795,0.0,0.39515808,1.3168573,0.0,0.77344614,0.13577737,1.2383249,0.0,0.057609893,11
B1036,0.0,0.0,0.0,0.0,0.0,1.1036351,0.0,1.4017384,1.3295124,0.0,0.0,1.3652961,0.79783326,0.0,0.0,0.0,1.8532755,1.4290097,0.5010006,0.21453232,0.0,0.8594686,0.0,1.2030406,0.0,0.8244946,1.6874146,0.0,1.0722253,0.27143764,1.5218346,0.0,0.03220936,11
B1037,0.0,0.0,0.0,0.0,0.0,1.0860586,0.0,1.2731695,1.3302639,0.0,0.0,1.0130761,0.6062712,0.0,0.0,0.0,1.3602293,1.4864872,0.35027367,0.21112481,0.0,0.7726753,0.0,0.8144587,0.0,0.43972078,1.3636999,0.0,0.7837585,0.1505849,1.3264115,0.0,0.053393975,11
B1038,0.0,0.0,0.0,0.0,0.0,1.1013278,0.0,1.3999815,1.326712,0.0,0.0,1.3644321,0.7971281,0.0,0.0,0.0,1.8491266,1.4239019,0.4996636,0.21390425,0.0,0.8573355,0.0,1.2004393,0.0,0.82413,1.68468,0.0,1.0663159,0.27228156,1.5191555,0.0,0.03242044,11
B1039,0.0,0.0,0.0,0.0,0.0,0.96966034,0.0,1.2495432,1.2579978,0.0,0.0,0.87285554,0.55364156,0.0,0.0,0.0,1.1001892,1.447676,0.36924213,0.20144896,0.0,0.7202996,0.0,0.7195144,0.0,0.3421441,1.2263827,0.0,0.70472556,0.18040594,1.1937051,0.0,0.067313075,11
B1040,0.0,0.0,0.0,0.0,0.0,1.3472817,0.0,1.3921466,1.3415952,0.0,0.0,1.2030947,0.57052714,0.0,0.0,0.0,1.4533936,1.5421197,0.34819627,0.26857015,0.0,0.7171827,0.0,0.93932605,0.0,0.47711018,1.459756,0.0,0.8867886,0.08308465,1.3794454,0.0,0.043104086,11
B1041,0.0,0.0,0.0,0.0,0.0,1.2395939,0.0,1.279146,1.4134449,0.0,0.0,1.2227631,0.6395117,0.0,0.0,0.0,1.6454406,1.504736,0.37415144,0.23377575,0.0,0.7616293,0.0,0.94040895,0.0,0.6070798,1.5387521,0.0,0.9197282,0.1301721,1.4955378,0.0,0.04016398,11
B1042,0.0,0.0,0.0,0.0,0.0,1.2827951,0.0,1.3118348,1.2351856,0.0,0.0,1.15676,0.52719927,0.0,0.0,0.0,1.3075688,1.4284165,0.42323217,0.26373532,0.0,0.62796485,0.0,0.9665644,0.0,0.526629,1.3334782,0.0,0.9409663,0.11691972,1.2536142,0.0,0.05005097,11
B1043,0.0,0.0,0.0,0.0,0.0,0.92496395,0.0,1.074676,1.1691184,0.0,0.0,0.77532154,0.46259984,0.0,0.0,0.0,0.86248815,1.5341265,0.29419687,0.19254658,0.0,0.66268843,0.0,0.56014335,0.0,0.17117648,1.1157691,0.0,0.5505373,0.13835347,1.0593181,0.0,0.08644038,11
B1044,0.0,0.0,0.0,0.0,0.0,1.1035376,0.0,1.4024421,1.3274028,0.0,0.0,1.3653743,0.797335,0.0,0.0,0.0,1.8504714,1.4283313,0.5004539,0.2147322,0.0,0.85899484,0.0,1.2025983,0.0,0.8234986,1.687213,0.0,1.0709192,0.27158886,1.5207398,0.0,0.032266743,11
B1045,0.0,0.0,0.0,0.0,0.0,0.9318912,0.0,1.1965637,1.1736279,0.0,0.0,0.7431925,0.4738332,0.0,0.0,0.0,0.86766094,1.3723354,0.33935982,0.19289666,0.0,0.68808454,0.0,0.59312344,0.0,0.20965749,1.1945782,0.0,0.5678989,0.1861788,1.1117032,0.0,0.08359319,11
B1046,0.0,0.0,0.0,0.0,0.0,1.1029077,0.0,1.4027717,1.3264201,0.0,0.0,1.3642848,0.7971604,0.0,0.0,0.0,1.848628,1.4263716,0.5004424,0.21476376,0.0,0.8584541,0.0,1.2019975,0.0,0.8225167,1.6855563,0.0,1.069658,0.27192062,1.5199765,0.0,0.032338586,11
B1047,0.0,0.0,0.0,0.0,0.0,1.2807927,0.0,1.2655401,1.367234,0.0,0.0,1.2359912,0.6101227,0.0,0.0,0.0,1.5697876,1.580989,0.3649416,0.24707313,0.0,0.7374928,0.0,0.94469154,0.0,0.5682173,1.4826436,0.0,0.92576516,0.1048623,1.4426534,0.0,0.04133967,11
B1048,0.0,0.0,0.0,0.0,0.0,1.1198266,0.0,1.4121209,1.2976621,0.0,0.0,1.3679128,0.79220384,0.0,0.0,0.0,1.8256059,1.4570335,0.510462,0.22495697,0.0,0.86483216,0.0,1.2191602,0.0,0.7862203,1.6862936,0.0,1.0692112,0.26934373,1.512243,0.0,0.032228697,11
B1049,0.0,0.0,0.0,0.0,0.0,0.95650256,0.0,1.2369046,1.2626665,0.0,0.0,0.7362892,0.48553717,0.0,0.0,0.0,0.90487194,1.4352069,0.31382117,0.19094522,0.0,0.6921116,0.0,0.54121524,0.0,0.19772886,1.2043567,0.0,0.5911022,0.15898718,1.1688818,0.0,0.07962148,11
B1050,0.0,0.0,0.0,0.0,0.0,1.1025485,0.0,1.4002078,1.3361698,0.0,0.0,1.3674917,0.8004034,0.0,0.0,0.0,1.8604634,1.4279586,0.50128925,0.21339037,0.0,0.86015457,0.0,1.2023222,0.0,0.83061814,1.6882288,0.0,1.0733465,0.27204478,1.5258505,0.0,0.032075766,11
B1051,0.0,0.0,0.0,0.0,0.0,0.934744,0.0,1.2676992,1.237231,0.0,0.0,0.8155966,0.52691245,0.0,0.0,0.0,0.99308634,1.4267383,0.36292154,0.2050313,0.0,0.6893491,0.0,0.66053945,0.0,0.28732097,1.1825804,0.0,0.6506373,0.18033412,1.126026,0.0,0.074095584,11
B1052,0.0,0.0,0.0,0.0,0.0,1.0310853,0.0,1.2157474,1.1782176,0.0,0.0,0.9669077,0.5160221,0.0,0.0,0.0,1.1646844,1.3784142,0.43366796,0.22509627,0.0,0.6548885,0.0,0.8360412,0.0,0.38586652,1.2177668,0.0,0.750972,0.16743581,1.1410041,0.0,0.06526957,11
B1053,0.0,0.0,0.0,0.0,0.0,1.1818802,0.0,1.2570801,1.235338,0.0,0.0,1.1320598,0.570335,0.0,0.0,0.0,1.4851055,1.3982803,0.44494653,0.24659652,0.0,0.71542555,0.0,1.0038526,0.0,0.5388682,1.4326245,0.0,0.91443574,0.13569596,1.3217635,0.0,0.047613706,11
B1054,0.0,0.0,0.0,0.0,0.0,1.1274872,0.0,1.2648349,1.256325,0.0,0.0,0.9964157,0.56216323,0.0,0.0,0.0,1.2788824,1.4964505,0.36323923,0.23008634,0.0,0.75701785,0.0,0.8273347,0.0,0.36001146,1.3393327,0.0,0.76336086,0.12733899,1.2613302,0.0,0.05629124,11
B1055,0.0,0.0,0.0,0.0,0.0,1.0255897,0.0,1.3210009,1.2180438,0.0,0.0,1.2798426,0.75594306,0.0,0.0,0.0,1.8145182,1.3481354,0.52252126,0.21170047,0.0,0.8189332,0.0,1.2143507,0.0,0.6959128,1.5950525,0.0,0.9958069,0.25979874,1.4337498,0.0,0.037594393,11
B1056,0.0,0.0,0.0,0.0,0.0,1.16155,0.0,1.4839554,1.2336156,0.0,0.0,1.3954169,0.7666996,0.0,0.0,0.0,1.7525809,1.5055996,0.53173876,0.24918482,0.0,0.88182086,0.0,1.266974,0.0,0.6947218,1.7121994,0.0,1.0298946,0.27122104,1.4788747,0.0,0.031900357,11
B1057,0.0,0.0,0.0,0.0,0.0,1.1140656,0.0,1.377888,1.2805091,0.0,0.0,1.4182096,0.7540405,0.0,0.0,0.0,1.8187541,1.6046154,0.5125374,0.2366213,0.0,0.844338,0.0,1.2771622,0.0,0.73117995,1.666117,0.0,1.0380292,0.25172076,1.4632931,0.0,0.031750377,11
B1058,0.0,0.0,0.0,0.0,0.0,1.0105225,0.0,1.2214861,1.277745,0.0,0.0,0.8517308,0.53956467,0.0,0.0,0.0,1.101403,1.4507506,0.3057674,0.19302097,0.0,0.7275034,0.0,0.66034096,0.0,0.298603,1.2460742,0.0,0.66360664,0.14328931,1.1981055,0.0,0.06890191,11
B1059,0.0,0.0,0.0,0.0,0.0,1.0066766,0.0,1.2344899,1.2636044,0.0,0.0,0.760179,0.4868743,0.0,0.0,0.0,0.8836312,1.5302925,0.30552968,0.19897377,0.0,0.71465766,0.0,0.5346173,0.0,0.16253358,1.2167752,0.0,0.6135942,0.14175153,1.1583649,0.0,0.07732974,11
B1060,0.0,0.0,0.0,0.0,0.0,1.5189683,0.0,1.5650076,1.4100285,0.0,0.0,1.1568153,0.5241802,0.0,0.0,0.0,1.1093708,1.9815683,0.2699299,0.30907124,0.0,0.8320438,0.0,0.81035614,0.0,0.14169869,1.5575132,0.0,0.9314258,0.0026852489,1.379255,0.0,0.040862635,11
B1061,0.0,0.0,0.0,0.0,0.0,1.2755018,0.0,1.4213519,1.3209321,0.0,0.0,1.1808195,0.5485519,0.0,0.0,0.0,1.4024782,1.5375483,0.46213564,0.28663054,0.0,0.6498914,0.0,1.0099822,0.0,0.4669835,1.3197556,0.0,1.0000932,0.090714365,1.263408,0.0,0.044896144,11
B1062,0.0,0.0,0.0,0.0,0.0,1.0620959,0.0,1.2808336,1.3123956,0.0,0.0,0.97123665,0.59732956,0.0,0.0,0.0,1.3009967,1.4752874,0.35940737,0.20824552,0.0,0.7754462,0.0,0.79429674,0.0,0.41282555,1.3489306,0.0,0.7576566,0.16182497,1.3105643,0.0,0.055894423,11
B1063,0.0,0.0,0.0,0.0,0.0,1.1105145,0.0,1.2230898,1.3208914,0.0,0.0,1.0415119,0.5960207,0.0,0.0,0.0,1.4208193,1.5036676,0.36364433,0.22723752,0.0,0.7858545,0.0,0.8486288,0.0,0.4604808,1.4301769,0.0,0.8365264,0.13433838,1.344772,0.0,0.050795507,11
B1064,0.0,0.0,0.0,0.0,0.0,1.0014162,0.0,1.2010195,1.2397089,0.0,0.0,0.9956185,0.6093582,0.0,0.0,0.0,1.3684125,1.4182945,0.41462326,0.20003016,0.0,0.7487538,0.0,0.885159,0.0,0.474528,1.2964022,0.0,0.78570163,0.18911333,1.281872,0.0,0.056699663,11
B1065,0.0,0.0,0.0,0.0,0.0,0.9512595,0.0,1.2263907,1.1468401,0.0,0.0,0.92638254,0.5348041,0.0,0.0,0.0,1.1825795,1.4043676,0.39214325,0.2086758,0.0,0.69410765,0.0,0.85046124,0.0,0.3477602,1.1968646,0.0,0.7201585,0.17187998,1.1529616,0.0,0.06658377,11
B1066,0.0,0.0,0.0,0.0,0.0,1.3046324,0.0,1.570495,1.446778,0.0,0.0,0.99860054,0.5324536,0.0,0.0,0.0,0.96456987,1.980315,0.2979158,0.28128505,0.0,0.87358624,0.0,0.7154949,0.0,0.037269145,1.5400441,0.0,0.8635586,0.05869636,1.2956612,0.0,0.047468692,11
B1067,0.0,0.0,0.0,0.0,0.0,1.0177965,0.0,0.9077643,1.4362578,0.0,0.0,0.82079524,0.32790875,0.0,0.0,0.0,0.82079124,1.4594533,0.43288997,0.22934476,0.0,0.35547286,0.0,0.4924551,0.0,0.43303114,1.1288829,0.0,0.6695902,0.055928767,1.0094258,0.0,0.08702501,11
B1068,0.0,0.0,0.0,0.0,0.0,0.99562097,0.0,1.3612368,1.2449152,0.0,0.0,1.2730694,0.7577135,0.0,0.0,0.0,1.808723,1.3383436,0.51132005,0.1984283,0.0,0.83495164,0.0,1.2093792,0.0,0.7492361,1.6391783,0.0,0.96077174,0.28447318,1.4773501,0.0,0.0369291,11
B1069,0.0,0.0,0.0,0.0,0.0,1.1042678,0.0,1.4040523,1.3279042,0.0,0.0,1.3646598,0.7972486,0.0,0.0,0.0,1.8498902,1.4275115,0.5009861,0.215017,0.0,0.85953313,0.0,1.2021983,0.0,0.82303786,1.6871219,0.0,1.0710337,0.27169532,1.520818,0.0,0.03226268,11
B1070,0.0,0.0,0.0,0.0,0.0,1.1386745,0.0,1.3033448,1.2766993,0.0,0.0,1.0485034,0.5983169,0.0,0.0,0.0,1.3543645,1.5681747,0.4203427,0.23754138,0.0,0.81061,0.0,0.89177847,0.0,0.41681287,1.4221761,0.0,0.81716925,0.1591608,1.352371,0.0,0.049458906,11
B1071,0.0,0.0,0.0,0.0,0.0,1.1153182,0.0,1.2655698,1.302275,0.0,0.0,1.0196431,0.5427208,0.0,0.0,0.0,1.1842524,1.5658652,0.374822,0.2396687,0.0,0.6929855,0.0,0.7940829,0.0,0.3341991,1.2620859,0.0,0.71881014,0.13055174,1.1802411,0.0,0.059100274,11
B1072,0.0,0.0,0.0,0.0,0.0,1.205624,0.0,1.2761751,1.2270608,0.0,0.0,1.1557307,0.5607548,0.0,0.0,0.0,1.4699303,1.5053449,0.4216236,0.2522803,0.0,0.721613,0.0,1.0218742,0.0,0.49950668,1.42771,0.0,0.89078474,0.121537834,1.3283877,0.0,0.046353906,11
B1073,0.0,0.0,0.0,0.0,0.0,1.3663199,0.0,1.5420624,1.2929866,0.0,0.0,1.2081927,0.51198226,0.0,0.0,0.0,1.3595192,1.6237154,0.45998836,0.31639636,0.0,0.67997605,0.0,1.0548718,0.0,0.3683272,1.3509858,0.0,0.9387264,0.061923206,1.2774327,0.0,0.04250802,11
B1074,0.0,0.0,0.0,0.0,0.0,1.4873672,0.0,0.5752802,1.2238541,0.0,0.0,1.0776069,0.1645661,0.0,0.0,0.0,0.70166355,1.8273606,0.053270727,0.32574555,0.0,0.52589476,0.0,0.5204886,0.0,0.0,1.1325465,0.0,0.67678744,0.0,1.2702386,0.0,0.08184103,11
B1075,0.0,0.0,0.0,0.0,0.0,1.2032015,0.0,1.4346387,1.2496138,0.0,0.0,1.4769032,0.7278627,0.0,0.0,0.0,1.8167601,1.7825427,0.5065098,0.26508132,0.0,0.8577329,0.0,1.295076,0.0,0.6956676,1.7028502,0.0,1.0239577,0.22975753,1.4291246,0.0,0.029438611,11
B1076,0.0,0.0,0.0,0.0,0.0,1.0139912,0.0,1.1971738,1.2598622,0.0,0.0,0.9320239,0.5735721,0.0,0.0,0.0,1.2660583,1.4791621,0.34736696,0.20837392,0.0,0.7552814,0.0,0.7940171,0.0,0.37421137,1.3025905,0.0,0.73050517,0.14883193,1.2529793,0.0,0.060645845,11
B1077,0.0,0.0,0.0,0.0,0.0,0.9825902,0.0,1.1736016,1.1704017,0.0,0.0,0.8973004,0.48598397,0.0,0.0,0.0,0.9413666,1.3650529,0.40855014,0.22196552,0.0,0.59609777,0.0,0.68813175,0.0,0.3443217,1.1422197,0.0,0.6968934,0.16558453,1.0346766,0.0,0.07765371,11
B1078,0.0,0.0,0.0,0.0,0.0,1.2454114,0.0,1.1068138,1.3595967,0.0,0.0,1.3538988,0.6586945,0.0,0.0,0.0,1.7322477,1.822125,0.36471087,0.24052283,0.0,0.79944175,0.0,1.0444276,0.0,0.6482672,1.5284978,0.0,0.97430295,0.108559355,1.520137,0.0,0.03595047,11
B1079,0.0,0.0,0.0,0.0,0.0,1.1166393,0.0,1.4018142,1.4422207,0.0,0.0,1.43312,0.8440843,0.0,0.0,0.0,1.9734042,1.4697123,0.51508856,0.19737127,0.0,0.8820322,0.0,1.2227285,0.0,0.92508686,1.7266071,0.0,1.0828278,0.28999847,1.5989614,0.0,0.028687952,11
B1080,0.0,0.0,0.0,0.0,0.0,1.2988342,0.0,1.3212903,1.4025904,0.0,0.0,1.234546,0.62178874,0.0,0.0,0.0,1.6009207,1.5594441,0.37976924,0.2529538,0.0,0.754169,0.0,0.9592059,0.0,0.56438565,1.5310266,0.0,0.9431592,0.10868058,1.4776645,0.0,0.039342087,11
B1081,0.0,0.0,0.0,0.0,0.0,1.0425235,0.0,1.5602708,1.423286,0.0,0.0,1.0635718,0.556454,0.0,0.0,0.0,1.3271989,1.5589584,0.4604284,0.26854494,0.0,0.5616436,0.0,0.9230503,0.0,0.42525816,1.2081133,0.0,0.8602613,0.11661672,1.2120883,0.0,0.05026478,11
B1082,0.0,0.0,0.0,0.0,0.0,1.0639772,0.0,1.1134348,1.2339709,0.0,0.0,1.0590187,0.5631951,0.0,0.0,0.0,1.252028,1.760354,0.33305737,0.22106703,0.0,0.7518042,0.0,0.8705117,0.0,0.36863852,1.2290084,0.0,0.7615785,0.12001428,1.2303504,0.0,0.0566642,11
B1083,0.0,0.0,0.0,0.0,0.0,1.0414478,0.0,1.2422366,1.2762811,0.0,0.0,1.0195303,0.54087555,0.0,0.0,0.0,1.1221385,1.5334396,0.4245414,0.2400094,0.0,0.6487176,0.0,0.79184777,0.0,0.36697093,1.20415,0.0,0.7413363,0.16295543,1.121259,0.0,0.06276976,11
B1084,0.0,0.0,0.0,0.0,0.0,1.12655,0.0,1.3815205,1.3034856,0.0,0.0,1.4110339,0.78033745,0.0,0.0,0.0,1.8361677,1.5530914,0.48607022,0.2240566,0.0,0.8507442,0.0,1.2173841,0.0,0.7958826,1.6868706,0.0,1.0510899,0.256922,1.5034598,0.0,0.031628586,11
B1085,0.0,0.0,0.0,0.0,0.0,0.96445835,0.0,1.1888068,1.1505373,0.0,0.0,0.9355532,0.5012216,0.0,0.0,0.0,1.0674756,1.2426171,0.42693323,0.21805161,0.0,0.5474121,0.0,0.7750143,0.0,0.39934602,1.1219934,0.0,0.7287477,0.16519833,0.9832684,0.0,0.07595665,11
B1086,0.0,0.0,0.0,0.0,0.0,1.5321143,0.0,1.5781153,1.4084587,0.0,0.0,1.1886028,0.5333297,0.0,0.0,0.0,1.1361586,2.0278125,0.27101216,0.31276584,0.0,0.847382,0.0,0.83756983,0.0,0.14991309,1.5527581,0.0,0.9572527,0.0,1.3940758,0.0,0.03915492,11
B1087,0.0,0.0,0.0,0.0,0.0,1.1184058,0.0,1.337935,1.2750733,0.0,0.0,1.4178529,0.7761037,0.0,0.0,0.0,1.8231604,1.5408391,0.47949678,0.22515875,0.0,0.8374325,0.0,1.2140799,0.0,0.7939341,1.6782014,0.0,1.0294946,0.25862083,1.4622457,0.0,0.032780003,11
B1088,0.0,0.0,0.0,0.0,0.0,1.374975,0.0,1.5122308,1.3449574,0.0,0.0,1.2085555,0.560706,0.0,0.0,0.0,1.3580526,1.5709774,0.3508106,0.28287554,0.0,0.68579555,0.0,0.9286144,0.0,0.44812745,1.3597134,0.0,0.8872636,0.06703372,1.3100653,0.0,0.044048198,11
B1089,0.0,0.0,0.0,0.0,0.0,1.1595225,0.0,1.4659423,1.3112482,0.0,0.0,1.3983133,0.8021178,0.0,0.0,0.0,1.8197873,1.5103154,0.507607,0.23320967,0.0,0.8841028,0.0,1.2290167,0.0,0.7943435,1.7147814,0.0,1.0980031,0.27036545,1.5393654,0.0,0.030389624,11
B1090,0.0,0.0,0.0,0.0,0.0,1.0492926,0.0,1.2111573,1.284175,0.0,0.0,0.9345633,0.5524098,0.0,0.0,0.0,1.1724441,1.4423546,0.33911875,0.20108545,0.0,0.70620644,0.0,0.727567,0.0,0.3889413,1.2563512,0.0,0.7499334,0.1483277,1.2245586,0.0,0.06364951,11
B1091,0.0,0.0,0.0,0.0,0.0,0.8439369,0.0,1.0911349,1.3969337,0.0,0.0,0.559234,0.41499373,0.0,0.0,0.0,0.7123072,1.4241956,0.28750956,0.15411457,0.0,0.6097023,0.0,0.29970494,0.0,0.15023011,1.1733607,0.0,0.46081835,0.15375717,1.1372902,0.0,0.098472305,11
B1092,0.0,0.0,0.0,0.0,0.0,1.1437998,0.0,1.0993531,1.2654512,0.0,0.0,1.1849976,0.60660535,0.0,0.0,0.0,1.4544439,1.81332,0.35100272,0.22516212,0.0,0.79201263,0.0,0.9273888,0.0,0.5024919,1.3769512,0.0,0.8395949,0.12053616,1.3686488,0.0,0.04654522,11
B1093,0.0,0.0,0.0,0.0,0.0,1.1346316,0.0,1.295199,1.2169087,0.0,0.0,1.1128368,0.5656181,0.0,0.0,0.0,1.4261465,1.4335407,0.41850016,0.23405898,0.0,0.7031186,0.0,1.0125022,0.0,0.5072878,1.3600626,0.0,0.88035756,0.14474589,1.2910786,0.0,0.049669426,11
B1094,0.0,0.0,0.0,0.0,0.0,0.9797683,0.0,1.2247074,1.2514424,0.0,0.0,0.88679415,0.5565777,0.0,0.0,0.0,1.1819084,1.4381912,0.40664506,0.20134121,0.0,0.7481191,0.0,0.7615738,0.0,0.35891196,1.2623963,0.0,0.70567936,0.18626383,1.244891,0.0,0.06420779,11
B1095,0.0,0.0,0.0,0.0,0.0,0.91571647,0.0,0.21682107,1.0486887,0.0,0.0,0.70255417,0.15910572,0.0,0.0,0.0,0.5276865,1.3935198,0.0,0.21812789,0.0,0.31902733,0.0,0.27629566,0.0,0.0,0.7970014,0.0,0.2856875,0.0,0.9720319,0.0,0.15398175,11
B1096,0.0,0.0,0.0,0.0,0.0,1.2528948,0.0,1.3543308,1.1946719,0.0,0.0,1.0594475,0.4540596,0.0,0.0,0.0,1.1533867,1.5070059,0.42338195,0.2882967,0.0,0.6482954,0.0,0.917947,0.0,0.28565353,1.3078349,0.0,0.78901803,0.07871492,1.1547296,0.0,0.056452073,11
B1097,0.0,0.0,0.0,0.0,0.0,1.1235381,0.0,1.2153368,1.3006566,0.0,0.0,1.0245919,0.5715407,0.0,0.0,0.0,1.3401654,1.4633845,0.364781,0.21804962,0.0,0.72478324,0.0,0.8243588,0.0,0.43812305,1.3510594,0.0,0.79220915,0.13333102,1.3018832,0.0,0.05492944,11
B1098,0.0,0.0,0.0,0.0,0.0,0.9318321,0.0,0.2903962,1.0787971,0.0,0.0,0.7169798,0.20027292,0.0,0.0,0.0,0.56413734,1.4974635,0.023789212,0.22738886,0.0,0.41660637,0.0,0.35291934,0.0,0.0,0.8434784,0.0,0.32083175,0.0,0.99497783,0.0,0.13952878,11
B1099,0.0,0.0,0.0,0.0,0.0,0.9513234,0.0,1.1478202,1.2250746,0.0,0.0,0.7766907,0.5012377,0.0,0.0,0.0,1.0722852,1.3979678,0.33704406,0.18698072,0.0,0.7122569,0.0,0.6327467,0.0,0.21041724,1.2071052,0.0,0.57736117,0.14187667,1.1525973,0.0,0.07693788,11
B1100,0.0,0.0,0.0,0.0,0.0,1.0961181,0.0,1.4962974,1.2288326,0.0,0.0,1.3671346,0.7714998,0.0,0.0,0.0,1.7554715,1.5187359,0.5123912,0.23308754,0.0,0.8459983,0.0,1.2725103,0.0,0.6875191,1.6692601,0.0,0.98069966,0.2947408,1.5276499,0.0,0.03266625,11
B1101,0.0,0.0,0.0,0.0,0.0,1.1038551,0.0,1.399458,1.3398736,0.0,0.0,1.3727155,0.8023571,0.0,0.0,0.0,1.8610785,1.4260676,0.4991158,0.21177486,0.0,0.8590629,0.0,1.1975839,0.0,0.8368021,1.6886742,0.0,1.0654273,0.27366388,1.5284635,0.0,0.032074355,11
B1102,0.0,0.0,0.0,0.0,0.0,0.97872037,0.0,1.1309434,1.1602633,0.0,0.0,0.94757426,0.5345987,0.0,0.0,0.0,1.1632118,1.5547428,0.32533908,0.2062367,0.0,0.68466234,0.0,0.80569416,0.0,0.3235528,1.1254842,0.0,0.7426735,0.1242111,1.0906973,0.0,0.06803652,11
B1103,0.0,0.0,0.0,0.0,0.0,1.110479,0.0,1.3961269,1.3052814,0.0,0.0,1.3610613,0.7938429,0.0,0.0,0.0,1.8416495,1.4441621,0.5112686,0.22082701,0.0,0.8641179,0.0,1.2154539,0.0,0.7950864,1.684446,0.0,1.069716,0.2687372,1.5137014,0.0,0.03237492,11
B1104,0.0,0.0,0.0,0.0,0.0,1.0151815,0.0,1.2936313,1.2812307,0.0,0.0,0.88526464,0.5612638,0.0,0.0,0.0,1.1434127,1.4720657,0.34330258,0.20525618,0.0,0.7502148,0.0,0.72683054,0.0,0.32813194,1.2765785,0.0,0.70520127,0.16456805,1.2509007,0.0,0.063372456,11
B1105,0.0,0.0,0.0,0.0,0.0,0.896506,0.0,1.2150735,1.1679711,0.0,0.0,0.7351867,0.47783107,0.0,0.0,0.0,0.95068246,1.355829,0.3759506,0.19354008,0.0,0.6927942,0.0,0.625395,0.0,0.20941834,1.198289,0.0,0.5673895,0.17946933,1.1254971,0.0,0.08156582,11
B1106,0.0,0.0,0.0,0.0,0.0,1.072537,0.0,1.1906462,1.2216833,0.0,0.0,0.9693581,0.5335939,0.0,0.0,0.0,1.2724829,1.4400551,0.37512672,0.21632358,0.0,0.7264273,0.0,0.82313716,0.0,0.3762105,1.3001943,0.0,0.7171237,0.13091776,1.2384695,0.0,0.060604855,11
B1107,0.0,0.0,0.0,0.0,0.0,1.1027738,0.0,1.3860419,1.2628756,0.0,0.0,1.3541113,0.77404433,0.0,0.0,0.0,1.7913917,1.429974,0.5037246,0.22222856,0.0,0.85195553,0.0,1.2113311,0.0,0.7656964,1.6763107,0.0,1.0244197,0.2699582,1.4748683,0.0,0.03402454,11
B1108,0.0,0.0,0.0,0.0,0.0,1.1124258,0.0,1.4036577,1.3331978,0.0,0.0,1.380682,0.8013266,0.0,0.0,0.0,1.8587475,1.4490421,0.5083047,0.21634986,0.0,0.8648263,0.0,1.2086194,0.0,0.82221174,1.6908545,0.0,1.0616279,0.27448305,1.5386689,0.0,0.031699277,11
B1109,0.0,0.0,0.0,0.0,0.0,0.9029559,0.0,1.18935,1.3136904,0.0,0.0,0.56976444,0.40093708,0.0,0.0,0.0,0.6554902,1.4301689,0.26006663,0.17271556,0.0,0.63704234,0.0,0.32332212,0.0,0.062686235,1.2104259,0.0,0.47559083,0.14345357,1.0791188,0.0,0.09787581,11
B1110,0.0,0.0,0.0,0.0,0.0,1.2407019,0.0,1.3332046,1.4149559,0.0,0.0,1.2129184,0.64910346,0.0,0.0,0.0,1.6306297,1.5428473,0.38355386,0.23828237,0.0,0.76962763,0.0,0.9626793,0.0,0.5793654,1.491968,0.0,0.9305695,0.12690246,1.4656329,0.0,0.039803904,11
B1111,0.0,0.0,0.0,0.0,0.0,1.0790673,0.0,1.356643,1.2889992,0.0,0.0,1.3392047,0.77495956,0.0,0.0,0.0,1.8278458,1.3875545,0.5120551,0.21530397,0.0,0.84680676,0.0,1.197582,0.0,0.788669,1.6705205,0.0,1.0244389,0.27001554,1.4826026,0.0,0.03440945,11
B1112,0.0,0.0,0.0,0.0,0.0,1.6034508,0.0,1.5935361,1.4219232,0.0,0.0,1.3177978,0.50600123,0.0,0.0,0.0,1.4214251,1.7190049,0.47677317,0.34262013,0.0,0.67911166,0.0,1.0936865,0.0,0.4207977,1.5022287,0.0,1.0610412,0.011609912,1.4448538,0.0,0.03396946,11
B1113,0.0,0.0,0.0,0.0,0.0,0.9726336,0.0,1.2013257,1.2150257,0.0,0.0,0.9489978,0.5369357,0.0,0.0,0.0,1.0954351,1.3900133,0.42329746,0.21119693,0.0,0.6400329,0.0,0.76784414,0.0,0.44248974,1.1798724,0.0,0.7827575,0.1933251,1.1390371,0.0,0.067884594,11
B1114,0.0,0.0,0.0,0.0,0.0,1.2332528,0.0,1.0874374,1.3572145,0.0,0.0,1.3515444,0.6556843,0.0,0.0,0.0,1.7268779,1.8144853,0.36337447,0.23710296,0.0,0.78740823,0.0,1.0366943,0.0,0.664798,1.5201229,0.0,0.9680097,0.1131415,1.5115703,0.0,0.036547944,11
B1115,0.0,0.0,0.0,0.0,0.0,1.174408,0.0,1.325466,1.3573766,0.0,0.0,1.584327,0.766358,0.0,0.0,0.0,1.965506,1.9371908,0.48064935,0.24597149,0.0,0.8305285,0.0,1.3056543,0.0,0.82913935,1.6738064,0.0,1.094517,0.20123088,1.482069,0.0,0.026538407,11
B1116,0.0,0.0,0.0,0.0,0.0,1.0760128,0.0,1.3585205,1.4014616,0.0,0.0,1.3859406,0.83272105,0.0,0.0,0.0,1.9528971,1.4443976,0.5149254,0.1896394,0.0,0.8650379,0.0,1.2166104,0.0,0.8887516,1.6792665,0.0,1.0455923,0.28952038,1.5873485,0.0,0.030722598,11
B1117,0.0,0.0,0.0,0.0,0.0,1.0025768,0.0,1.356463,1.2593379,0.0,0.0,1.366206,0.7903682,0.0,0.0,0.0,1.7821649,1.4271097,0.4789557,0.20190832,0.0,0.7995448,0.0,1.2099411,0.0,0.7999717,1.6199245,0.0,0.9244629,0.30230993,1.5161607,0.0,0.03575475,11
B1118,0.0,0.0,0.0,0.0,0.0,1.2645893,0.0,1.2861915,1.3714181,0.0,0.0,1.2196293,0.6234527,0.0,0.0,0.0,1.6099432,1.5247272,0.39551407,0.24599957,0.0,0.76187235,0.0,0.9605402,0.0,0.5744308,1.5371886,0.0,0.930676,0.12430285,1.4774854,0.0,0.04034924,11
B1119,0.0,0.0,0.0,0.0,0.0,1.1049082,0.0,1.3902476,1.2880687,0.0,0.0,1.3556299,0.78499144,0.0,0.0,0.0,1.8243879,1.4369944,0.5076735,0.22104375,0.0,0.85546947,0.0,1.2118196,0.0,0.78226244,1.6781697,0.0,1.05357,0.2681906,1.4993496,0.0,0.03309991,11
B1120,0.0,0.0,0.0,0.0,0.0,1.0102146,0.0,1.2066832,1.2411386,0.0,0.0,0.9189912,0.53977543,0.0,0.0,0.0,1.2321434,1.4225781,0.38622472,0.21024399,0.0,0.7126794,0.0,0.7917065,0.0,0.3350667,1.245681,0.0,0.6938151,0.14614968,1.1928821,0.0,0.06427068,11
B1121,0.0,0.0,0.0,0.0,0.0,1.2839082,0.0,1.3282442,1.3756602,0.0,0.0,1.2071577,0.6119375,0.0,0.0,0.0,1.5680529,1.5319761,0.38423353,0.25105864,0.0,0.7426291,0.0,0.9593767,0.0,0.5506473,1.4903564,0.0,0.9355914,0.10974466,1.4416473,0.0,0.04105177,11
B1122,0.0,0.0,0.0,0.0,0.0,1.2932265,0.0,1.3046457,1.4048193,0.0,0.0,1.2302699,0.6223377,0.0,0.0,0.0,1.6149074,1.5581194,0.36407602,0.24856836,0.0,0.7568252,0.0,0.9421764,0.0,0.5583659,1.5304456,0.0,0.92715836,0.102904335,1.4834925,0.0,0.03971372,11
B1123,0.0,0.0,0.0,0.0,0.0,0.84681326,0.0,1.1472124,1.1754074,0.0,0.0,0.6729581,0.44660577,0.0,0.0,0.0,0.81622744,1.3072262,0.30186734,0.18570669,0.0,0.62118024,0.0,0.4919389,0.0,0.16183668,1.1029979,0.0,0.46094838,0.15170881,0.956892,0.0,0.09787967,11
B1124,0.0,0.0,0.0,0.0,0.0,1.709436,0.0,1.645921,1.4932089,0.0,0.0,1.3542231,0.54618335,0.0,0.0,0.0,1.3353726,2.0849311,0.3153909,0.3533873,0.0,0.8367475,0.0,0.9760263,0.0,0.25368026,1.6583548,0.0,1.0988532,0.0,1.5611236,0.0,0.02980848,11
B1125,0.0,0.0,0.0,0.0,0.0,0.96707165,0.0,1.2143803,1.2382444,0.0,0.0,0.7363167,0.47527516,0.0,0.0,0.0,0.8728896,1.4434204,0.31430024,0.19232744,0.0,0.6900069,0.0,0.5322522,0.0,0.17534934,1.1956141,0.0,0.57895434,0.15508685,1.134433,0.0,0.08174796,11
B1126,0.0,0.0,0.0,0.0,0.0,0.8921565,0.0,1.1891234,1.3354951,0.0,0.0,0.48900807,0.3739168,0.0,0.0,0.0,0.54104865,1.4409733,0.28925467,0.1733321,0.0,0.6443612,0.0,0.26069453,0.0,0.0017318726,1.3341217,0.0,0.47639424,0.15046799,1.0909342,0.0,0.100928895,11
B1127,0.0,0.0,0.0,0.0,0.0,1.0044647,0.0,1.257955,1.2336576,0.0,0.0,0.9455788,0.5525345,0.0,0.0,0.0,1.1511887,1.4525988,0.38655603,0.21856475,0.0,0.69547945,0.0,0.7742545,0.0,0.35954922,1.210264,0.0,0.74863666,0.16579169,1.1637778,0.0,0.06453849,11
B1128,0.0,0.0,0.0,0.0,0.0,1.1874528,0.0,1.3060164,1.2596446,0.0,0.0,1.0274864,0.5028534,0.0,0.0,0.0,1.186614,1.5150118,0.32586145,0.25469512,0.0,0.66747236,0.0,0.80243456,0.0,0.3211686,1.246426,0.0,0.7467724,0.070232004,1.1292942,0.0,0.05970821,11
B1129,0.0,0.0,0.0,0.0,0.0,1.1298113,0.0,1.2477447,1.2237847,0.0,0.0,1.0502622,0.4919781,0.0,0.0,0.0,1.0732458,1.4017284,0.45353866,0.24731985,0.0,0.57458305,0.0,0.81599605,0.0,0.42071474,1.206317,0.0,0.79917854,0.14855035,1.109735,0.0,0.06391104,11
B1130,0.0,0.0,0.0,0.0,0.0,1.733884,0.0,1.4100164,1.378289,0.0,0.0,1.2727462,0.330734,0.0,0.0,0.0,1.2224834,1.6472334,0.36619025,0.3163191,0.0,0.5191838,0.0,0.9365461,0.0,0.42560613,1.386806,0.0,0.9819159,0.0,1.2677722,0.0,0.043064296,11
B1131,0.0,0.0,0.0,0.0,0.0,1.2637086,0.0,1.3347361,1.2717044,0.0,0.0,1.0913227,0.4355726,0.0,0.0,0.0,1.0183343,1.4418123,0.42791894,0.27700266,0.0,0.51066923,0.0,0.79196686,0.0,0.4074252,1.246027,0.0,0.81708956,0.107273266,1.1182605,0.0,0.06096195,11
B1132,0.0,0.0,0.0,0.0,0.0,1.1564877,0.0,1.2661374,1.2821765,0.0,0.0,1.0389478,0.5642538,0.0,0.0,0.0,1.3054743,1.491693,0.36713338,0.23061049,0.0,0.7352843,0.0,0.83586395,0.0,0.42344567,1.3664169,0.0,0.81101966,0.13118005,1.3050842,0.0,0.05365539,11
B1133,0.0,0.0,0.0,0.0,0.0,1.136913,0.0,1.4017385,1.3130007,0.0,0.0,1.4258423,0.7959307,0.0,0.0,0.0,1.8418752,1.548214,0.53337026,0.23764965,0.0,0.8751485,0.0,1.2690868,0.0,0.77676487,1.7071798,0.0,1.0455123,0.28036594,1.520045,0.0,0.030497978,11
B1134,0.0,0.0,0.0,0.0,0.0,1.1226093,0.0,1.4120033,1.3069067,0.0,0.0,1.3662555,0.79367274,0.0,0.0,0.0,1.8402143,1.4616789,0.51351345,0.22538126,0.0,0.87039685,0.0,1.2208678,0.0,0.7892319,1.6903676,0.0,1.0825261,0.26631278,1.518336,0.0,0.031852305,11
B1135,0.0,0.0,0.0,0.0,0.0,1.2122748,0.0,1.26664,1.1815093,0.0,0.0,1.1326437,0.5664395,0.0,0.0,0.0,1.490781,1.6181686,0.40490595,0.2413184,0.0,0.7188759,0.0,1.056497,0.0,0.3873313,1.3082256,0.0,0.9105587,0.08953543,1.3301344,0.0,0.046646014,11
B1136,0.0,0.0,0.0,0.0,0.0,1.1395626,0.0,1.3978304,1.3844974,0.0,0.0,1.411101,0.82350487,0.0,0.0,0.0,1.9216688,1.5137055,0.532333,0.21808131,0.0,0.8992974,0.0,1.245994,0.0,0.85587853,1.7306014,0.0,1.0927196,0.28028703,1.5638783,0.0,0.029134706,11
B1137,0.0,0.0,0.0,0.0,0.0,1.1034563,0.0,1.4015894,1.3361742,0.0,0.0,1.3678346,0.8003628,0.0,0.0,0.0,1.8599079,1.428494,0.50128174,0.2135696,0.0,0.8603561,0.0,1.2023839,0.0,0.8303866,1.6885619,0.0,1.0735499,0.2720548,1.5261986,0.0,0.03205299,11
B1138,0.0,0.0,0.0,0.0,0.0,1.1157475,0.0,1.4000711,1.355478,0.0,0.0,1.387027,0.80882657,0.0,0.0,0.0,1.8908563,1.4839317,0.5199256,0.22005634,0.0,0.8763832,0.0,1.2299938,0.0,0.8312477,1.7057655,0.0,1.0947895,0.27307826,1.5560455,0.0,0.030458188,11
B1139,0.0,0.0,0.0,0.0,0.0,1.1201246,0.0,1.3711847,1.3066227,0.0,0.0,1.388505,0.77085835,0.0,0.0,0.0,1.8169303,1.4966207,0.48248383,0.21740456,0.0,0.8503405,0.0,1.1967437,0.0,0.8047925,1.6859136,0.0,1.0109166,0.26277554,1.5007262,0.0,0.03280655,11
B1140,0.0,0.0,0.0,0.0,0.0,1.0348103,0.0,1.2477143,1.2247436,0.0,0.0,0.86893344,0.53666544,0.0,0.0,0.0,1.0859078,1.4730955,0.34075886,0.20827743,0.0,0.7433076,0.0,0.7048967,0.0,0.27092382,1.2485305,0.0,0.6877002,0.14848457,1.1906062,0.0,0.06746948,11
B1141,0.0,0.0,0.0,0.0,0.0,0.92200303,0.0,1.1723351,1.1949669,0.0,0.0,0.72492546,0.47152618,0.0,0.0,0.0,0.86205447,1.4169766,0.34395713,0.1940801,0.0,0.6649966,0.0,0.54481786,0.0,0.18164328,1.144347,0.0,0.57918566,0.16097972,1.0753168,0.0,0.08592658,11
B1142,0.0,0.0,0.0,0.0,0.0,1.3559909,0.0,1.3732364,1.3393779,0.0,0.0,1.1828396,0.543495,0.0,0.0,0.0,1.53896,1.5549815,0.42048556,0.28610438,0.0,0.73339903,0.0,1.0462612,0.0,0.4496215,1.5393748,0.0,0.9697526,0.06770794,1.4235816,0.0,0.03982415,11
B1143,0.0,0.0,0.0,0.0,0.0,1.3884094,0.0,1.4906217,1.3741577,0.0,0.0,1.2572898,0.6114208,0.0,0.0,0.0,1.5366776,1.7154623,0.44189566,0.29798576,0.0,0.8020083,0.0,1.0658062,0.0,0.49810588,1.5472536,0.0,1.0514772,0.099739976,1.4538462,0.0,0.034924526,11
B1144,0.0,0.0,0.0,0.0,0.0,1.2464795,0.0,1.2709692,1.4053565,0.0,0.0,1.2235205,0.63036036,0.0,0.0,0.0,1.6244322,1.5005208,0.37694526,0.23484004,0.0,0.7480806,0.0,0.939039,0.0,0.61045194,1.5279506,0.0,0.9226477,0.12855151,1.483849,0.0,0.04070459,11
B1145,0.0,0.0,0.0,0.0,0.0,1.0070698,0.0,1.2029094,1.2552135,0.0,0.0,0.8613694,0.53768957,0.0,0.0,0.0,1.0954721,1.4579437,0.33519042,0.19803287,0.0,0.71817183,0.0,0.67837584,0.0,0.2906462,1.2243774,0.0,0.66828454,0.14862539,1.17712,0.0,0.06947863,11
B1146,0.0,0.0,0.0,0.0,0.0,1.068223,0.0,1.2576258,1.2086754,0.0,0.0,1.0765536,0.586633,0.0,0.0,0.0,1.4725407,1.3127501,0.44993424,0.2159057,0.0,0.67095757,0.0,1.0147872,0.0,0.5075389,1.306744,0.0,0.8512266,0.16722266,1.2599075,0.0,0.052838117,11
B1147,0.0,0.0,0.0,0.0,0.0,1.0431247,0.0,1.2637637,1.2997247,0.0,0.0,0.9635235,0.5948303,0.0,0.0,0.0,1.2762535,1.4670681,0.37218696,0.20472616,0.0,0.7657227,0.0,0.79716384,0.0,0.42724127,1.3225777,0.0,0.7650585,0.17094298,1.2892363,0.0,0.057263207,11
B1148,0.0,0.0,0.0,0.0,0.0,1.0603232,0.0,1.2490107,1.1935494,0.0,0.0,0.9881126,0.5475993,0.0,0.0,0.0,1.2172494,1.4144936,0.35847607,0.21899042,0.0,0.6776613,0.0,0.82618034,0.0,0.36170483,1.2136278,0.0,0.7396939,0.13696148,1.1545596,0.0,0.063124985,11
B1149,0.0,0.0,0.0,0.0,0.0,1.0859766,0.0,1.3739295,1.2964277,0.0,0.0,1.3546934,0.7884747,0.0,0.0,0.0,1.8386073,1.4285696,0.5129714,0.21716693,0.0,0.8568134,0.0,1.2203598,0.0,0.7923111,1.6808941,0.0,1.0494411,0.2725191,1.5033302,0.0,0.033112884,11
B1150,0.0,0.0,0.0,0.0,0.0,1.1655939,0.0,1.0550772,1.3676262,0.0,0.0,0.96978027,0.3390689,0.0,0.0,0.0,0.7135298,1.3100758,0.50415087,0.24072844,0.0,0.36665097,0.0,0.53017974,0.0,0.4420781,1.2769241,0.0,0.63469684,0.110364005,1.0765399,0.0,0.08138002,11
B1151,0.0,0.0,0.0,0.0,0.0,1.161516,0.0,1.3650489,1.2376562,0.0,0.0,1.1265142,0.54408866,0.0,0.0,0.0,1.3259659,1.3883624,0.44284794,0.2521886,0.0,0.61508304,0.0,0.9550463,0.0,0.46359125,1.2590449,0.0,0.8587915,0.13990737,1.1891408,0.0,0.053331256,11
B1152,0.0,0.0,0.0,0.0,0.0,1.1031661,0.0,1.4002575,1.326714,0.0,0.0,1.365319,0.79712486,0.0,0.0,0.0,1.8499857,1.4264358,0.49981815,0.21430856,0.0,0.85831994,0.0,1.201021,0.0,0.82380104,1.686276,0.0,1.0679219,0.27161577,1.5197213,0.0,0.032348465,11
B1153,0.0,0.0,0.0,0.0,0.0,1.109514,0.0,1.3262613,1.2832465,0.0,0.0,1.4447033,0.75535864,0.0,0.0,0.0,1.8622802,1.6731632,0.45821851,0.21092322,0.0,0.8108475,0.0,1.2114263,0.0,0.80196214,1.643402,0.0,1.0104795,0.23400679,1.4387264,0.0,0.032119278,11
B1154,0.0,0.0,0.0,0.0,0.0,0.9458339,0.0,1.2119248,1.249815,0.0,0.0,0.73131245,0.48069218,0.0,0.0,0.0,0.89722145,1.4249902,0.32752067,0.18777838,0.0,0.6839703,0.0,0.54441303,0.0,0.20989078,1.1886451,0.0,0.5982639,0.16570199,1.1576252,0.0,0.08093396,11
B1155,0.0,0.0,0.0,0.0,0.0,1.2595805,0.0,1.3102584,1.3172367,0.0,0.0,1.1741577,0.5909064,0.0,0.0,0.0,1.5266597,1.5379136,0.3822224,0.24827464,0.0,0.7421882,0.0,0.9727893,0.0,0.5038698,1.4273221,0.0,0.90263397,0.09579601,1.3734916,0.0,0.04380524,11
B1156,0.0,0.0,0.0,0.0,0.0,1.1031857,0.0,1.4009824,1.3341763,0.0,0.0,1.3669698,0.79985523,0.0,0.0,0.0,1.8581872,1.4280964,0.5012338,0.21379775,0.0,0.86019886,0.0,1.2023731,0.0,0.82864785,1.6878798,0.0,1.0728397,0.2718815,1.5250906,0.0,0.032112,11
B1157,0.0,0.0,0.0,0.0,0.0,1.0073721,0.0,1.224544,1.2392194,0.0,0.0,0.8478014,0.5224657,0.0,0.0,0.0,1.0901992,1.4518743,0.3232525,0.20709482,0.0,0.7096751,0.0,0.6702989,0.0,0.21894646,1.1901793,0.0,0.6193868,0.12422491,1.1180198,0.0,0.07206172,11
B1158,0.0,0.0,0.0,0.0,0.0,0.9953192,0.0,1.0943656,1.1657827,0.0,0.0,0.8890293,0.5170038,0.0,0.0,0.0,1.0672749,1.5243077,0.31334212,0.19947211,0.0,0.7021939,0.0,0.70302397,0.0,0.2829447,1.1676986,0.0,0.64509195,0.13557887,1.1236565,0.0,0.07310248,11
B1159,0.0,0.0,0.0,0.0,0.0,1.0324829,0.0,1.2502749,1.2149122,0.0,0.0,0.88177276,0.51816773,0.0,0.0,0.0,1.027501,1.462612,0.3287989,0.2166988,0.0,0.7093632,0.0,0.677254,0.0,0.2552373,1.221242,0.0,0.66998655,0.13911088,1.1348685,0.0,0.070595846,11
B1160,0.0,0.0,0.0,0.0,0.0,0.98991525,0.0,1.2882837,1.1870654,0.0,0.0,0.8416114,0.5203626,0.0,0.0,0.0,1.0045683,1.4572158,0.36794943,0.21794403,0.0,0.73458683,0.0,0.6961164,0.0,0.22702754,1.2269258,0.0,0.63708305,0.17122,1.1447906,0.0,0.07140552,11
B1161,0.0,0.0,0.0,0.0,0.0,1.0709896,0.0,1.0795453,1.2292471,0.0,0.0,1.0541601,0.47746217,0.0,0.0,0.0,1.0892563,1.4855182,0.48803496,0.23418704,0.0,0.53556997,0.0,0.85864097,0.0,0.46041134,1.1686143,0.0,0.81889284,0.15245473,1.042481,0.0,0.065835185,11
B1162,0.0,0.0,0.0,0.0,0.0,1.0299957,0.0,1.2128885,1.2077159,0.0,0.0,0.95162225,0.5670381,0.0,0.0,0.0,1.3017788,1.4274219,0.40270886,0.21532154,0.0,0.7396661,0.0,0.8458315,0.0,0.374961,1.2785354,0.0,0.7613983,0.15544294,1.2475101,0.0,0.05989623,11
B1163,0.0,0.0,0.0,0.0,0.0,1.0455692,0.0,1.3631449,1.2516235,0.0,0.0,1.3141847,0.7670525,0.0,0.0,0.0,1.7848326,1.3689108,0.49275303,0.2074496,0.0,0.8352343,0.0,1.1839056,0.0,0.7662395,1.6455753,0.0,0.97575325,0.27739048,1.4770074,0.0,0.03625836,11
B1164,0.0,0.0,0.0,0.0,0.0,0.92959607,0.0,1.2066467,1.1964794,0.0,0.0,0.7368055,0.48169714,0.0,0.0,0.0,0.87523746,1.44515,0.36267716,0.20351869,0.0,0.68041015,0.0,0.5734159,0.0,0.15754426,1.1382353,0.0,0.56293017,0.15832837,1.0415194,0.0,0.0842173,11
B1165,0.0,0.0,0.0,0.0,0.0,1.1812232,0.0,1.1836386,1.2824349,0.0,0.0,1.0916333,0.4490204,0.0,0.0,0.0,1.049185,1.2214082,0.5304566,0.25936875,0.0,0.39945948,0.0,0.77333444,0.0,0.5735059,1.2692437,0.0,0.83610725,0.1371139,1.0654331,0.0,0.06607656,11
B1166,0.0,0.0,0.0,0.0,0.0,1.0058289,0.0,1.1569207,1.2415229,0.0,0.0,0.8342458,0.5134365,0.0,0.0,0.0,1.0426544,1.5490266,0.3037491,0.19964552,0.0,0.7286089,0.0,0.64082396,0.0,0.23443285,1.2093284,0.0,0.6467359,0.12583852,1.1710536,0.0,0.07192332,11
B1167,0.0,0.0,0.0,0.0,0.0,1.1920483,0.0,1.5003393,1.3454313,0.0,0.0,1.4335458,0.80449134,0.0,0.0,0.0,1.8475409,1.5949627,0.51752704,0.24272628,0.0,0.9052927,0.0,1.2569631,0.0,0.79169333,1.7422835,0.0,1.126429,0.26447263,1.5756896,0.0,0.028121928,11
B1168,0.0,0.0,0.0,0.0,0.0,1.4859517,0.0,1.2883627,1.5003402,0.0,0.0,1.1684002,0.47857544,0.0,0.0,0.0,1.3383242,1.4935833,0.2398436,0.25169146,0.0,0.58387595,0.0,0.7389784,0.0,0.43734866,1.444035,0.0,0.8461356,0.00490281,1.4075631,0.0,0.0477723,11
B1169,0.0,0.0,0.0,0.0,0.0,1.1129194,0.0,1.2614232,1.3460222,0.0,0.0,1.0576087,0.6203066,0.0,0.0,0.0,1.446054,1.4923611,0.36920783,0.21540016,0.0,0.7835838,0.0,0.85293114,0.0,0.48840082,1.4276719,0.0,0.8117195,0.1553531,1.387536,0.0,0.049360756,11
B1170,0.0,0.0,0.0,0.0,0.0,0.90964675,0.0,1.1892409,1.2125216,0.0,0.0,0.7274432,0.4801551,0.0,0.0,0.0,0.87260985,1.4185988,0.35414538,0.1996973,0.0,0.65917015,0.0,0.5546608,0.0,0.2027156,1.1434181,0.0,0.5847571,0.16317609,1.061362,0.0,0.084964596,11
B1171,0.0,0.0,0.0,0.0,0.0,1.1546283,0.0,1.4476867,1.2640126,0.0,0.0,1.3791977,0.77873397,0.0,0.0,0.0,1.7892513,1.4944879,0.5241066,0.24259573,0.0,0.87759256,0.0,1.2421756,0.0,0.72887826,1.696993,0.0,1.0590807,0.2641153,1.4883572,0.0,0.031927496,11
B1172,0.0,0.0,0.0,0.0,0.0,1.1087847,0.0,1.251721,1.241065,0.0,0.0,0.984887,0.55697757,0.0,0.0,0.0,1.2493367,1.468019,0.33850795,0.2239966,0.0,0.74571747,0.0,0.7974139,0.0,0.3553902,1.3251834,0.0,0.7246427,0.12900275,1.2427628,0.0,0.058972415,11
B1173,0.0,0.0,0.0,0.0,0.0,1.0606364,0.0,1.2487693,1.3114619,0.0,0.0,0.95325613,0.58309036,0.0,0.0,0.0,1.2733219,1.4705414,0.33461964,0.20392674,0.0,0.76005983,0.0,0.7594405,0.0,0.3871441,1.3289602,0.0,0.73894656,0.14857823,1.2846755,0.0,0.05844284,11
B1174,0.0,0.0,0.0,0.0,0.0,0.76055455,0.0,0.20513934,0.99256545,0.0,0.0,0.5620434,0.15218681,0.0,0.0,0.0,0.3885485,1.6036459,0.0,0.19010654,0.0,0.3747539,0.0,0.26547045,0.0,0.0,0.764754,0.0,0.11458522,0.0,0.76648736,0.0,0.17064236,11
B1175,0.0,0.0,0.0,0.0,0.0,1.1151202,0.0,1.3081142,1.3185391,0.0,0.0,0.9788282,0.5368948,0.0,0.0,0.0,1.1601335,1.4677621,0.3093003,0.22654761,0.0,0.66577363,0.0,0.723309,0.0,0.3650393,1.2414736,0.0,0.73811334,0.110776216,1.1786551,0.0,0.061895654,11
B1176,0.0,0.0,0.0,0.0,0.0,1.217829,0.0,1.3117433,1.408411,0.0,0.0,1.2105505,0.6545282,0.0,0.0,0.0,1.6395041,1.5083772,0.37963134,0.23128583,0.0,0.7756413,0.0,0.9567154,0.0,0.6039783,1.5157254,0.0,0.9298192,0.14011988,1.481066,0.0,0.040118527,11
B1177,0.0,0.0,0.0,0.0,0.0,0.9823668,0.0,1.3546293,1.2275779,0.0,0.0,1.2586902,0.75009125,0.0,0.0,0.0,1.7918308,1.3165584,0.505458,0.19718957,0.0,0.8240197,0.0,1.2005733,0.0,0.7381444,1.6243967,0.0,0.94707465,0.28301668,1.4653511,0.0,0.03808484,11
B1178,0.0,0.0,0.0,0.0,0.0,1.2363517,0.0,1.0924454,1.3485448,0.0,0.0,1.348099,0.6441928,0.0,0.0,0.0,1.7166436,1.8333964,0.36092559,0.23840728,0.0,0.7839812,0.0,1.0347284,0.0,0.65146554,1.5096732,0.0,0.97387445,0.10353978,1.5004356,0.0,0.03673513,11
B1179,0.0,0.0,0.0,0.0,0.0,1.0560858,0.0,1.2199174,1.2842929,0.0,0.0,0.93578935,0.55482686,0.0,0.0,0.0,1.1888809,1.4565393,0.3405601,0.20433365,0.0,0.7195861,0.0,0.73609173,0.0,0.37899515,1.2615356,0.0,0.7548323,0.14348406,1.2322063,0.0,0.06263186,11
B1180,0.0,0.0,0.0,0.0,0.0,1.1033235,0.0,1.4024768,1.3306382,0.0,0.0,1.3654253,0.7981495,0.0,0.0,0.0,1.8536383,1.4263746,0.50083387,0.21430068,0.0,0.85912764,0.0,1.2014441,0.0,0.8253981,1.6869531,0.0,1.0710964,0.27157775,1.5227107,0.0,0.032229107,11
B1181,0.0,0.0,0.0,0.0,0.0,1.1494861,0.0,1.2330698,1.3512267,0.0,0.0,1.0446743,0.58752596,0.0,0.0,0.0,1.3902531,1.5194286,0.34110558,0.22121353,0.0,0.74780846,0.0,0.81691134,0.0,0.43031672,1.3852613,0.0,0.8055061,0.12099116,1.3465165,0.0,0.051722717,11
B1182,0.0,0.0,0.0,0.0,0.0,1.2383484,0.0,1.2788284,1.3783978,0.0,0.0,1.2131066,0.62138647,0.0,0.0,0.0,1.5781255,1.4813108,0.39356402,0.23515233,0.0,0.7305897,0.0,0.9498776,0.0,0.61560106,1.4938364,0.0,0.93230695,0.13634524,1.4494627,0.0,0.041967604,11
B1183,0.0,0.0,0.0,0.0,0.0,0.9906562,0.0,1.36465,1.2433004,0.0,0.0,1.2698686,0.7573042,0.0,0.0,0.0,1.8107989,1.3343277,0.51200134,0.19798657,0.0,0.8324672,0.0,1.2125025,0.0,0.74721956,1.6375954,0.0,0.9617612,0.2850451,1.4787004,0.0,0.036967915,11
B1184,0.0,0.0,0.0,0.0,0.0,1.0064373,0.0,1.1873528,1.2734289,0.0,0.0,0.8451376,0.53317535,0.0,0.0,0.0,1.0886062,1.4365407,0.3123786,0.18994428,0.0,0.71587324,0.0,0.65162194,0.0,0.30482954,1.2341902,0.0,0.667255,0.14490882,1.1873534,0.0,0.070461385,11
B1185,0.0,0.0,0.0,0.0,0.0,1.1630609,0.0,1.174414,1.410717,0.0,0.0,1.0512999,0.4429323,0.0,0.0,0.0,0.89770436,1.3445222,0.5736248,0.24833246,0.0,0.48567837,0.0,0.66698015,0.0,0.51069117,1.3826957,0.0,0.7343843,0.15068997,1.1787201,0.0,0.065867744,11
B1186,0.0,0.0,0.0,0.0,0.0,0.9059025,0.0,1.16639,1.27931,0.0,0.0,0.603386,0.41292846,0.0,0.0,0.0,0.699884,1.4196569,0.26715288,0.17313166,0.0,0.6407444,0.0,0.3637843,0.0,0.08595514,1.1712849,0.0,0.49326128,0.14359531,1.0769118,0.0,0.09672633,11
B1187,0.0,0.0,0.0,0.0,0.0,1.0159729,0.0,1.1897446,1.2727871,0.0,0.0,0.84597385,0.5328942,0.0,0.0,0.0,1.0944335,1.4425505,0.3039023,0.18998885,0.0,0.72141117,0.0,0.6531324,0.0,0.29704684,1.2453614,0.0,0.66868424,0.14208348,1.1989553,0.0,0.069857106,11
B1188,0.0,0.0,0.0,0.0,0.0,1.0780219,0.0,1.3628867,1.2883074,0.0,0.0,1.3418119,0.7802945,0.0,0.0,0.0,1.8257459,1.3945433,0.5094045,0.21347122,0.0,0.8435762,0.0,1.2004488,0.0,0.78814256,1.6642636,0.0,1.0209589,0.27359933,1.4878247,0.0,0.034326714,11
B1189,0.0,0.0,0.0,0.0,0.0,1.0130703,0.0,1.2333133,1.2894084,0.0,0.0,0.9374565,0.5726419,0.0,0.0,0.0,1.2562863,1.461657,0.36857218,0.2070747,0.0,0.7448372,0.0,0.77894545,0.0,0.37541273,1.2685518,0.0,0.72660536,0.15429139,1.2332344,0.0,0.060974766,11
B1190,0.0,0.0,0.0,0.0,0.0,1.1113793,0.0,1.2656927,1.3449867,0.0,0.0,1.0598884,0.621271,0.0,0.0,0.0,1.442167,1.495974,0.37140638,0.21625496,0.0,0.78348464,0.0,0.85593045,0.0,0.49016848,1.4212976,0.0,0.8170037,0.15573055,1.3842857,0.0,0.049316235,11
B1191,0.0,0.0,0.0,0.0,0.0,0.9230546,0.0,1.1947396,1.358502,0.0,0.0,0.7030171,0.4750121,0.0,0.0,0.0,0.86942774,1.5212921,0.3578201,0.18471828,0.0,0.6936408,0.0,0.4836847,0.0,0.18407452,1.2465284,0.0,0.5506951,0.17265172,1.1920946,0.0,0.07976556,11
B1192,0.0,0.0,0.0,0.0,0.0,1.0968558,0.0,1.393436,1.2505817,0.0,0.0,1.3403096,0.7666896,0.0,0.0,0.0,1.7904489,1.4370654,0.5227225,0.22721204,0.0,0.85314566,0.0,1.2351141,0.0,0.7234309,1.6635773,0.0,1.0244567,0.26896375,1.4689474,0.0,0.034134682,11
B1193,0.0,0.0,0.0,0.0,0.0,1.1337625,0.0,1.4318428,1.2680807,0.0,0.0,1.3714569,0.7785487,0.0,0.0,0.0,1.7837396,1.4614116,0.5133351,0.23260318,0.0,0.86788213,0.0,1.2282815,0.0,0.7552469,1.6979702,0.0,1.0454453,0.2717064,1.4892714,0.0,0.032635696,11
B1194,0.0,0.0,0.0,0.0,0.0,0.8870859,0.0,1.1271553,1.1600435,0.0,0.0,0.7024256,0.45902002,0.0,0.0,0.0,0.7974138,1.3499581,0.330635,0.18565573,0.0,0.6336241,0.0,0.519622,0.0,0.18576068,1.1080275,0.0,0.53254694,0.16769558,0.9940506,0.0,0.09409367,11
B1195,0.0,0.0,0.0,0.0,0.0,1.1056483,0.0,1.39768,1.2452271,0.0,0.0,1.3462584,0.7674152,0.0,0.0,0.0,1.7622025,1.415981,0.50274885,0.22589372,0.0,0.85049194,0.0,1.2040331,0.0,0.75080025,1.670918,0.0,1.0127995,0.2708429,1.4610615,0.0,0.03471888,11
B1196,0.0,0.0,0.0,0.0,0.0,1.0807378,0.0,1.3736718,1.2377412,0.0,0.0,1.3597823,0.7428879,0.0,0.0,0.0,1.7591376,1.4460323,0.49225307,0.22886291,0.0,0.8367007,0.0,1.2082441,0.0,0.74903226,1.6854017,0.0,0.9957029,0.26113114,1.4387076,0.0,0.03509253,11
B1197,0.0,0.0,0.0,0.0,0.0,0.8990206,0.0,0.21199948,1.1721857,0.0,0.0,0.69227225,0.18168002,0.0,0.0,0.0,0.6377961,1.5108192,0.016879857,0.2106739,0.0,0.34989887,0.0,0.30764794,0.0,0.0,0.85549617,0.0,0.39774182,0.0,1.0617402,0.0,0.13802402,11
B1198,0.0,0.0,0.0,0.0,0.0,1.10144,0.0,1.3997575,1.3281783,0.0,0.0,1.3641961,0.7976397,0.0,0.0,0.0,1.8514152,1.423563,0.49994484,0.21362433,0.0,0.8577478,0.0,1.200418,0.0,0.82503414,1.6851207,0.0,1.0676696,0.27210578,1.5199752,0.0,0.03237966,11
B1199,0.0,0.0,0.0,0.0,0.0,1.1111374,0.0,1.3254513,1.2592015,0.0,0.0,1.4015634,0.7644198,0.0,0.0,0.0,1.8092182,1.5271994,0.47962612,0.22729675,0.0,0.8300665,0.0,1.209942,0.0,0.7751304,1.6640301,0.0,1.0226492,0.2535758,1.4389336,0.0,0.033726387,11
B1200,0.0,0.0,0.0,0.0,0.0,0.8501432,0.0,1.0699624,1.2545139,0.0,0.0,0.7175082,0.46345717,0.0,0.0,0.0,0.9364188,1.3898414,0.38646325,0.19958857,0.0,0.60315436,0.0,0.5518911,0.0,0.25874433,1.1305988,0.0,0.6085719,0.143429,1.0132964,0.0,0.08757016,11
B1201,0.0,0.0,0.0,0.0,0.0,0.99425757,0.0,1.1989162,1.1719657,0.0,0.0,0.89900994,0.5004138,0.0,0.0,0.0,0.98729855,1.3992206,0.4132408,0.22065146,0.0,0.6400769,0.0,0.7172662,0.0,0.3201767,1.1608667,0.0,0.70392704,0.17023177,1.0665693,0.0,0.074140914,11
B1202,0.0,0.0,0.0,0.0,0.0,1.2587792,0.0,1.276783,1.2718468,0.0,0.0,1.1634529,0.5621847,0.0,0.0,0.0,1.4744375,1.4344295,0.3980353,0.2494004,0.0,0.7101286,0.0,0.96434486,0.0,0.5108997,1.4581999,0.0,0.85803986,0.11416136,1.3570561,0.0,0.046586007,11
B1203,0.0,0.0,0.0,0.0,0.0,0.94177586,0.0,0.040149152,1.3228676,0.0,0.0,0.48645917,0.0,0.0,0.0,0.0,0.06690824,1.7351185,0.0,0.19665638,0.0,0.23512304,0.0,0.0,0.0,0.0,0.634398,0.0,0.11333263,0.0,0.879536,0.0,0.18701057,11
B1204,0.0,0.0,0.0,0.0,0.0,1.0506742,0.0,1.4239372,1.3296481,0.0,0.0,1.3636518,0.79058003,0.0,0.0,0.0,1.845371,1.4220468,0.5073887,0.20592146,0.0,0.84315085,0.0,1.2136724,0.0,0.8145546,1.6873157,0.0,0.99076027,0.2932505,1.5474564,0.0,0.03276741,11
B1205,0.0,0.0,0.0,0.0,0.0,0.90177596,0.0,1.199745,1.2965028,0.0,0.0,0.48672742,0.36145082,0.0,0.0,0.0,0.48148292,1.4220414,0.27500287,0.1767065,0.0,0.63950825,0.0,0.2549011,0.0,0.0,1.3229047,0.0,0.42476678,0.14724815,1.0322692,0.0,0.10524183,11
B1206,0.0,0.0,0.0,0.0,0.0,1.1588207,0.0,1.2869054,1.2548637,0.0,0.0,1.0126581,0.55971986,0.0,0.0,0.0,1.2692364,1.5377507,0.36663765,0.23791523,0.0,0.7639877,0.0,0.8364239,0.0,0.34504494,1.3531184,0.0,0.7710234,0.1212579,1.2748461,0.0,0.05474754,11
B1207,0.0,0.0,0.0,0.0,0.0,1.065606,0.0,1.2279422,1.2545217,0.0,0.0,0.9587209,0.5449588,0.0,0.0,0.0,1.1923198,1.4740348,0.38707232,0.22333899,0.0,0.70762426,0.0,0.7816926,0.0,0.34693247,1.2575912,0.0,0.75343,0.1398594,1.1936427,0.0,0.06199764,11
B1208,0.0,0.0,0.0,0.0,0.0,1.104812,0.0,1.4048638,1.3278756,0.0,0.0,1.3646098,0.79732096,0.0,0.0,0.0,1.850352,1.428518,0.5016641,0.21528779,0.0,0.85994196,0.0,1.2033892,0.0,0.8219874,1.6873738,0.0,1.0723464,0.27157986,1.5215216,0.0,0.032221694,11
B1209,0.0,0.0,0.0,0.0,0.0,1.0839943,0.0,1.2848077,1.3272018,0.0,0.0,1.0212693,0.61520255,0.0,0.0,0.0,1.3793986,1.4874994,0.36719936,0.21312648,0.0,0.78377104,0.0,0.83806086,0.0,0.45590776,1.3791488,0.0,0.79059935,0.15996042,1.3406043,0.0,0.052092448,11
B1210,0.0,0.0,0.0,0.0,0.0,1.1264217,0.0,1.4112473,1.3069875,0.0,0.0,1.3695602,0.79193014,0.0,0.0,0.0,1.8404354,1.4704252,0.51195216,0.2262419,0.0,0.87006843,0.0,1.2211285,0.0,0.78685814,1.691251,0.0,1.0826417,0.2641446,1.5165908,0.0,0.031769216,11
B1211,0.0,0.0,0.0,0.0,0.0,1.069784,0.0,1.2756093,1.3100075,0.0,0.0,1.0203128,0.6108759,0.0,0.0,0.0,1.3562639,1.4756238,0.391099,0.21226908,0.0,0.7727934,0.0,0.84944415,0.0,0.47805583,1.3594394,0.0,0.80688125,0.17257278,1.3288964,0.0,0.052831843,11
B1212,0.0,0.0,0.0,0.0,0.0,0.96473336,0.0,1.1588508,1.2858778,0.0,0.0,0.7611202,0.47810426,0.0,0.0,0.0,0.92601097,1.4369909,0.2716839,0.18738276,0.0,0.6484312,0.0,0.5271011,0.0,0.22234356,1.1454364,0.0,0.5924046,0.12528816,1.0814857,0.0,0.08256176,11
B1213,0.0,0.0,0.0,0.0,0.0,1.1378286,0.0,1.0893314,1.2551178,0.0,0.0,1.1909742,0.615718,0.0,0.0,0.0,1.4838747,1.7916771,0.34297067,0.22250684,0.0,0.7903913,0.0,0.941928,0.0,0.5143791,1.3772314,0.0,0.8432234,0.11801799,1.3642325,0.0,0.046425637,11
B1214,0.0,0.0,0.0,0.0,0.0,0.9721024,0.0,1.1066713,1.2107363,0.0,0.0,0.906331,0.49164557,0.0,0.0,0.0,0.91397,1.7846978,0.3009067,0.21217188,0.0,0.7077552,0.0,0.63694096,0.0,0.22236809,1.2037913,0.0,0.6404435,0.13445339,1.2003849,0.0,0.07144335,11
B1215,0.0,0.0,0.0,0.0,0.0,1.096148,0.0,1.1644199,1.3286643,0.0,0.0,1.0524126,0.46733344,0.0,0.0,0.0,1.1387048,1.3195295,0.4607482,0.24398205,0.0,0.41885698,0.0,0.7606064,0.0,0.5498451,1.1796669,0.0,0.81754905,0.110695176,1.0788949,0.0,0.066219285,11
B1216,0.0,0.0,0.0,0.0,0.0,1.2522149,0.0,1.2793361,1.3833994,0.0,0.0,1.2153462,0.6174292,0.0,0.0,0.0,1.5748085,1.4987636,0.41133988,0.23867707,0.0,0.72028285,0.0,0.9680471,0.0,0.61323047,1.4726307,0.0,0.94055307,0.13223794,1.4409132,0.0,0.041673537,11
B1217,0.0,0.0,0.0,0.0,0.0,0.89652747,0.0,1.1379297,1.2361953,0.0,0.0,0.70299584,0.47878325,0.0,0.0,0.0,0.90435374,1.3869064,0.31390008,0.17713217,0.0,0.6636245,0.0,0.49972552,0.0,0.16763863,1.1378772,0.0,0.5217891,0.15069345,1.0791965,0.0,0.08839034,11
B1218,0.0,0.0,0.0,0.0,0.0,1.2263045,0.0,1.2779845,1.3802714,0.0,0.0,1.2158132,0.63696754,0.0,0.0,0.0,1.6227293,1.5019299,0.38980114,0.23385072,0.0,0.7629068,0.0,0.9549501,0.0,0.60994923,1.5242368,0.0,0.92613214,0.13944252,1.4791644,0.0,0.04078471,11
B1219,0.0,0.0,0.0,0.0,0.0,1.2173921,0.0,1.2816652,1.2567629,0.0,0.0,1.1242117,0.55188483,0.0,0.0,0.0,1.5002159,1.4208322,0.4084139,0.25207895,0.0,0.7128768,0.0,0.99448526,0.0,0.469697,1.4330845,0.0,0.8663273,0.09927496,1.32686,0.0,0.047452416,11
B1220,0.0,0.0,0.0,0.0,0.0,1.1288562,0.0,1.4428945,1.3421869,0.0,0.0,1.3994107,0.8027877,0.0,0.0,0.0,1.8457576,1.4623007,0.51011366,0.21882924,0.0,0.8760529,0.0,1.216531,0.0,0.8226631,1.7121849,0.0,1.0556769,0.27992567,1.5549778,0.0,0.030879313,11
B1221,0.0,0.0,0.0,0.0,0.0,0.8101634,0.0,1.0725944,1.1982384,0.0,0.0,0.5229951,0.38052785,0.0,0.0,0.0,0.6773918,1.2555388,0.34614226,0.16262771,0.0,0.59798837,0.0,0.36826265,0.0,0.11330113,1.1464261,0.0,0.45833823,0.165185,1.0057764,0.0,0.1091,11
B1222,0.0,0.0,0.0,0.0,0.0,1.1194785,0.0,1.4190679,1.2998441,0.0,0.0,1.3675139,0.78796935,0.0,0.0,0.0,1.8087838,1.42851,0.50104797,0.22044405,0.0,0.8598792,0.0,1.2014092,0.0,0.8006954,1.6923943,0.0,1.0489981,0.27441934,1.5036176,0.0,0.03276675,11
B1223,0.0,0.0,0.0,0.0,0.0,1.1259902,0.0,1.374657,1.2834618,0.0,0.0,1.4002345,0.7723972,0.0,0.0,0.0,1.8224211,1.5395318,0.48628756,0.22671622,0.0,0.8460068,0.0,1.2140567,0.0,0.7742536,1.6729623,0.0,1.0467753,0.25262737,1.4788344,0.0,0.032419797,11
B1224,0.0,0.0,0.0,0.0,0.0,1.0812342,0.0,1.3652768,1.2761722,0.0,0.0,1.3379979,0.7790389,0.0,0.0,0.0,1.8136578,1.3917127,0.50230527,0.21513014,0.0,0.84267944,0.0,1.1960344,0.0,0.7840069,1.6622008,0.0,1.0305489,0.270105,1.4780563,0.0,0.034599766,11
B1225,0.0,0.0,0.0,0.0,0.0,1.1271968,0.0,1.2400086,1.3158602,0.0,0.0,1.0319405,0.58716863,0.0,0.0,0.0,1.3778236,1.5012352,0.3408985,0.21993834,0.0,0.7526493,0.0,0.8211537,0.0,0.41477513,1.3608177,0.0,0.7861304,0.12147219,1.318489,0.0,0.05328457,11
B1226,0.0,0.0,0.0,0.0,0.0,0.966164,0.0,1.1912947,1.1728523,0.0,0.0,0.7241649,0.45665345,0.0,0.0,0.0,0.83091086,1.4191164,0.3149842,0.19881256,0.0,0.68746907,0.0,0.53116846,0.0,0.12186545,1.1683911,0.0,0.54103875,0.14611731,1.0666864,0.0,0.08680654,11
B1227,0.0,0.0,0.0,0.0,0.0,1.1540225,0.0,1.2286657,1.313929,0.0,0.0,0.9908704,0.5573426,0.0,0.0,0.0,1.2422965,1.5971346,0.30629742,0.22139616,0.0,0.75763077,0.0,0.74235183,0.0,0.33138967,1.3565774,0.0,0.7740539,0.10885451,1.3126235,0.0,0.056078106,11
B1228,0.0,0.0,0.0,0.0,0.0,1.1885079,0.0,1.3133214,1.2982016,0.0,0.0,1.1166352,0.57723093,0.0,0.0,0.0,1.5275807,1.3903368,0.3919168,0.22823435,0.0,0.7247633,0.0,0.98119414,0.0,0.51660836,1.4287596,0.0,0.8194049,0.11857571,1.3685138,0.0,0.04703163,11
B1229,0.0,0.0,0.0,0.0,0.0,0.73388743,0.0,0.983462,1.402736,0.0,0.0,0.46589375,0.36245447,0.0,0.0,0.0,0.6721643,1.3815645,0.30364817,0.1767707,0.0,0.5246515,0.0,0.28178933,0.0,0.18436429,1.1548306,0.0,0.38924238,0.12571505,0.878262,0.0,0.113144726,11
B1230,0.0,0.0,0.0,0.0,0.0,1.2805793,0.0,1.3193115,1.3684943,0.0,0.0,1.2035809,0.6080318,0.0,0.0,0.0,1.5594246,1.523965,0.38816965,0.2509882,0.0,0.7370991,0.0,0.96059114,0.0,0.55220807,1.4835393,0.0,0.9368337,0.110402584,1.4310827,0.0,0.04152327,11
B1231,0.0,0.0,0.0,0.0,0.0,1.1736413,0.0,1.1109482,1.2491086,0.0,0.0,1.1375082,0.53080386,0.0,0.0,0.0,1.2913282,1.7406652,0.34875244,0.2365787,0.0,0.70208824,0.0,0.8927136,0.0,0.41295338,1.2525299,0.0,0.8123964,0.08967752,1.2616175,0.0,0.053309903,11
B1232,0.0,0.0,0.0,0.0,0.0,1.2178823,0.0,1.2803752,1.3934188,0.0,0.0,1.2183518,0.64658475,0.0,0.0,0.0,1.6369332,1.4941251,0.40491956,0.2317965,0.0,0.7642193,0.0,0.96760714,0.0,0.63358796,1.5291605,0.0,0.9415617,0.15039676,1.4914896,0.0,0.040137682,11
B1233,0.0,0.0,0.0,0.0,0.0,1.230575,0.0,1.0964549,1.36008,0.0,0.0,1.3450515,0.6564872,0.0,0.0,0.0,1.7255313,1.8039924,0.3574142,0.23561908,0.0,0.79070085,0.0,1.0317634,0.0,0.65650547,1.5141703,0.0,0.95942056,0.111017756,1.5061787,0.0,0.036812596,11
B1234,0.0,0.0,0.0,0.0,0.0,0.93404377,0.0,1.2423177,1.2437837,0.0,0.0,0.8258288,0.5357313,0.0,0.0,0.0,1.0231732,1.4277978,0.3931175,0.20110585,0.0,0.6925952,0.0,0.68545055,0.0,0.33652472,1.1934206,0.0,0.6943562,0.19382386,1.1583352,0.0,0.07182128,11
B1235,0.0,0.0,0.0,0.0,0.0,0.89708406,0.0,1.1833878,1.164081,0.0,0.0,0.8895314,0.57170594,0.0,0.0,0.0,1.2408456,1.3657362,0.41748443,0.18929784,0.0,0.71972674,0.0,0.8320094,0.0,0.351524,1.1918428,0.0,0.6905073,0.19335756,1.1588893,0.0,0.06780764,11
B1236,0.0,0.0,0.0,0.0,0.0,1.0921078,0.0,1.2229723,1.2913437,0.0,0.0,0.94794816,0.5623723,0.0,0.0,0.0,1.2495984,1.5028846,0.33390775,0.21417597,0.0,0.75478613,0.0,0.7517052,0.0,0.34239998,1.3242798,0.0,0.7526822,0.12712128,1.2744982,0.0,0.059114937,11
B1237,0.0,0.0,0.0,0.0,0.0,0.9169587,0.0,1.1700879,1.2609789,0.0,0.0,0.62514246,0.4264266,0.0,0.0,0.0,0.7277857,1.4333496,0.29001644,0.18018852,0.0,0.6605824,0.0,0.39880967,0.0,0.0783907,1.1879196,0.0,0.5108863,0.14517058,1.0819513,0.0,0.09374977,11
B1238,0.0,0.0,0.0,0.0,0.0,1.1491113,0.0,1.4358172,1.2801012,0.0,0.0,1.3933028,0.78519845,0.0,0.0,0.0,1.809991,1.5100389,0.5187091,0.23752555,0.0,0.87804306,0.0,1.2426724,0.0,0.7511984,1.7028576,0.0,1.0608826,0.2650818,1.5042088,0.0,0.031415466,11
B1239,0.0,0.0,0.0,0.0,0.0,1.1322192,0.0,1.4338946,1.253917,0.0,0.0,1.3657871,0.77247894,0.0,0.0,0.0,1.7647992,1.454492,0.50970876,0.23384301,0.0,0.8632966,0.0,1.2231965,0.0,0.74417245,1.6918238,0.0,1.0347631,0.27110255,1.4784508,0.0,0.033211064,11
B1240,0.0,0.0,0.0,0.0,0.0,1.0506512,0.0,1.2533147,1.2129554,0.0,0.0,1.0090415,0.5654698,0.0,0.0,0.0,1.245254,1.4305196,0.40993845,0.2200776,0.0,0.72349274,0.0,0.8655349,0.0,0.42828047,1.2868783,0.0,0.78279936,0.1784656,1.2265502,0.0,0.058665756,11
B1241,0.0,0.0,0.0,0.0,0.0,0.93579674,0.0,1.2027969,1.238599,0.0,0.0,0.7168267,0.47055596,0.0,0.0,0.0,0.8636846,1.459792,0.31742007,0.19796754,0.0,0.67727524,0.0,0.52207583,0.0,0.14666668,1.152029,0.0,0.5752492,0.1440636,1.0750566,0.0,0.08458128,11
B1242,0.0,0.0,0.0,0.0,0.0,0.79135966,0.0,0.97699004,1.280285,0.0,0.0,0.5234616,0.40142184,0.0,0.0,0.0,0.7049815,1.3426414,0.31963763,0.15149412,0.0,0.57109517,0.0,0.32026505,0.0,0.16149911,1.1284513,0.0,0.4425288,0.16229858,1.0248572,0.0,0.10889238,11
B1243,0.0,0.0,0.0,0.0,0.0,0.928586,0.0,1.0911888,1.331548,0.0,0.0,0.7254816,0.44446036,0.0,0.0,0.0,0.8238463,1.5507629,0.23316832,0.19331451,0.0,0.6247038,0.0,0.45104557,0.0,0.1580266,1.1360981,0.0,0.5089658,0.12190073,1.0225122,0.0,0.088795014,11
B1244,0.0,0.0,0.0,0.0,0.0,1.2264894,0.0,1.2848805,1.4059062,0.0,0.0,1.2198956,0.6470517,0.0,0.0,0.0,1.6481628,1.501775,0.3910235,0.2325761,0.0,0.76791954,0.0,0.9572414,0.0,0.6198757,1.5355794,0.0,0.9331176,0.14148182,1.4982697,0.0,0.03989346,11
B1245,0.0,0.0,0.0,0.0,0.0,1.0916736,0.0,1.2535146,1.325857,0.0,0.0,1.0128697,0.60025483,0.0,0.0,0.0,1.3595469,1.4821,0.35256338,0.21109492,0.0,0.7678179,0.0,0.80911624,0.0,0.44142988,1.3758042,0.0,0.78374726,0.150494,1.3345082,0.0,0.05358491,11
B1246,0.0,0.0,0.0,0.0,0.0,1.0899987,0.0,1.3708193,1.2882571,0.0,0.0,1.3456666,0.7787857,0.0,0.0,0.0,1.8237721,1.4205614,0.5067555,0.2167542,0.0,0.84994054,0.0,1.2058237,0.0,0.7860112,1.6722789,0.0,1.03353,0.26938057,1.4909697,0.0,0.033798568,11
B1247,0.0,0.0,0.0,0.0,0.0,1.0568613,0.0,1.3681419,1.291148,0.0,0.0,1.332098,0.7805526,0.0,0.0,0.0,1.824594,1.3741803,0.5015019,0.20600341,0.0,0.84295726,0.0,1.1964259,0.0,0.7988069,1.6671875,0.0,1.017291,0.27690884,1.4894388,0.0,0.034664802,11
B1248,0.0,0.0,0.0,0.0,0.0,1.147187,0.0,1.3296208,1.2515845,0.0,0.0,1.0838699,0.5577389,0.0,0.0,0.0,1.441703,1.3544146,0.39944863,0.22778392,0.0,0.6785643,0.0,0.9879352,0.0,0.47926143,1.3400574,0.0,0.8151939,0.13011014,1.2807324,0.0,0.051228832,11
B1249,0.0,0.0,0.0,0.0,0.0,1.1519161,0.0,1.444611,1.3048135,0.0,0.0,1.3932047,0.79103917,0.0,0.0,0.0,1.8179913,1.4861643,0.52004564,0.23625657,0.0,0.8798171,0.0,1.2350082,0.0,0.7808951,1.7252032,0.0,1.072674,0.27147514,1.5184226,0.0,0.030991621,11
B1250,0.0,0.0,0.0,0.0,0.0,1.2281187,0.0,1.2912884,1.4238365,0.0,0.0,1.2226677,0.6554102,0.0,0.0,0.0,1.670944,1.5133181,0.38093495,0.23218171,0.0,0.7792888,0.0,0.95445675,0.0,0.61500895,1.5474145,0.0,0.9307724,0.1381459,1.5119512,0.0,0.039200213,11
B1251,0.0,0.0,0.0,0.0,0.0,1.1029981,0.0,1.2342899,1.3253622,0.0,0.0,1.0126632,0.5894853,0.0,0.0,0.0,1.3306861,1.5102259,0.35851005,0.2155198,0.0,0.75284654,0.0,0.8078674,0.0,0.4262862,1.3415189,0.0,0.79986733,0.14083806,1.308786,0.0,0.054397523,11
B1252,0.0,0.0,0.0,0.0,0.0,1.1045287,0.0,1.4064925,1.3103759,0.0,0.0,1.3582525,0.7900393,0.0,0.0,0.0,1.8280704,1.4197955,0.49868426,0.21698928,0.0,0.85571265,0.0,1.1984818,0.0,0.80923676,1.6833036,0.0,1.0602076,0.27117187,1.5072677,0.0,0.032863878,11
B1253,0.0,0.0,0.0,0.0,0.0,1.2305884,0.0,1.2865796,1.4278862,0.0,0.0,1.2254832,0.6563129,0.0,0.0,0.0,1.679806,1.5181143,0.37889677,0.23201695,0.0,0.782024,0.0,0.95254457,0.0,0.61607695,1.5543754,0.0,0.930468,0.13668883,1.5201641,0.0,0.03895543,11
B1254,0.0,0.0,0.0,0.0,0.0,1.2868224,0.0,1.2965729,1.3752551,0.0,0.0,1.2360092,0.61510295,0.0,0.0,0.0,1.5818703,1.6020522,0.360012,0.25045305,0.0,0.75275624,0.0,0.9509752,0.0,0.5486442,1.4892471,0.0,0.9277001,0.09950729,1.4510845,0.0,0.040462334,11
B1255,0.0,0.0,0.0,0.0,0.0,1.0921335,0.0,1.3894259,1.2399802,0.0,0.0,1.3403157,0.7668312,0.0,0.0,0.0,1.7791585,1.4119899,0.50897413,0.22323228,0.0,0.841458,0.0,1.2112088,0.0,0.73016155,1.6496894,0.0,1.006057,0.26760846,1.466189,0.0,0.035008583,11
B1256,0.0,0.0,0.0,0.0,0.0,1.1041245,0.0,1.4010842,1.3378258,0.0,0.0,1.3685526,0.8008994,0.0,0.0,0.0,1.8617321,1.4298273,0.50195163,0.2135525,0.0,0.8612908,0.0,1.203084,0.0,0.8314663,1.6896148,0.0,1.07422,0.27219856,1.526959,0.0,0.031986866,11
B1257,0.0,0.0,0.0,0.0,0.0,1.1503235,0.0,1.3374137,1.2730503,0.0,0.0,1.0375087,0.5358528,0.0,0.0,0.0,1.188163,1.4712899,0.38335472,0.24639224,0.0,0.6534586,0.0,0.81313556,0.0,0.36098856,1.236608,0.0,0.76626945,0.12104793,1.1581188,0.0,0.058925595,11
B1258,0.0,0.0,0.0,0.0,0.0,1.1089802,0.0,1.4000456,1.3151419,0.0,0.0,1.3742162,0.79272354,0.0,0.0,0.0,1.8182534,1.4123398,0.49287707,0.21615084,0.0,0.8515984,0.0,1.1838813,0.0,0.82371926,1.6863694,0.0,1.0320295,0.27613017,1.5031455,0.0,0.033124313,11
B1259,0.0,0.0,0.0,0.0,0.0,1.1322234,0.0,1.2713826,1.2758144,0.0,0.0,1.0476778,0.58658177,0.0,0.0,0.0,1.3735046,1.5732514,0.4092613,0.23265825,0.0,0.7974423,0.0,0.9053061,0.0,0.45007408,1.4033053,0.0,0.8430492,0.15054978,1.3206576,0.0,0.04972774,11
B1260,0.0,0.0,0.0,0.0,0.0,0.97907865,0.0,1.1868672,1.1969154,0.0,0.0,0.816944,0.49617386,0.0,0.0,0.0,0.96870387,1.4749572,0.32848442,0.19846866,0.0,0.70425713,0.0,0.63316596,0.0,0.21818471,1.1725336,0.0,0.590435,0.14905001,1.1085715,0.0,0.07723066,11
B1261,0.0,0.0,0.0,0.0,0.0,0.7487803,0.0,0.1922937,1.0271989,0.0,0.0,0.47390962,0.16679907,0.0,0.0,0.0,0.25496507,1.3412665,0.0,0.1693172,0.0,0.1892313,0.0,0.014946282,0.0,0.03944108,0.69900835,0.0,0.16463605,0.0,0.862088,0.0,0.19695483,11
B1262,0.0,0.0,0.0,0.0,0.0,1.063824,0.0,1.3600377,1.2908201,0.0,0.0,1.3367867,0.7770883,0.0,0.0,0.0,1.8563993,1.4117479,0.52716696,0.21250132,0.0,0.85621023,0.0,1.2274879,0.0,0.7738482,1.675838,0.0,1.0243347,0.27406642,1.5061841,0.0,0.033630658,11
B1263,0.0,0.0,0.0,0.0,0.0,1.0487361,0.0,1.3410865,1.1263143,0.0,0.0,1.2667694,0.7129023,0.0,0.0,0.0,1.6334956,1.2599816,0.47251198,0.22303885,0.0,0.7878846,0.0,1.1291466,0.0,0.6774178,1.5994997,0.0,0.9070475,0.26082963,1.3413131,0.0,0.042890377,11
B1264,0.0,0.0,0.0,0.0,0.0,1.1362481,0.0,1.1049541,1.2537656,0.0,0.0,1.1765907,0.6056599,0.0,0.0,0.0,1.4419479,1.8082192,0.34836474,0.22427619,0.0,0.7904877,0.0,0.92593884,0.0,0.49351504,1.3656309,0.0,0.8347757,0.12009747,1.3582723,0.0,0.047199614,11
B1265,0.0,0.0,0.0,0.0,0.0,1.0998414,0.0,1.4016632,1.3060424,0.0,0.0,1.3565812,0.7890798,0.0,0.0,0.0,1.8235615,1.411148,0.4969514,0.21548656,0.0,0.85113907,0.0,1.196039,0.0,0.808745,1.6797507,0.0,1.0515546,0.27271146,1.5017617,0.0,0.033204123,11
B1266,0.0,0.0,0.0,0.0,0.0,1.1027919,0.0,1.4003139,1.3363862,0.0,0.0,1.3675135,0.8004516,0.0,0.0,0.0,1.8607231,1.4280232,0.5014275,0.21345222,0.0,0.8603164,0.0,1.2024617,0.0,0.8307172,1.6883252,0.0,1.0738797,0.27197182,1.5257707,0.0,0.03206453,11
B1267,0.0,0.0,0.0,0.0,0.0,1.119419,0.0,1.4150708,1.299778,0.0,0.0,1.3624861,0.79130006,0.0,0.0,0.0,1.8345742,1.450457,0.514909,0.22490478,0.0,0.8655104,0.0,1.2231951,0.0,0.7831181,1.6893766,0.0,1.0781095,0.26766393,1.5140243,0.0,0.032104112,11
B1268,0.0,0.0,0.0,0.0,0.0,1.2470467,0.0,1.2621891,1.2401478,0.0,0.0,1.1389492,0.55188787,0.0,0.0,0.0,1.4065831,1.4026933,0.39502913,0.25340322,0.0,0.68088573,0.0,0.9510641,0.0,0.52077997,1.4069337,0.0,0.8968297,0.11520666,1.2887709,0.0,0.049453974,11
B1269,0.0,0.0,0.0,0.0,0.0,1.2445419,0.0,1.203181,1.2932415,0.0,0.0,1.2248312,0.5924035,0.0,0.0,0.0,1.5275612,1.5948578,0.3736704,0.24213675,0.0,0.72063756,0.0,0.9661688,0.0,0.56065583,1.4207673,0.0,0.9136768,0.10546591,1.3721219,0.0,0.04417597,11
B1270,0.0,0.0,0.0,0.0,0.0,1.2668822,0.0,0.34427148,1.2406224,0.0,0.0,0.9410185,0.098745376,0.0,0.0,0.0,0.65778357,1.835956,0.033590168,0.28984153,0.0,0.43073368,0.0,0.46383137,0.0,0.0,0.98178357,0.0,0.5123619,0.0,1.0997624,0.0,0.10254742,11
B1271,0.0,0.0,0.0,0.0,0.0,0.90218365,0.0,1.1868831,1.2105527,0.0,0.0,0.630713,0.4209463,0.0,0.0,0.0,0.7027162,1.4151518,0.3107707,0.19324423,0.0,0.6515702,0.0,0.44130212,0.0,0.08959496,1.1881001,0.0,0.50054497,0.15293808,1.0159,0.0,0.095246024,11
B1272,0.0,0.0,0.0,0.0,0.0,0.7386413,0.0,0.125566,1.0074549,0.0,0.0,0.524892,0.1368705,0.0,0.0,0.0,0.37965786,1.5289109,0.0,0.17462285,0.0,0.3312899,0.0,0.19365418,0.0,0.0,0.74588764,0.0,0.086370796,0.0,0.8026571,0.0,0.18127973,11
B1273,0.0,0.0,0.0,0.0,0.0,1.0904578,0.0,1.3625364,1.2848927,0.0,0.0,1.3472569,0.7903654,0.0,0.0,0.0,1.8409915,1.4246327,0.5199065,0.21679607,0.0,0.85784626,0.0,1.2259498,0.0,0.7764851,1.6730291,0.0,1.0442562,0.27174744,1.4878995,0.0,0.033422623,11
B1274,0.0,0.0,0.0,0.0,0.0,0.94441175,0.0,1.0891738,1.2711276,0.0,0.0,0.77069527,0.40262762,0.0,0.0,0.0,0.833701,1.3833647,0.37731236,0.21889599,0.0,0.5171107,0.0,0.53640985,0.0,0.3027115,1.1669548,0.0,0.61926377,0.12454561,0.9897544,0.0,0.08767831,11
B1275,0.0,0.0,0.0,0.0,0.0,0.83664244,0.0,0.17382908,1.0770129,0.0,0.0,0.68683016,0.15946767,0.0,0.0,0.0,0.6163719,1.5818119,0.0,0.20384939,0.0,0.34726903,0.0,0.31380147,0.0,0.0,0.85614085,0.0,0.2266542,0.0,0.88736624,0.0,0.14853702,11
B1276,0.0,0.0,0.0,0.0,0.0,0.8093158,0.0,1.113096,1.2029983,0.0,0.0,0.60800713,0.42764068,0.0,0.0,0.0,0.7612493,1.3284521,0.32052255,0.18701695,0.0,0.59040964,0.0,0.45590904,0.0,0.19158103,1.1193743,0.0,0.46514288,0.16118814,0.94618905,0.0,0.101362,11
B1277,0.0,0.0,0.0,0.0,0.0,1.1559697,0.0,1.2412889,1.3100102,0.0,0.0,1.0404899,0.5755574,0.0,0.0,0.0,1.3516086,1.5068331,0.36053967,0.22764152,0.0,0.7442813,0.0,0.8283277,0.0,0.42574656,1.3805437,0.0,0.8193536,0.1243861,1.3260431,0.0,0.052564137,11
B1278,0.0,0.0,0.0,0.0,0.0,1.065747,0.0,1.3588372,1.2680624,0.0,0.0,1.3330789,0.7811019,0.0,0.0,0.0,1.8300285,1.3826368,0.5078608,0.20816681,0.0,0.83964026,0.0,1.2033284,0.0,0.7658565,1.6442506,0.0,1.0205672,0.26905888,1.4843531,0.0,0.034901753,11
B1279,0.0,0.0,0.0,0.0,0.0,1.1097562,0.0,1.355428,1.2943928,0.0,0.0,1.3861,0.7866647,0.0,0.0,0.0,1.8364179,1.4846165,0.503433,0.22251827,0.0,0.8514192,0.0,1.2204016,0.0,0.79469013,1.6772602,0.0,1.041968,0.26579273,1.4876986,0.0,0.032706425,11
B1280,0.0,0.0,0.0,0.0,0.0,1.0943005,0.0,1.3764057,1.299998,0.0,0.0,1.3493807,0.7888665,0.0,0.0,0.0,1.8425035,1.4179993,0.51003945,0.21571374,0.0,0.8548944,0.0,1.2072673,0.0,0.7947103,1.672178,0.0,1.0511184,0.26970404,1.5024409,0.0,0.03325902,11
B1281,0.0,0.0,0.0,0.0,0.0,0.89316046,0.0,1.1132386,1.2461766,0.0,0.0,0.64520156,0.43207526,0.0,0.0,0.0,0.75742173,1.4844689,0.29011068,0.17810923,0.0,0.6616633,0.0,0.43348327,0.0,0.11872065,1.1831983,0.0,0.5475593,0.14317884,1.0955405,0.0,0.09191124,11
B1282,0.0,0.0,0.0,0.0,0.0,1.3389449,0.0,1.35803,1.4327302,0.0,0.0,1.264888,0.62841934,0.0,0.0,0.0,1.6202242,1.6280342,0.38209963,0.2624878,0.0,0.7730117,0.0,0.9737666,0.0,0.5763737,1.5661623,0.0,0.98726785,0.10689963,1.5236938,0.0,0.036499273,11
B1283,0.0,0.0,0.0,0.0,0.0,0.91665876,0.0,0.32484448,1.0050579,0.0,0.0,0.7070068,0.17134908,0.0,0.0,0.0,0.478409,1.4902275,0.020905033,0.2304006,0.0,0.40913236,0.0,0.35693452,0.0,0.0,0.832319,0.0,0.25808033,0.0,0.8728621,0.0,0.14792947,11
B1284,0.0,0.0,0.0,0.0,0.0,1.2899722,0.0,1.3064845,1.3140475,0.0,0.0,1.2067755,0.5823253,0.0,0.0,0.0,1.4871987,1.4960445,0.39661586,0.25527477,0.0,0.71922356,0.0,0.962374,0.0,0.54442215,1.4834235,0.0,0.90005636,0.118533,1.3932555,0.0,0.04358519,11
B1285,0.0,0.0,0.0,0.0,0.0,1.1635681,0.0,1.4632373,1.2528174,0.0,0.0,1.3811483,0.7737576,0.0,0.0,0.0,1.7683529,1.500803,0.52308774,0.24735484,0.0,0.8791551,0.0,1.2437296,0.0,0.71668434,1.7006122,0.0,1.0560192,0.26388782,1.4800832,0.0,0.031991776,11
B1286,0.0,0.0,0.0,0.0,0.0,0.99931777,0.0,1.2418039,1.2696844,0.0,0.0,0.82134116,0.5262697,0.0,0.0,0.0,1.0512202,1.4471433,0.33244,0.19467184,0.0,0.7274152,0.0,0.6465206,0.0,0.28370047,1.2521539,0.0,0.6646962,0.16142425,1.2256002,0.0,0.06990676,11
B1287,0.0,0.0,0.0,0.0,0.0,1.2351418,0.0,1.3216013,1.2582632,0.0,0.0,1.0322281,0.48474193,0.0,0.0,0.0,1.0861188,1.4823955,0.3729497,0.2582802,0.0,0.6170527,0.0,0.7768243,0.0,0.33677316,1.2569821,0.0,0.7768875,0.09620557,1.1440992,0.0,0.060675975,11
B1288,0.0,0.0,0.0,0.0,0.0,1.1024667,0.0,1.4003803,1.3334541,0.0,0.0,1.3668432,0.7994689,0.0,0.0,0.0,1.8567895,1.4274893,0.5006819,0.21366443,0.0,0.85937375,0.0,1.2016548,0.0,0.82860166,1.6867551,0.0,1.0713336,0.27202153,1.5244519,0.0,0.032169506,11
B1289,0.0,0.0,0.0,0.0,0.0,1.0760989,0.0,1.2573647,1.2133278,0.0,0.0,1.0994718,0.5278576,0.0,0.0,0.0,1.2662151,1.2423017,0.51895565,0.23129816,0.0,0.5261643,0.0,0.93232167,0.0,0.58801275,1.2752339,0.0,0.88306177,0.18256056,1.1524662,0.0,0.058561802,11
B1290,0.0,0.0,0.0,0.0,0.0,1.231289,0.0,1.3069853,1.3159711,0.0,0.0,1.184211,0.5986951,0.0,0.0,0.0,1.6139454,1.5105886,0.42835054,0.2523283,0.0,0.77229804,0.0,1.0377555,0.0,0.5278425,1.5548317,0.0,0.9003456,0.12313434,1.4678471,0.0,0.04062749,11
B1291,0.0,0.0,0.0,0.0,0.0,1.0715969,0.0,1.3632005,1.3323411,0.0,0.0,1.3873291,0.80114955,0.0,0.0,0.0,1.8772277,1.4544034,0.51981866,0.21569604,0.0,0.85226643,0.0,1.2405586,0.0,0.82716036,1.6905088,0.0,1.0471509,0.28100762,1.5267779,0.0,0.031923126,11
B1292,0.0,0.0,0.0,0.0,0.0,1.2703907,0.0,1.2850302,1.3832204,0.0,0.0,1.1887683,0.6051336,0.0,0.0,0.0,1.5834237,1.5201912,0.38082132,0.2523376,0.0,0.7437832,0.0,0.96324944,0.0,0.5675957,1.4984982,0.0,0.9724565,0.105609044,1.4312623,0.0,0.041318372,11
B1293,0.0,0.0,0.0,0.0,0.0,1.0736241,0.0,1.2614996,1.2096081,0.0,0.0,0.9935778,0.56938577,0.0,0.0,0.0,1.3256578,1.4440844,0.39938956,0.22272548,0.0,0.7649175,0.0,0.8871513,0.0,0.39370137,1.3570528,0.0,0.7532438,0.15972605,1.2781615,0.0,0.055920497,11
B1294,0.0,0.0,0.0,0.0,0.0,1.2147839,0.0,1.2964587,1.3839259,0.0,0.0,1.2082732,0.64311147,0.0,0.0,0.0,1.6100156,1.4913781,0.39348108,0.23129512,0.0,0.75924236,0.0,0.9600476,0.0,0.6136322,1.5023277,0.0,0.9310006,0.14544427,1.4623597,0.0,0.04112838,11
B1295,0.0,0.0,0.0,0.0,0.0,1.1033609,0.0,1.3920611,1.2459679,0.0,0.0,1.3572778,0.7615691,0.0,0.0,0.0,1.7793214,1.4460992,0.49532545,0.22403663,0.0,0.8381691,0.0,1.2017171,0.0,0.7395784,1.6542046,0.0,1.012382,0.2593872,1.4750943,0.0,0.03451243,11
B1296,0.0,0.0,0.0,0.0,0.0,1.1704977,0.0,1.4807533,1.3145704,0.0,0.0,1.4034437,0.80165267,0.0,0.0,0.0,1.8251984,1.5332441,0.51481247,0.23917814,0.0,0.8908316,0.0,1.2410114,0.0,0.7842854,1.7222867,0.0,1.1113143,0.2677596,1.545641,0.0,0.029748298,11
B1297,0.0,0.0,0.0,0.0,0.0,1.092729,0.0,1.3855634,1.2750039,0.0,0.0,1.3504586,0.7773573,0.0,0.0,0.0,1.8034127,1.421963,0.50405926,0.21780343,0.0,0.8469026,0.0,1.2061357,0.0,0.7772518,1.6733932,0.0,1.0245103,0.27254987,1.4896212,0.0,0.03396087,11
B1298,0.0,0.0,0.0,0.0,0.0,1.1234064,0.0,1.3983839,1.3616669,0.0,0.0,1.4015894,0.8074346,0.0,0.0,0.0,1.8774512,1.483843,0.51211846,0.21276805,0.0,0.88207126,0.0,1.2067063,0.0,0.8482052,1.7051723,0.0,1.0337301,0.28077278,1.5634146,0.0,0.030786676,11
B1299,0.0,0.0,0.0,0.0,0.0,1.1016206,0.0,1.3996114,1.3260825,0.0,0.0,1.3635435,0.7967479,0.0,0.0,0.0,1.8489075,1.4227641,0.49969918,0.21395703,0.0,0.8572967,0.0,1.1997755,0.0,0.82344055,1.6845528,0.0,1.0663372,0.27193952,1.5183533,0.0,0.03245328,11
B1300,0.0,0.0,0.0,0.0,0.0,0.8598677,0.0,1.1624565,1.105556,0.0,0.0,0.80352503,0.5222066,0.0,0.0,0.0,1.0771837,1.2547052,0.40284654,0.18896943,0.0,0.66357934,0.0,0.7302824,0.0,0.30792075,1.1345303,0.0,0.6142276,0.19393253,1.0525013,0.0,0.080692425,11
B1301,0.0,0.0,0.0,0.0,0.0,1.2464684,0.0,1.3001604,1.416733,0.0,0.0,1.2199676,0.63868904,0.0,0.0,0.0,1.635732,1.5144323,0.36575538,0.23628885,0.0,0.762239,0.0,0.93744874,0.0,0.5922316,1.527969,0.0,0.9203966,0.12378672,1.4860203,0.0,0.04017614,11
B1302,0.0,0.0,0.0,0.0,0.0,0.86373305,0.0,0.20767683,1.0874043,0.0,0.0,0.6857923,0.14814475,0.0,0.0,0.0,0.596396,1.5728545,0.0,0.20728968,0.0,0.34274518,0.0,0.31155735,0.0,0.0,0.85057163,0.0,0.27817425,0.0,0.9281295,0.0,0.14609456,11
B1303,0.0,0.0,0.0,0.0,0.0,0.99002194,0.0,1.2603881,1.1742818,0.0,0.0,0.82450014,0.49271134,0.0,0.0,0.0,0.90657604,1.4429269,0.3051886,0.20134318,0.0,0.6828789,0.0,0.5970388,0.0,0.19535851,1.1669219,0.0,0.5271106,0.16164774,1.1099126,0.0,0.079505555,11
B1304,0.0,0.0,0.0,0.0,0.0,1.265773,0.0,1.3583201,1.2737626,0.0,0.0,1.1804283,0.5816206,0.0,0.0,0.0,1.4129384,1.5097845,0.38903046,0.2541774,0.0,0.7129557,0.0,0.9654453,0.0,0.51607776,1.3959959,0.0,0.902465,0.12015062,1.3206011,0.0,0.045845922,11
B1305,0.0,0.0,0.0,0.0,0.0,1.0588369,0.0,1.3629394,1.2331293,0.0,0.0,1.3148572,0.7556226,0.0,0.0,0.0,1.7804534,1.3714154,0.5116318,0.21520036,0.0,0.8348625,0.0,1.2047337,0.0,0.7338501,1.6478367,0.0,0.9772198,0.27398732,1.4547708,0.0,0.036307126,11
B1306,0.0,0.0,0.0,0.0,0.0,1.2961462,0.0,1.3121285,1.3564978,0.0,0.0,1.2055473,0.59599113,0.0,0.0,0.0,1.5744984,1.5208975,0.39634758,0.25715363,0.0,0.7518297,0.0,0.9790095,0.0,0.52344424,1.5252522,0.0,0.9117672,0.10534759,1.4360459,0.0,0.04108252,11
B1307,0.0,0.0,0.0,0.0,0.0,1.1053188,0.0,1.3932033,1.2613393,0.0,0.0,1.3513635,0.7758903,0.0,0.0,0.0,1.787579,1.420575,0.5106623,0.22393355,0.0,0.8541657,0.0,1.213198,0.0,0.7618525,1.6782045,0.0,1.0242748,0.27282885,1.4732629,0.0,0.03403703,11
B1308,0.0,0.0,0.0,0.0,0.0,1.0345656,0.0,1.2620873,1.2660409,0.0,0.0,0.96105856,0.5828728,0.0,0.0,0.0,1.23578,1.4569342,0.37828812,0.20877245,0.0,0.7517897,0.0,0.8000209,0.0,0.41355193,1.2950981,0.0,0.7625636,0.17434554,1.2604294,0.0,0.059148096,11
B1309,0.0,0.0,0.0,0.0,0.0,0.94345844,0.0,1.1841524,1.1667476,0.0,0.0,0.75337374,0.48019856,0.0,0.0,0.0,0.8919063,1.4425993,0.3771147,0.19887811,0.0,0.69672465,0.0,0.6017377,0.0,0.1719791,1.1597831,0.0,0.5909262,0.16715121,1.0847639,0.0,0.082256265,11
B1310,0.0,0.0,0.0,0.0,0.0,1.1384873,0.0,1.3145851,1.350591,0.0,0.0,1.5334275,0.79297847,0.0,0.0,0.0,1.93106,1.79403,0.46380028,0.23328324,0.0,0.8423858,0.0,1.273772,0.0,0.8603058,1.686103,0.0,1.1084349,0.23540372,1.5102863,0.0,0.028003814,11
B1311,0.0,0.0,0.0,0.0,0.0,0.9551865,0.0,0.95132065,1.4100103,0.0,0.0,0.7792147,0.37924626,0.0,0.0,0.0,0.7359897,1.3096615,0.47725913,0.20765588,0.0,0.47133255,0.0,0.46427745,0.0,0.4100413,1.2429774,0.0,0.5371673,0.12909433,1.0649173,0.0,0.090874106,11
B1312,0.0,0.0,0.0,0.0,0.0,1.102813,0.0,1.3765056,1.2831229,0.0,0.0,1.3529365,0.7852108,0.0,0.0,0.0,1.8242472,1.4348418,0.5188247,0.2222982,0.0,0.85988533,0.0,1.2222532,0.0,0.7738379,1.6788225,0.0,1.0452683,0.2708588,1.4872222,0.0,0.033276055,11
B1313,0.0,0.0,0.0,0.0,0.0,1.1394781,0.0,1.0614827,1.2406888,0.0,0.0,1.0629661,0.3903997,0.0,0.0,0.0,0.9102741,1.4119375,0.41651177,0.24028711,0.0,0.40471977,0.0,0.6795593,0.0,0.5054618,1.1710141,0.0,0.80261695,0.10289189,1.0045851,0.0,0.07405802,11
B1314,0.0,0.0,0.0,0.0,0.0,0.9972661,0.0,1.2413377,1.181082,0.0,0.0,0.81627864,0.5002338,0.0,0.0,0.0,0.9532335,1.4544786,0.34079355,0.21149884,0.0,0.71775913,0.0,0.6477158,0.0,0.19386016,1.1968293,0.0,0.61021245,0.15322708,1.0964918,0.0,0.07612188,11
B1315,0.0,0.0,0.0,0.0,0.0,1.000247,0.0,1.1259503,1.1792125,0.0,0.0,0.8978307,0.5223211,0.0,0.0,0.0,1.0707852,1.5506483,0.3106056,0.20538263,0.0,0.70943534,0.0,0.7075059,0.0,0.27379528,1.1734065,0.0,0.6467873,0.13214488,1.119178,0.0,0.0716534,11
B1316,0.0,0.0,0.0,0.0,0.0,1.3470321,0.0,1.3698936,1.4402015,0.0,0.0,1.2703819,0.63227564,0.0,0.0,0.0,1.6291144,1.6403399,0.3777778,0.26357642,0.0,0.780141,0.0,0.9712358,0.0,0.57100654,1.5783746,0.0,0.98676455,0.104585,1.5388389,0.0,0.035924986,11
B1317,0.0,0.0,0.0,0.0,0.0,1.0926389,0.0,1.2645291,1.3200388,0.0,0.0,1.0496541,0.6142465,0.0,0.0,0.0,1.3949893,1.4786012,0.38216838,0.21411602,0.0,0.7677144,0.0,0.8554866,0.0,0.49515375,1.3796961,0.0,0.8217882,0.16408673,1.3491346,0.0,0.05127374,11
B1318,0.0,0.0,0.0,0.0,0.0,1.1502085,0.0,1.3029981,1.3828545,0.0,0.0,1.5852847,0.7897552,0.0,0.0,0.0,1.9814541,1.9166553,0.4691344,0.2370945,0.0,0.8366532,0.0,1.3063755,0.0,0.8759111,1.68135,0.0,1.1139383,0.21884704,1.5142674,0.0,0.026277814,11
B1319,0.0,0.0,0.0,0.0,0.0,1.0737689,0.0,1.211303,1.3214413,0.0,0.0,0.94189215,0.5676081,0.0,0.0,0.0,1.2579832,1.4650081,0.3079635,0.19987978,0.0,0.74175775,0.0,0.71901894,0.0,0.36588016,1.3239816,0.0,0.72786975,0.13281123,1.2808751,0.0,0.06029518,11
B1320,0.0,0.0,0.0,0.0,0.0,1.0294889,0.0,1.2454993,1.1887158,0.0,0.0,0.8734673,0.5176567,0.0,0.0,0.0,1.0391134,1.4765941,0.34076285,0.21602824,0.0,0.7267592,0.0,0.7078859,0.0,0.2426714,1.2213233,0.0,0.655716,0.1452403,1.1414101,0.0,0.0701664,11
B1321,0.0,0.0,0.0,0.0,0.0,1.2148241,0.0,1.2774737,1.3753757,0.0,0.0,1.2118225,0.6367779,0.0,0.0,0.0,1.6006391,1.4819616,0.4052367,0.23099767,0.0,0.74792445,0.0,0.9624655,0.0,0.6307807,1.5011541,0.0,0.93753135,0.14983106,1.4600627,0.0,0.04144805,11
B1322,0.0,0.0,0.0,0.0,0.0,1.1049335,0.0,1.4033661,1.3300192,0.0,0.0,1.3656893,0.7979474,0.0,0.0,0.0,1.8531637,1.4283752,0.50155866,0.21498877,0.0,0.8602324,0.0,1.2024543,0.0,0.8239083,1.6875461,0.0,1.0722027,0.27124462,1.5228217,0.0,0.032185126,11
B1323,0.0,0.0,0.0,0.0,0.0,0.8642962,0.0,1.0769835,1.2261968,0.0,0.0,0.55956876,0.38245118,0.0,0.0,0.0,0.63092244,1.3657553,0.29687268,0.17365664,0.0,0.6016314,0.0,0.3820197,0.0,0.061133057,1.1619632,0.0,0.48131308,0.14272757,0.9673174,0.0,0.10601571,11
B1324,0.0,0.0,0.0,0.0,0.0,0.9288823,0.0,1.1996118,1.1532131,0.0,0.0,0.9100364,0.5346609,0.0,0.0,0.0,1.1121398,1.320349,0.38898295,0.19808608,0.0,0.67196125,0.0,0.77275157,0.0,0.3768769,1.1860889,0.0,0.6699679,0.19234702,1.1281583,0.0,0.07193545,11
B1325,0.0,0.0,0.0,0.0,0.0,1.1033666,0.0,1.403628,1.3274989,0.0,0.0,1.3645421,0.79734546,0.0,0.0,0.0,1.8496518,1.4267465,0.50068873,0.21478921,0.0,0.8589463,0.0,1.2021707,0.0,0.82312477,1.686609,0.0,1.070637,0.2718725,1.5205948,0.0,0.032290705,11
B1326,0.0,0.0,0.0,0.0,0.0,0.9510771,0.0,1.106915,1.2905035,0.0,0.0,0.8472476,0.48432118,0.0,0.0,0.0,0.91744876,1.5190929,0.31348503,0.20707707,0.0,0.61868477,0.0,0.5797012,0.0,0.27827388,1.1430209,0.0,0.6102406,0.1516586,1.0504854,0.0,0.07987054,11
B1327,0.0,0.0,0.0,0.0,0.0,0.92090625,0.0,1.1263949,1.1639585,0.0,0.0,0.8326643,0.48367012,0.0,0.0,0.0,0.95776373,1.4394518,0.3784129,0.2117171,0.0,0.6603508,0.0,0.6742724,0.0,0.262753,1.1349473,0.0,0.6465937,0.15361081,1.0145359,0.0,0.08026671,11
B1328,0.0,0.0,0.0,0.0,0.0,1.1055553,0.0,1.2884789,1.3329003,0.0,0.0,1.0442216,0.6134576,0.0,0.0,0.0,1.3954866,1.4916193,0.35483068,0.21690652,0.0,0.7738129,0.0,0.84062696,0.0,0.45968777,1.3779877,0.0,0.8082572,0.14825147,1.3417493,0.0,0.051266897,11
B1329,0.0,0.0,0.0,0.0,0.0,0.8594521,0.0,0.20016223,1.0839403,0.0,0.0,0.7121843,0.16827315,0.0,0.0,0.0,0.64497757,1.6047544,0.0,0.21013449,0.0,0.35964867,0.0,0.33000728,0.0,0.0,0.8871805,0.0,0.24516499,0.0,0.89413244,0.0,0.14280799,11
B1330,0.0,0.0,0.0,0.0,0.0,1.0713065,0.0,1.2485924,1.2921923,0.0,0.0,1.0024889,0.58614606,0.0,0.0,0.0,1.2882996,1.4661968,0.36442953,0.2102884,0.0,0.74207664,0.0,0.80375004,0.0,0.44496742,1.3127506,0.0,0.7958746,0.15644166,1.2828232,0.0,0.056634292,11
B1331,0.0,0.0,0.0,0.0,0.0,0.7895304,0.0,1.1392653,1.2300315,0.0,0.0,0.63393337,0.44765264,0.0,0.0,0.0,0.85620576,1.2999103,0.32262927,0.18874075,0.0,0.573249,0.0,0.510617,0.0,0.20316398,1.1111928,0.0,0.4765051,0.15137085,0.9150333,0.0,0.09787368,11
B1332,0.0,0.0,0.0,0.0,0.0,1.0874416,0.0,1.368665,1.2893877,0.0,0.0,1.3401856,0.78563404,0.0,0.0,0.0,1.8386614,1.4077406,0.5108516,0.21612565,0.0,0.85123223,0.0,1.2088189,0.0,0.7860136,1.6672679,0.0,1.053616,0.26766536,1.4905446,0.0,0.03370745,11
B1333,0.0,0.0,0.0,0.0,0.0,1.2642486,0.0,1.2822744,1.4160135,0.0,0.0,1.2237437,0.6243279,0.0,0.0,0.0,1.6176786,1.5047289,0.36542577,0.23811169,0.0,0.74185246,0.0,0.9303162,0.0,0.59761024,1.5246522,0.0,0.9194457,0.1180024,1.4825923,0.0,0.040685944,11
B1334,0.0,0.0,0.0,0.0,0.0,1.1525927,0.0,1.4446495,1.2797647,0.0,0.0,1.3869817,0.7859457,0.0,0.0,0.0,1.8052145,1.5011153,0.5245754,0.23802911,0.0,0.882566,0.0,1.2437518,0.0,0.74725914,1.7029938,0.0,1.0603013,0.26823455,1.5030899,0.0,0.03144338,11
B1335,0.0,0.0,0.0,0.0,0.0,0.91514534,0.0,1.3166785,1.2377801,0.0,0.0,0.90810084,0.55721176,0.0,0.0,0.0,1.1834214,1.3411397,0.37332696,0.21061236,0.0,0.65244234,0.0,0.78681093,0.0,0.32493383,1.1601846,0.0,0.68295044,0.15654294,1.0689275,0.0,0.0688945,11
B1336,0.0,0.0,0.0,0.0,0.0,0.8678788,0.0,1.171337,1.3065066,0.0,0.0,0.60920495,0.42862228,0.0,0.0,0.0,0.7558841,1.4436691,0.3134674,0.1932251,0.0,0.6267307,0.0,0.41525784,0.0,0.14528985,1.185897,0.0,0.50193256,0.14586848,1.044563,0.0,0.09316739,11
B1337,0.0,0.0,0.0,0.0,0.0,1.231975,0.0,1.4036415,1.2859309,0.0,0.0,1.0026758,0.41485596,0.0,0.0,0.0,0.9269862,1.5250478,0.3936436,0.27530378,0.0,0.5646677,0.0,0.721645,0.0,0.26125172,1.2601033,0.0,0.75981027,0.09102477,1.1443636,0.0,0.06333723,11
B1338,0.0,0.0,0.0,0.0,0.0,1.0085244,0.0,1.1691655,1.3097161,0.0,0.0,0.74490994,0.43799728,0.0,0.0,0.0,0.88476354,1.4338036,0.23776534,0.1949097,0.0,0.6147087,0.0,0.48522156,0.0,0.19365336,1.153635,0.0,0.56775284,0.09774691,1.0514449,0.0,0.08480785,11
B1339,0.0,0.0,0.0,0.0,0.0,1.1998806,0.0,1.079996,1.3032334,0.0,0.0,1.1295726,0.5344883,0.0,0.0,0.0,1.2830092,1.7325214,0.29364622,0.23434785,0.0,0.67584765,0.0,0.8471426,0.0,0.43140543,1.2589314,0.0,0.8180148,0.0690036,1.264148,0.0,0.053927492,11
B1340,0.0,0.0,0.0,0.0,0.0,0.9512318,0.0,1.168242,1.2541076,0.0,0.0,0.70407623,0.46360162,0.0,0.0,0.0,0.8580748,1.4182312,0.283414,0.1809719,0.0,0.669852,0.0,0.48134005,0.0,0.16872041,1.1692023,0.0,0.5578958,0.13952857,1.1104728,0.0,0.08630689,11
B1341,0.0,0.0,0.0,0.0,0.0,1.0665102,0.0,1.2588056,1.2748829,0.0,0.0,0.99711454,0.58977664,0.0,0.0,0.0,1.311373,1.4762465,0.3526775,0.21107219,0.0,0.7586964,0.0,0.8132942,0.0,0.40976334,1.315373,0.0,0.74757934,0.14836368,1.275068,0.0,0.05676073,11
B1342,0.0,0.0,0.0,0.0,0.0,1.1038957,0.0,1.4025011,1.3293076,0.0,0.0,1.3647368,0.79755986,0.0,0.0,0.0,1.8519881,1.4255401,0.50072247,0.21465579,0.0,0.858958,0.0,1.2009184,0.0,0.8241999,1.6865547,0.0,1.0709033,0.27126524,1.5212848,0.0,0.032276396,11
B1343,0.0,0.0,0.0,0.0,0.0,1.0249763,0.0,1.3113949,1.2853758,0.0,0.0,1.3239963,0.79344493,0.0,0.0,0.0,1.8797913,1.3866491,0.520967,0.20132005,0.0,0.83422065,0.0,1.2257047,0.0,0.78038865,1.6255417,0.0,1.022473,0.2737178,1.4970397,0.0,0.03481662,11
B1344,0.0,0.0,0.0,0.0,0.0,0.98011595,0.0,1.2396066,1.2741051,0.0,0.0,0.863121,0.5517142,0.0,0.0,0.0,1.116105,1.4408748,0.34381944,0.19756408,0.0,0.7226777,0.0,0.6983492,0.0,0.3298299,1.2386636,0.0,0.68234456,0.16661027,1.2016546,0.0,0.06763728,11
B1345,0.0,0.0,0.0,0.0,0.0,1.0691379,0.0,1.3218178,1.3282483,0.0,0.0,1.3312685,0.7890861,0.0,0.0,0.0,1.8806541,1.3568997,0.5152023,0.20461383,0.0,0.842996,0.0,1.1894814,0.0,0.8271344,1.6608677,0.0,1.0414445,0.26943418,1.4953806,0.0,0.034184165,11
B1346,0.0,0.0,0.0,0.0,0.0,0.9530843,0.0,1.1523187,1.2694457,0.0,0.0,0.8907345,0.55217737,0.0,0.0,0.0,1.1302618,1.4677501,0.35121715,0.18206409,0.0,0.70828295,0.0,0.7047542,0.0,0.38102052,1.2219601,0.0,0.66815245,0.17776096,1.2224045,0.0,0.06821561,11
B1347,0.0,0.0,0.0,0.0,0.0,0.87718564,0.0,0.16045237,0.99106437,0.0,0.0,0.55213976,0.0729053,0.0,0.0,0.0,0.14347124,1.3513925,0.0,0.2104456,0.0,0.040122718,0.0,0.0022550225,0.0,0.05226855,0.723995,0.0,0.23864648,0.0,0.75465304,0.0,0.20097688,11
B1348,0.0,0.0,0.0,0.0,0.0,1.0967653,0.0,1.4189167,1.270407,0.0,0.0,1.3444078,0.76381856,0.0,0.0,0.0,1.7889868,1.47028,0.52525365,0.22661173,0.0,0.8529893,0.0,1.2397416,0.0,0.70489943,1.6479003,0.0,1.0142778,0.26732692,1.5051754,0.0,0.033544235,11
B1349,0.0,0.0,0.0,0.0,0.0,1.0013236,0.0,1.2309675,1.1807207,0.0,0.0,0.91837394,0.5498275,0.0,0.0,0.0,1.1641506,1.4005183,0.36189452,0.20741606,0.0,0.71019554,0.0,0.7778849,0.0,0.32656136,1.2193308,0.0,0.67903256,0.1617859,1.1797147,0.0,0.06697096,11
B1350,0.0,0.0,0.0,0.0,0.0,1.0827067,0.0,1.3560859,1.4537482,0.0,0.0,1.4109585,0.84633666,0.0,0.0,0.0,2.0184588,1.4593503,0.52376276,0.18987586,0.0,0.8751608,0.0,1.2256792,0.0,0.92381084,1.7074077,0.0,1.0886667,0.28546178,1.6204791,0.0,0.028959075,11
B1351,0.0,0.0,0.0,0.0,0.0,1.265216,0.0,1.2846323,1.4001923,0.0,0.0,1.2178104,0.61521256,0.0,0.0,0.0,1.5817041,1.4955623,0.36694407,0.23850742,0.0,0.7263004,0.0,0.92965287,0.0,0.5967088,1.4987423,0.0,0.91809005,0.118210666,1.4565734,0.0,0.041744713,11
B1352,0.0,0.0,0.0,0.0,0.0,1.0551808,0.0,1.3595049,1.3421719,0.0,0.0,1.3792491,0.8014631,0.0,0.0,0.0,1.903568,1.4583035,0.533778,0.2101123,0.0,0.85382706,0.0,1.2539756,0.0,0.8217917,1.6867179,0.0,1.0325356,0.28722855,1.5437019,0.0,0.031691413,11
B1353,0.0,0.0,0.0,0.0,0.0,0.9371409,0.0,1.1822405,1.1622976,0.0,0.0,0.7304108,0.46433187,0.0,0.0,0.0,0.85258645,1.3955808,0.34502205,0.19621441,0.0,0.6823502,0.0,0.55689704,0.0,0.1632351,1.1660836,0.0,0.55602956,0.16665325,1.0845664,0.0,0.086059645,11
B1354,0.0,0.0,0.0,0.0,0.0,1.2279402,0.0,1.2904207,1.4118209,0.0,0.0,1.2207544,0.6503223,0.0,0.0,0.0,1.6560562,1.508255,0.3844255,0.23278777,0.0,0.77424306,0.0,0.9555038,0.0,0.6137802,1.5416632,0.0,0.9289001,0.13944128,1.5034409,0.0,0.039619822,11
B1355,0.0,0.0,0.0,0.0,0.0,1.1186725,0.0,1.4096886,1.252429,0.0,0.0,1.3550978,0.77172244,0.0,0.0,0.0,1.771524,1.4344034,0.50791866,0.22958955,0.0,0.8570181,0.0,1.2155378,0.0,0.74981457,1.6812266,0.0,1.0288621,0.27033335,1.4695591,0.0,0.033877995,11
B1356,0.0,0.0,0.0,0.0,0.0,1.9063929,0.0,1.7412684,1.6206719,0.0,0.0,1.5429219,0.566285,0.0,0.0,0.0,1.5402721,2.18346,0.36546552,0.3911862,0.0,0.86170155,0.0,1.0799242,0.0,0.3966297,1.8181605,0.0,1.2190281,0.0,1.7091888,0.0,0.021823656,11
B1357,0.0,0.0,0.0,0.0,0.0,1.0880446,0.0,1.3808498,1.2928348,0.0,0.0,1.3519106,0.7848998,0.0,0.0,0.0,1.8310537,1.4172379,0.50907326,0.2162557,0.0,0.8540996,0.0,1.2109332,0.0,0.79096925,1.6783085,0.0,1.0434799,0.27172846,1.5020347,0.0,0.033393025,11
B1358,0.0,0.0,0.0,0.0,0.0,1.066923,0.0,1.402403,1.3519348,0.0,0.0,1.3675231,0.812879,0.0,0.0,0.0,1.9023522,1.425579,0.5158916,0.19630587,0.0,0.85848045,0.0,1.2204216,0.0,0.83818036,1.6797156,0.0,1.0298641,0.29187652,1.5723603,0.0,0.031681582,11
B1359,0.0,0.0,0.0,0.0,0.0,1.0433387,0.0,1.3259165,1.2654486,0.0,0.0,1.3145833,0.77956533,0.0,0.0,0.0,1.8466147,1.3663778,0.5163065,0.2041428,0.0,0.83546954,0.0,1.2068592,0.0,0.76185215,1.629544,0.0,1.0085859,0.2700706,1.4722064,0.0,0.035652984,11
B1360,0.0,0.0,0.0,0.0,0.0,1.0647068,0.0,1.098458,1.2017825,0.0,0.0,1.0684762,0.5302772,0.0,0.0,0.0,1.2096176,1.7558069,0.37155867,0.2229625,0.0,0.7128531,0.0,0.88251615,0.0,0.35818112,1.1773069,0.0,0.7663052,0.12628944,1.2095128,0.0,0.058530577,11
B1361,0.0,0.0,0.0,0.0,0.0,1.0162944,0.0,1.199696,1.1504723,0.0,0.0,0.7985895,0.47962648,0.0,0.0,0.0,0.9023216,1.4634728,0.3056844,0.21421382,0.0,0.6991738,0.0,0.6152211,0.0,0.14924437,1.1788901,0.0,0.6013759,0.12488395,1.0632522,0.0,0.080128916,11
B1362,0.0,0.0,0.0,0.0,0.0,1.5504347,0.0,1.3479853,1.4462094,0.0,0.0,1.2318645,0.24461141,0.0,0.0,0.0,0.8661979,1.3687524,0.48201096,0.33715516,0.0,0.18761623,0.0,0.74115825,0.0,0.6298914,1.3057894,0.0,0.86827296,0.03965515,1.125371,0.0,0.05841727,11
B1363,0.0,0.0,0.0,0.0,0.0,1.0685018,0.0,1.2155628,1.2724142,0.0,0.0,1.0070205,0.59647053,0.0,0.0,0.0,1.3745024,1.4701062,0.3775968,0.20972058,0.0,0.7777819,0.0,0.8366469,0.0,0.44816053,1.3749585,0.0,0.7518972,0.15826334,1.3187267,0.0,0.054630052,11
B1364,0.0,0.0,0.0,0.0,0.0,1.2540655,0.0,1.2520574,1.3632181,0.0,0.0,1.1906716,0.5980771,0.0,0.0,0.0,1.5794685,1.4702989,0.39463288,0.2421462,0.0,0.7187631,0.0,0.95520675,0.0,0.5677661,1.4863229,0.0,0.9134029,0.11234957,1.4248149,0.0,0.04308838,11
B1365,0.0,0.0,0.0,0.0,0.0,1.1162003,0.0,1.4088845,1.2946982,0.0,0.0,1.3590778,0.7918323,0.0,0.0,0.0,1.8328893,1.4522861,0.5125249,0.22398162,0.0,0.8651006,0.0,1.2210603,0.0,0.77782017,1.6810791,0.0,1.0728465,0.26769957,1.5111723,0.0,0.03234708,11
B1366,0.0,0.0,0.0,0.0,0.0,1.2657735,0.0,1.1857278,1.3106529,0.0,0.0,1.2380813,0.5937569,0.0,0.0,0.0,1.560065,1.6067196,0.36179173,0.24567185,0.0,0.72698563,0.0,0.9576665,0.0,0.55151653,1.4524202,0.0,0.9072795,0.09476179,1.3974233,0.0,0.04320778,11
B1367,0.0,0.0,0.0,0.0,0.0,0.999456,0.0,1.1978979,1.2279713,0.0,0.0,0.805464,0.50862783,0.0,0.0,0.0,1.0221902,1.4502965,0.31690696,0.19691186,0.0,0.72139406,0.0,0.6236865,0.0,0.22222498,1.2207313,0.0,0.62584996,0.13835105,1.1602955,0.0,0.07431878,11
B1368,0.0,0.0,0.0,0.0,0.0,1.3196688,0.0,1.330076,1.298113,0.0,0.0,1.1802747,0.5496041,0.0,0.0,0.0,1.4172049,1.4834713,0.40864894,0.26150888,0.0,0.6769686,0.0,0.97754014,0.0,0.51104176,1.4125607,0.0,0.89898896,0.099307686,1.3347406,0.0,0.04559719,11
B1369,0.0,0.0,0.0,0.0,0.0,1.0736073,0.0,1.2624991,1.3104442,0.0,0.0,1.0174243,0.6064405,0.0,0.0,0.0,1.3509755,1.4743017,0.37836528,0.2106612,0.0,0.76774526,0.0,0.8338946,0.0,0.46904087,1.3590598,0.0,0.79699516,0.16665949,1.3254254,0.0,0.053510252,11
B1370,0.0,0.0,0.0,0.0,0.0,1.0620805,0.0,1.1962199,1.4246237,0.0,0.0,0.79899347,0.32296306,0.0,0.0,0.0,0.7644495,1.5267942,0.33621606,0.254784,0.0,0.43457276,0.0,0.46198705,0.0,0.30531168,1.1956471,0.0,0.6039371,0.064721435,1.04451,0.0,0.08207083,11
B1371,0.0,0.0,0.0,0.0,0.0,1.3458645,0.0,1.4759862,1.3665453,0.0,0.0,1.2028773,0.5956891,0.0,0.0,0.0,1.544236,1.6123496,0.41620928,0.27353472,0.0,0.76985157,0.0,1.0580819,0.0,0.458314,1.4736987,0.0,0.9779202,0.085424826,1.4302089,0.0,0.038074054,11
B1372,0.0,0.0,0.0,0.0,0.0,0.7592965,0.0,0.17480534,1.0035081,0.0,0.0,0.55806077,0.15590939,0.0,0.0,0.0,0.39737082,1.5902387,0.0,0.18595122,0.0,0.35580117,0.0,0.2348113,0.0,0.0,0.79028964,0.0,0.13305807,0.0,0.8202307,0.0,0.17056431,11
B1373,0.0,0.0,0.0,0.0,0.0,1.134273,0.0,1.2376362,1.2986817,0.0,0.0,1.0006843,0.57089454,0.0,0.0,0.0,1.3150413,1.5040708,0.33152652,0.22186506,0.0,0.7561944,0.0,0.7836361,0.0,0.3729506,1.369333,0.0,0.7667403,0.12074922,1.3100215,0.0,0.05539117,11
B1374,0.0,0.0,0.0,0.0,0.0,0.81804323,0.0,0.7886725,1.4898052,0.0,0.0,0.66763556,0.37740493,0.0,0.0,0.0,0.7473246,1.5566354,0.4571853,0.18054333,0.0,0.53888315,0.0,0.40681702,0.0,0.32488298,1.1839576,0.0,0.54075813,0.12887524,1.0941439,0.0,0.09405165,11
B1375,0.0,0.0,0.0,0.0,0.0,0.9039506,0.0,1.1694021,1.3057123,0.0,0.0,0.74434596,0.5077935,0.0,0.0,0.0,1.030922,1.4124949,0.38006622,0.17043662,0.0,0.6929757,0.0,0.5782171,0.0,0.28344384,1.202078,0.0,0.60388553,0.18566054,1.2170987,0.0,0.076491475,11
B1376,0.0,0.0,0.0,0.0,0.0,0.9533789,0.0,1.150881,1.156734,0.0,0.0,0.842035,0.44719112,0.0,0.0,0.0,0.88588506,1.3400714,0.39121968,0.21779191,0.0,0.52207506,0.0,0.6168317,0.0,0.30045915,1.0573664,0.0,0.5856101,0.15076515,0.9522247,0.0,0.08717453,11
B1377,0.0,0.0,0.0,0.0,0.0,0.93124294,0.0,1.2555109,1.2732028,0.0,0.0,0.80013335,0.5199527,0.0,0.0,0.0,0.9743172,1.4535995,0.3247866,0.20055576,0.0,0.6833799,0.0,0.60977733,0.0,0.24852926,1.1665483,0.0,0.61749345,0.16016142,1.1106129,0.0,0.076243736,11
B1378,0.0,0.0,0.0,0.0,0.0,1.0903888,0.0,1.4218209,1.2280451,0.0,0.0,1.3360431,0.7689657,0.0,0.0,0.0,1.7560561,1.3921914,0.49650362,0.22079246,0.0,0.83883065,0.0,1.2003419,0.0,0.72277355,1.6421131,0.0,1.0002933,0.2724792,1.4725242,0.0,0.035409607,11
B1379,0.0,0.0,0.0,0.0,0.0,1.1200681,0.0,1.1873473,1.1622841,0.0,0.0,1.0316526,0.4242134,0.0,0.0,0.0,1.012615,1.2423171,0.4837616,0.25516662,0.0,0.46110657,0.0,0.80868775,0.0,0.45140797,1.1775076,0.0,0.79800725,0.13166869,0.9947223,0.0,0.07168613,11
B1380,0.0,0.0,0.0,0.0,0.0,1.2271475,0.0,1.2819049,1.4152232,0.0,0.0,1.2232192,0.65079534,0.0,0.0,0.0,1.6603637,1.5062795,0.38897723,0.23195066,0.0,0.7712468,0.0,0.9565549,0.0,0.6237652,1.5425476,0.0,0.9348711,0.14106221,1.5068383,0.0,0.03952578,11
B1381,0.0,0.0,0.0,0.0,0.0,1.2928371,0.0,1.2350694,1.3089902,0.0,0.0,1.2420756,0.5853554,0.0,0.0,0.0,1.5411375,1.6287348,0.4174503,0.2653877,0.0,0.72827154,0.0,1.0185485,0.0,0.5649941,1.4630823,0.0,1.0095379,0.092588,1.3845887,0.0,0.041025575,11
B1382,0.0,0.0,0.0,0.0,0.0,1.2424186,0.0,1.2929668,1.3995259,0.0,0.0,1.2193909,0.6478609,0.0,0.0,0.0,1.6614907,1.5351627,0.39744198,0.24067801,0.0,0.78583044,0.0,0.97288,0.0,0.58666337,1.547935,0.0,0.93835163,0.1318225,1.499469,0.0,0.03906327,11
B1383,0.0,0.0,0.0,0.0,0.0,0.923742,0.0,1.1574914,1.2273371,0.0,0.0,0.78795135,0.5181356,0.0,0.0,0.0,1.0265766,1.3962901,0.34766304,0.1865702,0.0,0.69496834,0.0,0.6171968,0.0,0.24734554,1.1682003,0.0,0.60035664,0.15952209,1.0984728,0.0,0.07876671,11
B1384,0.0,0.0,0.0,0.0,0.0,1.0382831,0.0,1.4029493,1.2499034,0.0,0.0,1.3218397,0.7674975,0.0,0.0,0.0,1.7637222,1.3638395,0.4814647,0.20246613,0.0,0.8280487,0.0,1.1807563,0.0,0.77740204,1.6573416,0.0,0.93826145,0.29237482,1.4855831,0.0,0.03627831,11
B1385,0.0,0.0,0.0,0.0,0.0,0.995666,0.0,1.219407,1.1759956,0.0,0.0,0.81446755,0.49440324,0.0,0.0,0.0,0.939617,1.4469233,0.34675094,0.20932125,0.0,0.70719874,0.0,0.64437485,0.0,0.20474961,1.1929283,0.0,0.6192703,0.1567148,1.0980201,0.0,0.07698103,11
B1386,0.0,0.0,0.0,0.0,0.0,1.105269,0.0,1.2733366,1.2060431,0.0,0.0,0.97531515,0.53840387,0.0,0.0,0.0,1.1801015,1.4454526,0.34340027,0.22753906,0.0,0.7137999,0.0,0.7986398,0.0,0.3307112,1.2727797,0.0,0.7114015,0.13248502,1.1973057,0.0,0.061987597,11
B1387,0.0,0.0,0.0,0.0,0.0,0.99634194,0.0,1.3210795,1.1648809,0.0,0.0,1.2439544,0.7319868,0.0,0.0,0.0,1.7284112,1.2675397,0.4925604,0.2060265,0.0,0.7980627,0.0,1.1744329,0.0,0.69707024,1.5982139,0.0,0.9394342,0.2704739,1.3780253,0.0,0.041244343,11
B1388,0.0,0.0,0.0,0.0,0.0,0.9745425,0.0,1.2209938,1.184506,0.0,0.0,0.75189644,0.47589374,0.0,0.0,0.0,0.8709168,1.4693975,0.3443582,0.20697826,0.0,0.70772874,0.0,0.57262313,0.0,0.122914344,1.1813217,0.0,0.57582307,0.15079501,1.0894141,0.0,0.081671044,11
B1389,0.0,0.0,0.0,0.0,0.0,1.1646519,0.0,1.3705685,1.2029554,0.0,0.0,1.1278808,0.52037305,0.0,0.0,0.0,1.2785525,1.3848884,0.45463845,0.26251426,0.0,0.59713167,0.0,0.9789498,0.0,0.4659568,1.2489017,0.0,0.8962573,0.13825731,1.1616178,0.0,0.05407674,11
B1390,0.0,0.0,0.0,0.0,0.0,1.0493293,0.0,1.1759543,1.2176135,0.0,0.0,0.96513474,0.550771,0.0,0.0,0.0,1.2679858,1.4786463,0.3428793,0.21000414,0.0,0.7349246,0.0,0.7979717,0.0,0.37536356,1.2576153,0.0,0.73289895,0.1257416,1.2031455,0.0,0.061788555,11
B1391,0.0,0.0,0.0,0.0,0.0,0.91614944,0.0,1.1770904,1.2177262,0.0,0.0,0.64198136,0.43404782,0.0,0.0,0.0,0.742784,1.4094776,0.32698828,0.1876675,0.0,0.6719508,0.0,0.4569859,0.0,0.09328359,1.199121,0.0,0.53136355,0.15662603,1.0555786,0.0,0.09227621,11
B1392,0.0,0.0,0.0,0.0,0.0,1.1179072,0.0,1.4158396,1.2569664,0.0,0.0,1.3588284,0.77403414,0.0,0.0,0.0,1.7842597,1.4590197,0.51918334,0.22971675,0.0,0.8591881,0.0,1.2333298,0.0,0.72877157,1.6689858,0.0,1.0230753,0.27110112,1.4809334,0.0,0.033420376,11
B1393,0.0,0.0,0.0,0.0,0.0,1.1098615,0.0,1.2721417,1.3417861,0.0,0.0,1.0567127,0.6213302,0.0,0.0,0.0,1.4381878,1.4930921,0.37072352,0.21666232,0.0,0.7841549,0.0,0.8572928,0.0,0.48583803,1.4186983,0.0,0.8147045,0.15622506,1.3800061,0.0,0.049467202,11
B1394,0.0,0.0,0.0,0.0,0.0,0.97271013,0.0,1.1796956,1.127899,0.0,0.0,0.8163231,0.49847198,0.0,0.0,0.0,1.0012512,1.3711281,0.32474142,0.20780593,0.0,0.70051837,0.0,0.67105,0.0,0.22316435,1.1723845,0.0,0.6009205,0.14293273,1.0634174,0.0,0.07919286,11
B1395,0.0,0.0,0.0,0.0,0.0,1.1443464,0.0,1.2216938,1.2301353,0.0,0.0,0.98752534,0.47427523,0.0,0.0,0.0,1.0596119,1.3813396,0.36750838,0.23424739,0.0,0.5732394,0.0,0.7278226,0.0,0.3597923,1.1931942,0.0,0.73631227,0.10932499,1.1045355,0.0,0.06838654,11
B1396,0.0,0.0,0.0,0.0,0.0,1.1072214,0.0,1.4004636,1.3184637,0.0,0.0,1.3580317,0.791667,0.0,0.0,0.0,1.840446,1.4311348,0.502295,0.2180901,0.0,0.86162215,0.0,1.2004879,0.0,0.8113271,1.6836398,0.0,1.0709338,0.26814136,1.5155628,0.0,0.0325125,11
B1397,0.0,0.0,0.0,0.0,0.0,1.0008959,0.0,1.1474172,1.1890919,0.0,0.0,0.97945577,0.49620602,0.0,0.0,0.0,1.1026968,1.2179846,0.51055187,0.21598864,0.0,0.52139604,0.0,0.79140043,0.0,0.5129208,1.2103672,0.0,0.77715755,0.18175545,1.0852294,0.0,0.07076285,11
B1398,0.0,0.0,0.0,0.0,0.0,0.95182884,0.0,1.1813307,1.241735,0.0,0.0,0.7051197,0.46097624,0.0,0.0,0.0,0.839595,1.4112713,0.27450466,0.18324846,0.0,0.6665314,0.0,0.47529995,0.0,0.15563545,1.165909,0.0,0.53758734,0.13878557,1.0972289,0.0,0.08749632,11
B1399,0.0,0.0,0.0,0.0,0.0,0.985934,0.0,1.2144887,1.18719,0.0,0.0,0.7518774,0.4755346,0.0,0.0,0.0,0.87522054,1.4696538,0.33703172,0.2054627,0.0,0.7120664,0.0,0.5685007,0.0,0.11891255,1.1867974,0.0,0.57322013,0.14603673,1.095852,0.0,0.081489556,11
B1400,0.0,0.0,0.0,0.0,0.0,1.3415842,0.0,1.2784721,1.4139209,0.0,0.0,1.1922243,0.41914415,0.0,0.0,0.0,1.0574143,1.3746929,0.5409332,0.30208167,0.0,0.35937688,0.0,0.78438306,0.0,0.6409867,1.3255634,0.0,0.92567855,0.097856395,1.1563842,0.0,0.05587602,11
B1401,0.0,0.0,0.0,0.0,0.0,1.2706001,0.0,1.3068544,1.3347005,0.0,0.0,1.1964464,0.59580135,0.0,0.0,0.0,1.5020435,1.4957919,0.41017863,0.24899067,0.0,0.70835614,0.0,0.9686901,0.0,0.5743834,1.4436044,0.0,0.9463409,0.1229226,1.3925426,0.0,0.04333238,11
B1402,0.0,0.0,0.0,0.0,0.0,1.19701,0.0,1.2207527,1.2789028,0.0,0.0,1.1816937,0.51628685,0.0,0.0,0.0,1.2273132,1.3146954,0.53550094,0.26094425,0.0,0.45836866,0.0,0.8980303,0.0,0.62021685,1.2592616,0.0,0.9581761,0.15164062,1.1367092,0.0,0.05619937,11
B1403,0.0,0.0,0.0,0.0,0.0,0.81897986,0.0,1.3427304,1.5675735,0.0,0.0,0.7492342,0.4443035,0.0,0.0,0.0,0.9621366,1.7214224,0.28506935,0.22962774,0.0,0.4967994,0.0,0.5399178,0.0,0.27576828,1.1281285,0.0,0.56202585,0.07958057,1.0313563,0.0,0.07454199,11
B1404,0.0,0.0,0.0,0.0,0.0,1.201703,0.0,1.2594348,1.317933,0.0,0.0,1.1824099,0.6137575,0.0,0.0,0.0,1.5501454,1.4559216,0.409702,0.23182693,0.0,0.7303187,0.0,0.9614465,0.0,0.5904447,1.4558115,0.0,0.904765,0.14187422,1.3998148,0.0,0.044466663,11
B1405,0.0,0.0,0.0,0.0,0.0,0.9100598,0.0,1.151588,1.2736949,0.0,0.0,0.67070776,0.4364558,0.0,0.0,0.0,0.78270733,1.5070934,0.27067235,0.18423301,0.0,0.65886325,0.0,0.42836544,0.0,0.11028978,1.1548586,0.0,0.51483,0.13314861,1.0838071,0.0,0.09042817,11
B1406,0.0,0.0,0.0,0.0,0.0,0.99705964,0.0,1.2109971,1.2794635,0.0,0.0,0.8516398,0.54036516,0.0,0.0,0.0,1.0943054,1.4509729,0.31753364,0.1925078,0.0,0.7206545,0.0,0.66414565,0.0,0.31074086,1.2345574,0.0,0.6718497,0.14982866,1.1876125,0.0,0.06935297,11
B1407,0.0,0.0,0.0,0.0,0.0,1.0123593,0.0,1.2374367,1.2104201,0.0,0.0,0.8653238,0.5251558,0.0,0.0,0.0,1.056477,1.4458333,0.3430091,0.21169777,0.0,0.7230658,0.0,0.6947395,0.0,0.25606018,1.2179484,0.0,0.65090984,0.14757149,1.1232104,0.0,0.07094025,11
B1408,0.0,0.0,0.0,0.0,0.0,1.1554968,0.0,1.3381505,1.3527817,0.0,0.0,1.1568096,0.6386768,0.0,0.0,0.0,1.632939,1.4759018,0.4630939,0.22729,0.0,0.7634277,0.0,1.0533715,0.0,0.5796698,1.4486837,0.0,0.9450978,0.16361077,1.4366639,0.0,0.04121792,11
B1409,0.0,0.0,0.0,0.0,0.0,1.1048111,0.0,1.4036114,1.3193929,0.0,0.0,1.3629878,0.79388356,0.0,0.0,0.0,1.8395382,1.4263182,0.50024086,0.21606386,0.0,0.85741454,0.0,1.2012537,0.0,0.81611943,1.6847025,0.0,1.0639107,0.27174318,1.5150325,0.0,0.032535005,11
B1410,0.0,0.0,0.0,0.0,0.0,1.0890453,0.0,1.2402947,1.3036107,0.0,0.0,0.99529386,0.57673925,0.0,0.0,0.0,1.2816199,1.4619868,0.34370482,0.2096926,0.0,0.7324765,0.0,0.7817804,0.0,0.42484665,1.3176515,0.0,0.7828216,0.1437419,1.2820184,0.0,0.057317294,11
B1411,0.0,0.0,0.0,0.0,0.0,0.8912859,0.0,1.1654801,1.1705613,0.0,0.0,0.79024553,0.5047575,0.0,0.0,0.0,1.08978,1.3381946,0.34519053,0.18274976,0.0,0.6850759,0.0,0.6963989,0.0,0.24855684,1.1444656,0.0,0.56402105,0.15435086,1.1055537,0.0,0.079058126,11
B1412,0.0,0.0,0.0,0.0,0.0,0.97862387,0.0,1.2420849,1.1687616,0.0,0.0,0.8834699,0.53983754,0.0,0.0,0.0,1.0742755,1.4319663,0.3932665,0.21293968,0.0,0.73301697,0.0,0.7576727,0.0,0.30568865,1.2299714,0.0,0.67652327,0.18688284,1.1660416,0.0,0.068805344,11
B1413,0.0,0.0,0.0,0.0,0.0,1.2386278,0.0,1.350971,1.2720735,0.0,0.0,1.0188845,0.48982215,0.0,0.0,0.0,1.0994916,1.5053706,0.34632695,0.25952724,0.0,0.6407796,0.0,0.7626291,0.0,0.30928487,1.2576301,0.0,0.7498628,0.08427032,1.144718,0.0,0.06027295,11
B1414,0.0,0.0,0.0,0.0,0.0,1.2792667,0.0,1.3154957,1.4003835,0.0,0.0,1.226922,0.624511,0.0,0.0,0.0,1.6148093,1.5371062,0.37539238,0.2474606,0.0,0.76414436,0.0,0.9542931,0.0,0.56714076,1.5438778,0.0,0.92397344,0.11730316,1.4812466,0.0,0.039667405,11
B1415,0.0,0.0,0.0,0.0,0.0,1.023344,0.0,1.2478917,1.275243,0.0,0.0,0.886181,0.55506974,0.0,0.0,0.0,1.1534228,1.4515147,0.3538772,0.19920643,0.0,0.74604154,0.0,0.715914,0.0,0.3491304,1.2877076,0.0,0.7097128,0.16652332,1.2550906,0.0,0.06395194,11
B1416,0.0,0.0,0.0,0.0,0.0,1.0553755,0.0,1.2785319,1.3059381,0.0,0.0,0.96792024,0.59673744,0.0,0.0,0.0,1.2903693,1.472214,0.36323944,0.20755558,0.0,0.7731246,0.0,0.7959512,0.0,0.41505685,1.3389794,0.0,0.7586222,0.16474065,1.301286,0.0,0.05641568,11
B1417,0.0,0.0,0.0,0.0,0.0,1.0022099,0.0,1.2582475,1.2702117,0.0,0.0,0.87685406,0.55513567,0.0,0.0,0.0,1.1245574,1.4543109,0.34976465,0.20070663,0.0,0.73761445,0.0,0.71499497,0.0,0.33526057,1.260256,0.0,0.70348656,0.168844,1.230757,0.0,0.06542667,11
B1418,0.0,0.0,0.0,0.0,0.0,0.98669994,0.0,1.229422,1.2700269,0.0,0.0,0.7129908,0.46009314,0.0,0.0,0.0,0.7912463,1.5407239,0.28742242,0.19319281,0.0,0.7077726,0.0,0.46696052,0.0,0.10329242,1.219038,0.0,0.57901984,0.13754296,1.1544054,0.0,0.08226502,11
B1419,0.0,0.0,0.0,0.0,0.0,1.2890866,0.0,1.2943473,1.4332162,0.0,0.0,1.231103,0.62416697,0.0,0.0,0.0,1.6297715,1.5479035,0.37393904,0.24670553,0.0,0.7463607,0.0,0.9495915,0.0,0.5827783,1.5216814,0.0,0.93625426,0.10736466,1.4851689,0.0,0.03943868,11
B1420,0.0,0.0,0.0,0.0,0.0,1.3417467,0.0,1.3746247,1.3512704,0.0,0.0,1.2315695,0.5974647,0.0,0.0,0.0,1.5502837,1.5945342,0.39737836,0.27250934,0.0,0.7716553,0.0,0.9878028,0.0,0.50138354,1.5420619,0.0,0.9332956,0.09917807,1.4570671,0.0,0.03908251,11
B1421,0.0,0.0,0.0,0.0,0.0,1.4172534,0.0,1.4172788,1.3447232,0.0,0.0,1.2144984,0.54067516,0.0,0.0,0.0,1.3891602,1.5761684,0.36079496,0.2847976,0.0,0.6769639,0.0,0.9492981,0.0,0.46433344,1.4178048,0.0,0.91528064,0.05986266,1.3507054,0.0,0.043068763,11
B1422,0.0,0.0,0.0,0.0,0.0,1.1009383,0.0,1.3887211,1.2797353,0.0,0.0,1.3493721,0.7819431,0.0,0.0,0.0,1.816901,1.4306486,0.5066745,0.22074674,0.0,0.8520191,0.0,1.2095155,0.0,0.77414554,1.6713989,0.0,1.0479335,0.26755586,1.4933288,0.0,0.033501595,11
B1423,0.0,0.0,0.0,0.0,0.0,1.0790266,0.0,0.9287871,1.4801825,0.0,0.0,0.93008214,0.36885312,0.0,0.0,0.0,0.6563535,1.4378273,0.44564962,0.23774427,0.0,0.42761052,0.0,0.43313313,0.0,0.50129163,1.3034581,0.0,0.6110838,0.11842096,1.0855165,0.0,0.0837224,11
B1424,0.0,0.0,0.0,0.0,0.0,1.0586271,0.0,1.2708912,1.2913342,0.0,0.0,1.0115359,0.6011816,0.0,0.0,0.0,1.3105352,1.4675999,0.3860206,0.21182194,0.0,0.75523245,0.0,0.83792126,0.0,0.4643461,1.3223464,0.0,0.80761516,0.17218204,1.2956779,0.0,0.05498083,11
B1425,0.0,0.0,0.0,0.0,0.0,0.9628782,0.0,1.1876347,1.2100108,0.0,0.0,0.7254487,0.4680481,0.0,0.0,0.0,0.8639495,1.438791,0.31695735,0.19542953,0.0,0.68820965,0.0,0.52509284,0.0,0.14682943,1.173886,0.0,0.57239765,0.14507361,1.1004055,0.0,0.08431735,11
B1426,0.0,0.0,0.0,0.0,0.0,1.0723283,0.0,1.2655425,1.3172672,0.0,0.0,0.975647,0.5944785,0.0,0.0,0.0,1.3159635,1.4755938,0.35859603,0.20788562,0.0,0.774865,0.0,0.7899806,0.0,0.41584623,1.3682661,0.0,0.7587122,0.15975979,1.327173,0.0,0.055388436,11
B1427,0.0,0.0,0.0,0.0,0.0,0.7557267,0.0,0.18157357,1.0231881,0.0,0.0,0.61028636,0.16676578,0.0,0.0,0.0,0.4946261,1.5921321,0.0,0.19302635,0.0,0.36756882,0.0,0.30912727,0.0,0.0,0.7845134,0.0,0.16403228,0.0,0.8265063,0.0,0.16164277,11
B1428,0.0,0.0,0.0,0.0,0.0,1.1056585,0.0,1.2518831,1.3133533,0.0,0.0,1.0427899,0.5975018,0.0,0.0,0.0,1.372821,1.4859269,0.374134,0.21909186,0.0,0.75930214,0.0,0.83776104,0.0,0.47386092,1.3691307,0.0,0.8246704,0.1497576,1.3352835,0.0,0.052276883,11
B1429,0.0,0.0,0.0,0.0,0.0,1.1179625,0.0,1.407986,1.2591772,0.0,0.0,1.3598554,0.77127373,0.0,0.0,0.0,1.7770414,1.4469562,0.50908613,0.2305829,0.0,0.8586877,0.0,1.2207779,0.0,0.75317216,1.6885109,0.0,1.0317062,0.27000007,1.472362,0.0,0.03355196,11
B1430,0.0,0.0,0.0,0.0,0.0,1.0861689,0.0,1.363237,1.3660176,0.0,0.0,1.4577391,0.7834697,0.0,0.0,0.0,1.9621861,1.7986245,0.5274658,0.21705759,0.0,0.8543092,0.0,1.3439107,0.0,0.78465486,1.639029,0.0,1.057952,0.25427637,1.5252063,0.0,0.028024724,11
B1431,0.0,0.0,0.0,0.0,0.0,0.94404656,0.0,1.2295864,1.242614,0.0,0.0,0.7314618,0.48040468,0.0,0.0,0.0,0.8862498,1.4224416,0.32212296,0.19202179,0.0,0.684093,0.0,0.54422164,0.0,0.19560507,1.1877023,0.0,0.58673066,0.16401346,1.1445109,0.0,0.0814294,11
B1432,0.0,0.0,0.0,0.0,0.0,1.1279728,0.0,1.4249736,1.2999891,0.0,0.0,1.3686852,0.7896035,0.0,0.0,0.0,1.8169031,1.4503027,0.5077855,0.22674227,0.0,0.86851853,0.0,1.2118948,0.0,0.7910093,1.6984391,0.0,1.073284,0.26837215,1.5122802,0.0,0.03213127,11
B1433,0.0,0.0,0.0,0.0,0.0,1.1020048,0.0,1.4009619,1.3308353,0.0,0.0,1.3666594,0.79846346,0.0,0.0,0.0,1.8552837,1.4315999,0.50195336,0.21319433,0.0,0.85977584,0.0,1.2030025,0.0,0.8243345,1.6847569,0.0,1.0648543,0.27271783,1.5276716,0.0,0.032192934,11
B1434,0.0,0.0,0.0,0.0,0.0,1.236086,0.0,1.3603399,1.3730981,0.0,0.0,1.1632093,0.6120867,0.0,0.0,0.0,1.5357732,1.502435,0.38253266,0.24514803,0.0,0.73362565,0.0,0.96798056,0.0,0.53721744,1.4049608,0.0,0.9264952,0.11216691,1.3604751,0.0,0.043411102,11
B1435,0.0,0.0,0.0,0.0,0.0,1.1305318,0.0,1.244315,1.1684827,0.0,0.0,1.0441458,0.41757917,0.0,0.0,0.0,1.1273907,1.7271767,0.42147243,0.25509542,0.0,0.61727846,0.0,0.9763694,0.0,0.23479807,1.095295,0.0,0.7874435,0.07843343,1.1351484,0.0,0.059722077,11
B1436,0.0,0.0,0.0,0.0,0.0,1.2351779,0.0,1.3114872,1.2861222,0.0,0.0,1.1550568,0.59603626,0.0,0.0,0.0,1.5177894,1.4360225,0.38675275,0.23857191,0.0,0.73063004,0.0,0.9648115,0.0,0.5074571,1.4475095,0.0,0.8523785,0.11998846,1.3864063,0.0,0.045625273,11
B1437,0.0,0.0,0.0,0.0,0.0,1.1891885,0.0,1.2545218,1.2754513,0.0,0.0,1.1697187,0.5889448,0.0,0.0,0.0,1.4596784,1.4202743,0.43293658,0.23248723,0.0,0.6845589,0.0,0.97098553,0.0,0.5984738,1.3909034,0.0,0.91537666,0.15243538,1.3391633,0.0,0.047467474,11
B1438,0.0,0.0,0.0,0.0,0.0,1.2595775,0.0,1.3088608,1.4121168,0.0,0.0,1.2161939,0.62845856,0.0,0.0,0.0,1.6071687,1.5140772,0.3575375,0.23879644,0.0,0.7488831,0.0,0.930984,0.0,0.58197737,1.5090771,0.0,0.91684985,0.116583064,1.4679911,0.0,0.040842913,11
B1439,0.0,0.0,0.0,0.0,0.0,0.792415,0.0,0.93635976,1.1995537,0.0,0.0,0.7207657,0.43466243,0.0,0.0,0.0,0.8313863,1.4853077,0.3500259,0.18658292,0.0,0.56074136,0.0,0.5445373,0.0,0.29280204,1.0744286,0.0,0.55204964,0.14819282,0.91388315,0.0,0.096166335,11
B1440,0.0,0.0,0.0,0.0,0.0,1.231247,0.0,1.2795591,1.4035068,0.0,0.0,1.2154515,0.6406376,0.0,0.0,0.0,1.6524427,1.5103664,0.40088466,0.23644707,0.0,0.7707068,0.0,0.96525764,0.0,0.6146672,1.5380373,0.0,0.9490151,0.13626865,1.4979852,0.0,0.039650224,11
B1441,0.0,0.0,0.0,0.0,0.0,1.1184818,0.0,1.4098054,1.2585838,0.0,0.0,1.3590231,0.77555525,0.0,0.0,0.0,1.7793908,1.4368854,0.5086522,0.22847337,0.0,0.8591801,0.0,1.2180567,0.0,0.75751126,1.6858033,0.0,1.0335102,0.27173844,1.4752946,0.0,0.03358678,11
B1442,0.0,0.0,0.0,0.0,0.0,1.1758443,0.0,1.1686773,1.3554275,0.0,0.0,0.96567506,0.5186898,0.0,0.0,0.0,1.2223582,1.4488095,0.2859947,0.2086183,0.0,0.6569102,0.0,0.6990049,0.0,0.3498615,1.2970243,0.0,0.71235144,0.08199661,1.2190318,0.0,0.062166646,11
B1443,0.0,0.0,0.0,0.0,0.0,1.1997004,0.0,1.3244001,1.3620677,0.0,0.0,1.1844339,0.63796943,0.0,0.0,0.0,1.5670781,1.4841524,0.40932,0.23359366,0.0,0.75158715,0.0,0.97599447,0.0,0.60347104,1.4505384,0.0,0.95127505,0.14806592,1.4135238,0.0,0.042316485,11
B1444,0.0,0.0,0.0,0.0,0.0,0.77099997,0.0,0.17741609,0.99562144,0.0,0.0,0.5858622,0.13092804,0.0,0.0,0.0,0.40901333,1.5864192,0.0,0.19353548,0.0,0.34554246,0.0,0.26670146,0.0,0.0,0.754127,0.0,0.13154468,0.0,0.7728913,0.0,0.17084529,11
B1445,0.0,0.0,0.0,0.0,0.0,1.1700089,0.0,1.2199947,1.2171493,0.0,0.0,1.2177265,0.55858135,0.0,0.0,0.0,1.3388151,1.7159077,0.38742346,0.2460777,0.0,0.65627396,0.0,1.0085505,0.0,0.48608834,1.1864153,0.0,0.93938994,0.112085946,1.241517,0.0,0.049375247,11
B1446,0.0,0.0,0.0,0.0,0.0,0.82063776,0.0,1.1108876,1.4946508,0.0,0.0,0.5995978,0.4237293,0.0,0.0,0.0,0.6742612,1.56984,0.263026,0.17341666,0.0,0.58829576,0.0,0.29140118,0.0,0.16461492,1.2293042,0.0,0.41708598,0.15407972,1.1327035,0.0,0.09420612,11
B1447,0.0,0.0,0.0,0.0,0.0,1.3290823,0.0,1.3348697,1.3610781,0.0,0.0,1.233892,0.60468733,0.0,0.0,0.0,1.580971,1.5767194,0.40031168,0.26387507,0.0,0.7645104,0.0,0.9848344,0.0,0.52318907,1.5464075,0.0,0.92437756,0.104571104,1.4746879,0.0,0.039170496,11
B1448,0.0,0.0,0.0,0.0,0.0,1.1076343,0.0,1.4029927,1.3409922,0.0,0.0,1.3827338,0.7993616,0.0,0.0,0.0,1.8442078,1.4090544,0.49718812,0.21009856,0.0,0.85066783,0.0,1.1858424,0.0,0.840209,1.691953,0.0,1.0319452,0.28005815,1.5262945,0.0,0.032486755,11
B1449,0.0,0.0,0.0,0.0,0.0,1.6062292,0.0,1.5418172,1.4555597,0.0,0.0,1.3443909,0.53248507,0.0,0.0,0.0,1.3318063,2.162719,0.3228486,0.33115408,0.0,0.83285266,0.0,1.032986,0.0,0.30998802,1.5095491,0.0,1.0237882,0.0,1.4323139,0.0,0.032301646,11
B1450,0.0,0.0,0.0,0.0,0.0,1.1452155,0.0,1.2275282,1.3084095,0.0,0.0,1.0304034,0.571726,0.0,0.0,0.0,1.3416295,1.4715233,0.3399837,0.21942914,0.0,0.73732376,0.0,0.8014195,0.0,0.4241963,1.3813734,0.0,0.77869254,0.1278269,1.3174753,0.0,0.054363098,11
B1451,0.0,0.0,0.0,0.0,0.0,1.1355057,0.0,1.2212919,1.2334272,0.0,0.0,1.1298399,0.5152696,0.0,0.0,0.0,1.264332,1.337132,0.5423517,0.23741767,0.0,0.49595127,0.0,0.933794,0.0,0.58310986,1.265321,0.0,0.92351234,0.16902931,1.1441587,0.0,0.05668569,11
B1452,0.0,0.0,0.0,0.0,0.0,1.2041272,0.0,1.5121738,1.3815031,0.0,0.0,1.484488,0.7970716,0.0,0.0,0.0,1.9236139,1.7298508,0.5653095,0.25978124,0.0,0.92028844,0.0,1.3606409,0.0,0.7434591,1.7596786,0.0,1.1527892,0.25796843,1.60467,0.0,0.025270224,11
B1453,0.0,0.0,0.0,0.0,0.0,1.0719874,0.0,1.2810094,1.2266747,0.0,0.0,0.9881473,0.5806021,0.0,0.0,0.0,1.2772424,1.4647509,0.37617266,0.22226544,0.0,0.7689197,0.0,0.84400856,0.0,0.3810199,1.331435,0.0,0.7421134,0.15810132,1.2565856,0.0,0.057198845,11
B1454,0.0,0.0,0.0,0.0,0.0,0.98853564,0.0,1.2511168,1.2233386,0.0,0.0,0.8254839,0.5139642,0.0,0.0,0.0,0.9968481,1.4478693,0.33558005,0.20449215,0.0,0.7155756,0.0,0.6407523,0.0,0.22751845,1.2170551,0.0,0.5939683,0.16111915,1.1378671,0.0,0.07404325,11
B1455,0.0,0.0,0.0,0.0,0.0,1.2182144,0.0,1.2774186,1.3831882,0.0,0.0,1.2147899,0.6388231,0.0,0.0,0.0,1.6119857,1.4848719,0.40316355,0.23136683,0.0,0.7514175,0.0,0.96121144,0.0,0.63110185,1.5113118,0.0,0.9369859,0.14867203,1.4710398,0.0,0.04104966,11
B1456,0.0,0.0,0.0,0.0,0.0,1.0174693,0.0,1.2735056,1.21156,0.0,0.0,1.2828193,0.75211805,0.0,0.0,0.0,1.7907522,1.2731892,0.50690794,0.20449328,0.0,0.80442107,0.0,1.1779349,0.0,0.7483736,1.6212865,0.0,0.96504813,0.27110818,1.3814261,0.0,0.039532587,11
B1457,0.0,0.0,0.0,0.0,0.0,1.3810155,0.0,1.4557015,1.3213532,0.0,0.0,1.2242149,0.57426786,0.0,0.0,0.0,1.4533067,1.6294682,0.40319884,0.28518185,0.0,0.749663,0.0,1.0285081,0.0,0.45371485,1.4671522,0.0,0.9307275,0.08844544,1.3810997,0.0,0.039936695,11
B1458,0.0,0.0,0.0,0.0,0.0,1.103976,0.0,1.4022003,1.3307768,0.0,0.0,1.3657478,0.79817355,0.0,0.0,0.0,1.8535178,1.4268094,0.50098,0.21434872,0.0,0.8596323,0.0,1.2013321,0.0,0.8255546,1.6872627,0.0,1.0708334,0.2716101,1.5224171,0.0,0.03222128,11
B1459,0.0,0.0,0.0,0.0,0.0,1.0752538,0.0,1.388963,1.2498037,0.0,0.0,1.3288078,0.75917995,0.0,0.0,0.0,1.7969605,1.4055061,0.520839,0.22030336,0.0,0.8473402,0.0,1.2211249,0.0,0.7279004,1.6647701,0.0,0.998377,0.27209264,1.4801573,0.0,0.03480033,11
B1460,0.0,0.0,0.0,0.0,0.0,1.2626554,0.0,1.2720499,1.3292181,0.0,0.0,1.2014406,0.5952399,0.0,0.0,0.0,1.5475023,1.4823306,0.38499013,0.24724662,0.0,0.73903716,0.0,0.94974786,0.0,0.54605746,1.5130529,0.0,0.87753075,0.118681096,1.4234074,0.0,0.043302067,11
B1461,0.0,0.0,0.0,0.0,0.0,1.1120548,0.0,1.3226469,1.2647456,0.0,0.0,1.102041,0.5750263,0.0,0.0,0.0,1.4197621,1.3883986,0.46353614,0.24815646,0.0,0.6446669,0.0,0.9854624,0.0,0.48043364,1.2624903,0.0,0.9491895,0.13766412,1.1908762,0.0,0.05157801,11
B1462,0.0,0.0,0.0,0.0,0.0,1.0204433,0.0,1.2848477,1.2689285,0.0,0.0,0.93620384,0.5766428,0.0,0.0,0.0,1.2213619,1.4655164,0.34288317,0.20968229,0.0,0.7455145,0.0,0.77456844,0.0,0.34768048,1.2620952,0.0,0.7009516,0.15375023,1.2164692,0.0,0.0616218,11
B1463,0.0,0.0,0.0,0.0,0.0,1.0697771,0.0,1.3526851,1.2701336,0.0,0.0,1.3457808,0.7625067,0.0,0.0,0.0,1.8233532,1.4311078,0.518384,0.21757475,0.0,0.84438765,0.0,1.2282617,0.0,0.755307,1.671364,0.0,0.9988295,0.27265096,1.4789474,0.0,0.03430417,11
B1464,0.0,0.0,0.0,0.0,0.0,1.0597118,0.0,1.3745555,1.3009899,0.0,0.0,1.3432825,0.7866024,0.0,0.0,0.0,1.8325933,1.3991659,0.5038599,0.20686804,0.0,0.84513074,0.0,1.2070718,0.0,0.80379045,1.6688819,0.0,1.0260127,0.27913448,1.502771,0.0,0.033942536,11
B1465,0.0,0.0,0.0,0.0,0.0,1.4490434,0.0,1.5327828,1.3352973,0.0,0.0,1.2770352,0.43081135,0.0,0.0,0.0,1.081503,1.5576435,0.5237848,0.33201286,0.0,0.4903913,0.0,0.9408652,0.0,0.47366333,1.3108267,0.0,0.9326794,0.09627731,1.1835572,0.0,0.047454465,11
B1466,0.0,0.0,0.0,0.0,0.0,1.1258779,0.0,1.266488,1.2196121,0.0,0.0,0.90407073,0.46417117,0.0,0.0,0.0,0.9486819,1.456199,0.3406505,0.2344261,0.0,0.633321,0.0,0.6692823,0.0,0.2264888,1.2073219,0.0,0.678863,0.112157896,1.0766717,0.0,0.07203595,11
B1467,0.0,0.0,0.0,0.0,0.0,0.9324755,0.0,1.1772342,1.2343016,0.0,0.0,0.72040707,0.4720939,0.0,0.0,0.0,0.86433285,1.4546279,0.3235227,0.19296809,0.0,0.67501074,0.0,0.52541566,0.0,0.15663745,1.1458557,0.0,0.57328576,0.14812183,1.0792788,0.0,0.08510123,11
B1468,0.0,0.0,0.0,0.0,0.0,1.1145382,0.0,1.2411052,1.3313823,0.0,0.0,1.0388033,0.5964175,0.0,0.0,0.0,1.3829327,1.4870327,0.34291494,0.2131784,0.0,0.7549982,0.0,0.81038696,0.0,0.45295936,1.3749331,0.0,0.7953653,0.13773313,1.3415995,0.0,0.05277596,11
B1469,0.0,0.0,0.0,0.0,0.0,0.78761834,0.0,0.1792872,1.005011,0.0,0.0,0.60836554,0.13077778,0.0,0.0,0.0,0.450831,1.5807762,0.0,0.19801617,0.0,0.353421,0.0,0.29261485,0.0,0.0,0.76210505,0.0,0.14398274,0.0,0.7948947,0.0,0.16615087,11
B1470,0.0,0.0,0.0,0.0,0.0,1.2798939,0.0,1.3283564,1.2956295,0.0,0.0,1.19383,0.58196634,0.0,0.0,0.0,1.4564788,1.488198,0.40004328,0.25427058,0.0,0.71353716,0.0,0.9680269,0.0,0.5373323,1.4500349,0.0,0.9011648,0.12273036,1.3656944,0.0,0.044547357,11
B1471,0.0,0.0,0.0,0.0,0.0,0.92490184,0.0,1.1346524,1.0804051,0.0,0.0,0.92066395,0.5228466,0.0,0.0,0.0,1.1846839,1.2643151,0.42652205,0.19814658,0.0,0.6370304,0.0,0.8575375,0.0,0.40203097,1.1620358,0.0,0.7223964,0.18938817,1.1152198,0.0,0.07186233,11
B1472,0.0,0.0,0.0,0.0,0.0,1.056252,0.0,1.2253754,1.2497951,0.0,0.0,1.0112088,0.6001344,0.0,0.0,0.0,1.3941694,1.4214714,0.40002358,0.21474725,0.0,0.78973687,0.0,0.88719404,0.0,0.47426796,1.416862,0.0,0.7629884,0.1717598,1.2986943,0.0,0.05381744,11
B1473,0.0,0.0,0.0,0.0,0.0,1.2297146,0.0,1.3391669,1.3354988,0.0,0.0,1.1585064,0.6049286,0.0,0.0,0.0,1.5104724,1.4758112,0.3758394,0.24266349,0.0,0.7281101,0.0,0.9601285,0.0,0.5313165,1.4166042,0.0,0.9057606,0.11759187,1.355298,0.0,0.044775713,11
B1474,0.0,0.0,0.0,0.0,0.0,1.0723653,0.0,1.2396808,1.2824621,0.0,0.0,0.99638724,0.6026868,0.0,0.0,0.0,1.4000962,1.457215,0.39850003,0.22090356,0.0,0.79516625,0.0,0.8708399,0.0,0.44348335,1.409961,0.0,0.8026481,0.1598399,1.3194268,0.0,0.05273762,11
B1475,0.0,0.0,0.0,0.0,0.0,1.0859356,0.0,1.2120354,1.2947131,0.0,0.0,0.9513191,0.563149,0.0,0.0,0.0,1.2429504,1.4920027,0.3315237,0.2086658,0.0,0.74574566,0.0,0.7429454,0.0,0.35615426,1.3285158,0.0,0.7410438,0.1343453,1.2816348,0.0,0.059593853,11
B1476,0.0,0.0,0.0,0.0,0.0,1.2407871,0.0,1.2767899,1.4061425,0.0,0.0,1.2236186,0.6357392,0.0,0.0,0.0,1.6336664,1.5029783,0.38218272,0.23478243,0.0,0.75594544,0.0,0.94523454,0.0,0.6133534,1.5340252,0.0,0.92857635,0.13263169,1.4901233,0.0,0.040310808,11
B1477,0.0,0.0,0.0,0.0,0.0,1.078026,0.0,1.2508466,1.307759,0.0,0.0,1.013042,0.59855044,0.0,0.0,0.0,1.3424959,1.4841874,0.38099992,0.21318181,0.0,0.7645489,0.0,0.8278949,0.0,0.45920455,1.3506995,0.0,0.8078952,0.1596294,1.3225083,0.0,0.053861283,11
B1478,0.0,0.0,0.0,0.0,0.0,1.2259829,0.0,1.2884842,1.4086351,0.0,0.0,1.2190043,0.6510171,0.0,0.0,0.0,1.6571743,1.5105792,0.3828057,0.23175862,0.0,0.7757752,0.0,0.9551904,0.0,0.61152923,1.5388963,0.0,0.9265443,0.1388843,1.5025277,0.0,0.039704457,11
B1479,0.0,0.0,0.0,0.0,0.0,1.2347242,0.0,1.2794635,1.397315,0.0,0.0,1.2176225,0.63330626,0.0,0.0,0.0,1.6181536,1.4980568,0.38527405,0.23400936,0.0,0.7513962,0.0,0.94662154,0.0,0.610337,1.5168688,0.0,0.9247701,0.13425136,1.4745767,0.0,0.040910203,11
B1480,0.0,0.0,0.0,0.0,0.0,1.0049793,0.0,1.1569265,1.1754924,0.0,0.0,0.78436774,0.44766468,0.0,0.0,0.0,0.8064837,1.5378226,0.27071822,0.1866944,0.0,0.67625445,0.0,0.5294884,0.0,0.16315226,1.1535735,0.0,0.519077,0.13926248,1.1041758,0.0,0.084489144,11
B1481,0.0,0.0,0.0,0.0,0.0,0.92811805,0.0,1.1611254,1.137068,0.0,0.0,0.8657901,0.54209113,0.0,0.0,0.0,1.1973765,1.3125961,0.377236,0.19251361,0.0,0.7148206,0.0,0.79348254,0.0,0.33996132,1.2214956,0.0,0.6480502,0.1753963,1.1609774,0.0,0.07097859,11
B1482,0.0,0.0,0.0,0.0,0.0,0.94053286,0.0,1.2285352,1.2515781,0.0,0.0,0.7336386,0.4833191,0.0,0.0,0.0,0.88968027,1.4306204,0.32701492,0.1914672,0.0,0.682791,0.0,0.5455841,0.0,0.20303501,1.1849495,0.0,0.59605783,0.16593458,1.1481405,0.0,0.08091894,11
B1483,0.0,0.0,0.0,0.0,0.0,1.101522,0.0,1.3996261,1.3257481,0.0,0.0,1.3629038,0.7965262,0.0,0.0,0.0,1.8485637,1.4222524,0.49985498,0.21403538,0.0,0.85736775,0.0,1.1999816,0.0,0.8230357,1.6846371,0.0,1.0668423,0.27184469,1.5176065,0.0,0.03246651,11
B1484,0.0,0.0,0.0,0.0,0.0,0.8973801,0.0,1.1600748,1.1735193,0.0,0.0,0.71808624,0.46029627,0.0,0.0,0.0,0.8173751,1.391315,0.341823,0.20033228,0.0,0.64101434,0.0,0.54299796,0.0,0.18296525,1.1216961,0.0,0.54935414,0.15954249,0.9968337,0.0,0.09046068,11
B1485,0.0,0.0,0.0,0.0,0.0,0.9854539,0.0,1.2320528,1.2497865,0.0,0.0,0.85978067,0.54604685,0.0,0.0,0.0,1.1220487,1.4485782,0.35002273,0.20254874,0.0,0.73060596,0.0,0.7046085,0.0,0.29223192,1.2294439,0.0,0.6694756,0.15614322,1.1761513,0.0,0.06837208,11
B1486,0.0,0.0,0.0,0.0,0.0,1.1043034,0.0,1.4006712,1.3345506,0.0,0.0,1.3678488,0.7993294,0.0,0.0,0.0,1.8584374,1.4304562,0.50094104,0.21406114,0.0,0.86045456,0.0,1.202467,0.0,0.8291223,1.6888919,0.0,1.0731218,0.2714129,1.5251162,0.0,0.03207282,11
B1487,0.0,0.0,0.0,0.0,0.0,1.1126915,0.0,1.3953686,1.3008713,0.0,0.0,1.3590393,0.7921242,0.0,0.0,0.0,1.8398361,1.443326,0.5125364,0.22229527,0.0,0.86397004,0.0,1.2160928,0.0,0.78918064,1.6821404,0.0,1.0716634,0.26699254,1.5092098,0.0,0.032465678,11
B1488,0.0,0.0,0.0,0.0,0.0,0.95821816,0.0,1.1724529,1.2452369,0.0,0.0,0.70671225,0.4197834,0.0,0.0,0.0,0.80645,1.4373515,0.30035016,0.20524195,0.0,0.61432505,0.0,0.5011186,0.0,0.11268352,1.1274426,0.0,0.5289078,0.11629648,0.9912318,0.0,0.09023293,11
B1489,0.0,0.0,0.0,0.0,0.0,1.0704662,0.0,1.2380881,1.2510755,0.0,0.0,1.0130744,0.53852206,0.0,0.0,0.0,1.1600296,1.4394608,0.41612232,0.22902039,0.0,0.6460251,0.0,0.8033742,0.0,0.43079373,1.2237103,0.0,0.810945,0.1594919,1.1703657,0.0,0.061773144,11
B1490,0.0,0.0,0.0,0.0,0.0,0.95100087,0.0,1.1000968,1.1780841,0.0,0.0,0.789512,0.46365428,0.0,0.0,0.0,0.8803734,1.5781848,0.2874784,0.19923054,0.0,0.68151426,0.0,0.57302713,0.0,0.16166109,1.1274872,0.0,0.56306326,0.12551951,1.0666277,0.0,0.08336987,11
B1491,0.0,0.0,0.0,0.0,0.0,1.094573,0.0,1.2565718,1.3223958,0.0,0.0,1.0452245,0.60598385,0.0,0.0,0.0,1.3728693,1.4786451,0.37204462,0.21373089,0.0,0.7553302,0.0,0.83781993,0.0,0.48493594,1.3605013,0.0,0.8234397,0.15671575,1.3333788,0.0,0.052367356,11
B1492,0.0,0.0,0.0,0.0,0.0,1.2797917,0.0,1.291492,1.3528247,0.0,0.0,1.2070472,0.60016924,0.0,0.0,0.0,1.5416889,1.5151054,0.40193653,0.24885097,0.0,0.722898,0.0,0.9649686,0.0,0.5730248,1.4769529,0.0,0.9472684,0.11591996,1.4278375,0.0,0.042076398,11
B1493,0.0,0.0,0.0,0.0,0.0,0.97342247,0.0,1.2246203,1.2486846,0.0,0.0,0.8457498,0.5385693,0.0,0.0,0.0,1.0942974,1.4310944,0.32479352,0.19847894,0.0,0.71770024,0.0,0.6752012,0.0,0.28212872,1.2132101,0.0,0.63156843,0.15109357,1.151402,0.0,0.0712213,11
B1494,0.0,0.0,0.0,0.0,0.0,1.2554014,0.0,1.1006655,1.3610744,0.0,0.0,1.3577952,0.64618087,0.0,0.0,0.0,1.7294056,1.8638418,0.35727063,0.24068616,0.0,0.7985728,0.0,1.0375996,0.0,0.6460544,1.5271956,0.0,0.9754278,0.096719705,1.5121325,0.0,0.03577947,11
B1495,0.0,0.0,0.0,0.0,0.0,0.9129453,0.0,0.3584417,1.058217,0.0,0.0,0.67316586,0.20048547,0.0,0.0,0.0,0.5253638,1.7465028,0.0,0.22568056,0.0,0.4944761,0.0,0.41961282,0.0,0.0,0.8784666,0.0,0.23140645,0.0,0.83463913,0.0,0.1350408,11
B1496,0.0,0.0,0.0,0.0,0.0,1.3014462,0.0,1.3217624,1.4056612,0.0,0.0,1.2246337,0.618104,0.0,0.0,0.0,1.6146089,1.5597532,0.37588716,0.25431806,0.0,0.7603345,0.0,0.9561458,0.0,0.5499538,1.5350019,0.0,0.9404451,0.101556495,1.483755,0.0,0.03926271,11
B1497,0.0,0.0,0.0,0.0,0.0,1.1252499,0.0,1.418402,1.2736762,0.0,0.0,1.3663297,0.78027797,0.0,0.0,0.0,1.8004261,1.4537785,0.5180001,0.2308362,0.0,0.8671571,0.0,1.2306824,0.0,0.75692475,1.6910675,0.0,1.0499532,0.2703123,1.4857419,0.0,0.03271705,11
B1498,0.0,0.0,0.0,0.0,0.0,1.0061994,0.0,1.1294152,1.2353281,0.0,0.0,0.85219187,0.44603106,0.0,0.0,0.0,0.90071416,1.3537415,0.33331597,0.20450422,0.0,0.56117326,0.0,0.58619314,0.0,0.2903126,1.1330371,0.0,0.6218385,0.13242368,1.0319929,0.0,0.08318374,11
B1499,0.0,0.0,0.0,0.0,0.0,1.069133,0.0,1.2103323,1.2595625,0.0,0.0,0.9669887,0.557736,0.0,0.0,0.0,1.2056041,1.5242438,0.33212024,0.20977193,0.0,0.7360011,0.0,0.7570294,0.0,0.3614831,1.2630152,0.0,0.7334043,0.13473521,1.2372748,0.0,0.061207075,11
B1500,0.0,0.0,0.0,0.0,0.0,1.0741706,0.0,1.2913824,1.3156222,0.0,0.0,1.0159402,0.6128664,0.0,0.0,0.0,1.3551289,1.4795313,0.37153375,0.21252508,0.0,0.77743053,0.0,0.8395065,0.0,0.45558327,1.3581686,0.0,0.79103494,0.1643991,1.3222806,0.0,0.05303268,11
B1501,0.0,0.0,0.0,0.0,0.0,1.2059056,0.0,1.264229,1.3457155,0.0,0.0,1.0242721,0.5549075,0.0,0.0,0.0,1.270087,1.56341,0.30332595,0.22885042,0.0,0.7367615,0.0,0.7602166,0.0,0.36274427,1.3836647,0.0,0.80220574,0.101262674,1.3217409,0.0,0.053684797,11
B1502,0.0,0.0,0.0,0.0,0.0,1.2644042,0.0,1.269083,1.3425741,0.0,0.0,1.2207872,0.59805113,0.0,0.0,0.0,1.5174499,1.5405953,0.38700834,0.24300641,0.0,0.71119326,0.0,0.95406437,0.0,0.58733475,1.4397883,0.0,0.9271051,0.11893401,1.4045744,0.0,0.043160945,11
B1503,0.0,0.0,0.0,0.0,0.0,0.8356769,0.0,1.0176921,1.2830741,0.0,0.0,0.73404264,0.42127514,0.0,0.0,0.0,0.8895792,1.695324,0.19136874,0.1742595,0.0,0.6001885,0.0,0.5039656,0.0,0.19075018,1.0212928,0.0,0.51140225,0.06895893,1.0191786,0.0,0.089680396,11
B1504,0.0,0.0,0.0,0.0,0.0,1.0562956,0.0,1.2634097,1.2864242,0.0,0.0,0.96393853,0.5885044,0.0,0.0,0.0,1.2787111,1.4622796,0.367308,0.20802394,0.0,0.76894134,0.0,0.7933686,0.0,0.41116247,1.3384116,0.0,0.7505265,0.1655428,1.2937332,0.0,0.057342306,11
B1505,0.0,0.0,0.0,0.0,0.0,1.1020107,0.0,1.3970044,1.3286462,0.0,0.0,1.363272,0.7959548,0.0,0.0,0.0,1.8521088,1.422291,0.5008968,0.21465749,0.0,0.85781276,0.0,1.1982737,0.0,0.8234484,1.6854336,0.0,1.0668488,0.2703303,1.5194334,0.0,0.03243138,11
B1506,0.0,0.0,0.0,0.0,0.0,0.992651,0.0,1.2445198,1.2704747,0.0,0.0,0.8746276,0.554275,0.0,0.0,0.0,1.1220593,1.4539515,0.3558542,0.1982882,0.0,0.73208606,0.0,0.71530694,0.0,0.34474087,1.2508335,0.0,0.70789427,0.17256264,1.2249408,0.0,0.06589911,11
B1507,0.0,0.0,0.0,0.0,0.0,1.0882593,0.0,1.375521,1.2752331,0.0,0.0,1.3413863,0.7797257,0.0,0.0,0.0,1.8151989,1.4022381,0.5066061,0.2179029,0.0,0.84810793,0.0,1.2021623,0.0,0.77725196,1.6681724,0.0,1.0368465,0.2685637,1.4843007,0.0,0.034192376,11
B1508,0.0,0.0,0.0,0.0,0.0,1.0280808,0.0,0.28305238,1.1325246,0.0,0.0,0.70737624,0.10038218,0.0,0.0,0.0,0.23161918,1.7633065,0.0,0.23779985,0.0,0.32363915,0.0,0.18497568,0.0,0.0,0.8502383,0.0,0.31244063,0.0,0.8755628,0.0,0.14937405,11
B1509,0.0,0.0,0.0,0.0,0.0,1.1067193,0.0,1.3229294,1.2963977,0.0,0.0,1.4226463,0.7881854,0.0,0.0,0.0,1.8523332,1.5480661,0.48446015,0.22090273,0.0,0.84054184,0.0,1.2243762,0.0,0.80976844,1.6785767,0.0,1.0396421,0.26147762,1.4836006,0.0,0.03219034,11
B1510,0.0,0.0,0.0,0.0,0.0,1.1577849,0.0,1.2951144,1.2548637,0.0,0.0,1.0160632,0.56101716,0.0,0.0,0.0,1.2619596,1.5422311,0.36597627,0.2393308,0.0,0.7627263,0.0,0.83738,0.0,0.3452847,1.3451018,0.0,0.77293783,0.12223071,1.2685624,0.0,0.054775808,11
B1511,0.0,0.0,0.0,0.0,0.0,1.0125297,0.0,1.3210769,1.2178864,0.0,0.0,1.2873123,0.7596663,0.0,0.0,0.0,1.8148099,1.3467141,0.50633407,0.20252118,0.0,0.81294197,0.0,1.2052238,0.0,0.72278166,1.605808,0.0,0.971797,0.27027068,1.4378698,0.0,0.037729293,11
B1512,0.0,0.0,0.0,0.0,0.0,0.864642,0.0,1.1449003,1.097561,0.0,0.0,0.80535996,0.5184985,0.0,0.0,0.0,1.0820754,1.2603164,0.40514982,0.18851532,0.0,0.67196923,0.0,0.73812026,0.0,0.31047726,1.1486773,0.0,0.6193621,0.19497752,1.0737294,0.0,0.080080874,11
B1513,0.0,0.0,0.0,0.0,0.0,0.836218,0.0,1.2877424,1.3717911,0.0,0.0,0.6644008,0.4573331,0.0,0.0,0.0,0.85407746,1.4796904,0.28933412,0.2097987,0.0,0.60036725,0.0,0.5221839,0.0,0.15925327,1.187187,0.0,0.49100775,0.13056086,0.9583887,0.0,0.08612672,11
B1514,0.0,0.0,0.0,0.0,0.0,1.2618241,0.0,1.4363043,1.2956042,0.0,0.0,1.0893371,0.40719724,0.0,0.0,0.0,1.0726309,1.5575877,0.44190136,0.30903414,0.0,0.55874133,0.0,0.84025735,0.0,0.28321433,1.2257966,0.0,0.7543338,0.058081478,1.1382985,0.0,0.057541158,11
B1515,0.0,0.0,0.0,0.0,0.0,0.93770003,0.0,1.222166,1.2599348,0.0,0.0,0.7238305,0.4796103,0.0,0.0,0.0,0.87637216,1.4296197,0.30656606,0.18960649,0.0,0.6756804,0.0,0.51944804,0.0,0.18525623,1.1764512,0.0,0.57371217,0.15560399,1.1284845,0.0,0.08284809,11
B1516,0.0,0.0,0.0,0.0,0.0,1.1076058,0.0,1.4072627,1.3264991,0.0,0.0,1.3712313,0.7980964,0.0,0.0,0.0,1.8440402,1.4296021,0.49866906,0.21391118,0.0,0.8580953,0.0,1.198879,0.0,0.8246925,1.6862447,0.0,1.0585691,0.27430928,1.5244708,0.0,0.032291997,11
B1517,0.0,0.0,0.0,0.0,0.0,0.891317,0.0,1.101585,1.4558128,0.0,0.0,0.57892835,0.36108398,0.0,0.0,0.0,0.652539,1.6028243,0.22390908,0.18470728,0.0,0.60877544,0.0,0.33085912,0.0,0.0049854517,1.2229819,0.0,0.40965185,0.09110959,1.0074837,0.0,0.09715333,11
B1518,0.0,0.0,0.0,0.0,0.0,0.93597025,0.0,1.1363049,1.256181,0.0,0.0,0.7218354,0.49347782,0.0,0.0,0.0,0.9426229,1.3717501,0.23558763,0.1660456,0.0,0.63608426,0.0,0.4965567,0.0,0.18394388,1.1310909,0.0,0.48108318,0.12825134,1.0724397,0.0,0.08802698,11
B1519,0.0,0.0,0.0,0.0,0.0,1.1161379,0.0,1.4031366,1.2990571,0.0,0.0,1.3605804,0.7916179,0.0,0.0,0.0,1.8349764,1.4495859,0.51210725,0.22365658,0.0,0.86534435,0.0,1.2182815,0.0,0.7858505,1.6830554,0.0,1.0733594,0.26724678,1.5087864,0.0,0.0323579,11
B1520,0.0,0.0,0.0,0.0,0.0,0.88786584,0.0,1.1255218,1.3203974,0.0,0.0,0.5542623,0.40371487,0.0,0.0,0.0,0.6822046,1.435122,0.30521232,0.17010078,0.0,0.660392,0.0,0.32526892,0.0,0.033427685,1.2521888,0.0,0.45968062,0.1431078,1.0785968,0.0,0.09808287,11
B1521,0.0,0.0,0.0,0.0,0.0,1.0079099,0.0,1.1953611,1.1732999,0.0,0.0,0.95731705,0.5602682,0.0,0.0,0.0,1.3135488,1.3470776,0.39339358,0.20728599,0.0,0.7273069,0.0,0.8618956,0.0,0.4043194,1.3049594,0.0,0.7244637,0.16231696,1.230994,0.0,0.061530992,11
B1522,0.0,0.0,0.0,0.0,0.0,1.1010612,0.0,1.398767,1.3266611,0.0,0.0,1.3650792,0.7974471,0.0,0.0,0.0,1.8512824,1.4226906,0.50054836,0.21307361,0.0,0.85665154,0.0,1.2004464,0.0,0.8236334,1.6832635,0.0,1.0623634,0.2728596,1.5214545,0.0,0.032435704,11
B1523,0.0,0.0,0.0,0.0,0.0,1.0065384,0.0,0.2185812,1.1292555,0.0,0.0,0.6698278,0.07607907,0.0,0.0,0.0,0.34411943,1.7611215,0.0,0.22687261,0.0,0.4195584,0.0,0.30303222,0.0,0.0,0.81587183,0.0,0.23828316,0.0,0.87476677,0.0,0.14703117,11
B1524,0.0,0.0,0.0,0.0,0.0,1.1051005,0.0,1.4035807,1.3271064,0.0,0.0,1.3653162,0.79678655,0.0,0.0,0.0,1.8493762,1.4295623,0.50059325,0.21526876,0.0,0.85956657,0.0,1.2025833,0.0,0.82263386,1.6876986,0.0,1.070981,0.27131033,1.5205413,0.0,0.032249287,11
B1525,0.0,0.0,0.0,0.0,0.0,1.2233917,0.0,1.3356657,1.2304128,0.0,0.0,1.0699072,0.51305693,0.0,0.0,0.0,1.1568887,1.5221156,0.40876383,0.2638077,0.0,0.6666042,0.0,0.8590963,0.0,0.3763461,1.2935654,0.0,0.82906336,0.1185548,1.2015555,0.0,0.055708308,11
B1526,0.0,0.0,0.0,0.0,0.0,0.8150958,0.0,1.0401444,1.2425954,0.0,0.0,0.66949654,0.46866938,0.0,0.0,0.0,0.86166996,1.3183676,0.3242044,0.15826042,0.0,0.60652715,0.0,0.46515495,0.0,0.23834941,1.0848193,0.0,0.47858065,0.16398647,1.0352964,0.0,0.09719654,11
B1527,0.0,0.0,0.0,0.0,0.0,1.1020951,0.0,1.3994906,1.3324943,0.0,0.0,1.3656342,0.798979,0.0,0.0,0.0,1.8565086,1.4254676,0.5007414,0.21363303,0.0,0.85899115,0.0,1.2011275,0.0,0.82789695,1.6864611,0.0,1.0712676,0.27176994,1.5230416,0.0,0.03222582,11
B1528,0.0,0.0,0.0,0.0,0.0,1.0878506,0.0,1.372289,1.3082924,0.0,0.0,1.3517647,0.78322756,0.0,0.0,0.0,1.8431262,1.4041693,0.5106387,0.2133747,0.0,0.85191363,0.0,1.199249,0.0,0.8043194,1.6777463,0.0,1.0303195,0.27236316,1.5001603,0.0,0.03351237,11
B1529,0.0,0.0,0.0,0.0,0.0,1.5513778,0.0,1.405844,1.552588,0.0,0.0,1.2325072,0.49732012,0.0,0.0,0.0,1.5040332,1.6824113,0.38267046,0.30343825,0.0,0.696526,0.0,0.95351726,0.0,0.42260984,1.5480964,0.0,1.0309325,0.0,1.5187553,0.0,0.03604265,11
B1530,0.0,0.0,0.0,0.0,0.0,0.94706684,0.0,1.2613472,1.1961524,0.0,0.0,0.73525536,0.4655851,0.0,0.0,0.0,0.83030736,1.4611927,0.32548827,0.21260588,0.0,0.681736,0.0,0.5528446,0.0,0.123853356,1.1524341,0.0,0.54785126,0.14797193,1.0257059,0.0,0.08470455,11
B1531,0.0,0.0,0.0,0.0,0.0,1.0203534,0.0,1.266414,1.1805797,0.0,0.0,0.8882332,0.52979785,0.0,0.0,0.0,1.058231,1.4772136,0.37520647,0.21937048,0.0,0.7387624,0.0,0.7429709,0.0,0.2664757,1.2396662,0.0,0.6796964,0.16643351,1.1640519,0.0,0.06776985,11
B1532,0.0,0.0,0.0,0.0,0.0,1.1299663,0.0,1.2788405,1.2453016,0.0,0.0,1.0475037,0.5798634,0.0,0.0,0.0,1.3164935,1.5015242,0.3952408,0.23274449,0.0,0.770245,0.0,0.8699433,0.0,0.42735606,1.3861344,0.0,0.799399,0.15379696,1.3045528,0.0,0.052811924,11
B1533,0.0,0.0,0.0,0.0,0.0,1.1772947,0.0,1.3271687,1.4007092,0.0,0.0,1.5982192,0.78726226,0.0,0.0,0.0,2.0133786,1.9364562,0.46832633,0.23151115,0.0,0.8377589,0.0,1.2925649,0.0,0.8829789,1.6932299,0.0,1.1163403,0.20685327,1.5344932,0.0,0.02546543,11
B1534,0.0,0.0,0.0,0.0,0.0,0.9389957,0.0,1.2026328,1.2626922,0.0,0.0,0.727249,0.4799137,0.0,0.0,0.0,0.8888655,1.4330785,0.3160649,0.18576784,0.0,0.6775733,0.0,0.5232597,0.0,0.19909914,1.1777902,0.0,0.58002025,0.15932268,1.1408762,0.0,0.082302414,11
B1535,0.0,0.0,0.0,0.0,0.0,1.5119656,0.0,1.5897557,1.4334804,0.0,0.0,1.2816882,0.5633791,0.0,0.0,0.0,1.5100145,1.8230245,0.45278206,0.32818758,0.0,0.7873682,0.0,1.1100702,0.0,0.41890475,1.5317078,0.0,1.0889033,0.04042834,1.4877512,0.0,0.03209185,11
B1536,0.0,0.0,0.0,0.0,0.0,1.1049564,0.0,1.3890818,1.3515421,0.0,0.0,1.3821573,0.8083631,0.0,0.0,0.0,1.8878273,1.4568837,0.5132518,0.21420461,0.0,0.86716807,0.0,1.217412,0.0,0.8363085,1.6948254,0.0,1.076594,0.27423343,1.5477948,0.0,0.031179706,11
B1537,0.0,0.0,0.0,0.0,0.0,1.0622169,0.0,1.2057557,1.228828,0.0,0.0,0.9566345,0.55569845,0.0,0.0,0.0,1.2773125,1.4925613,0.38375083,0.22942749,0.0,0.7780125,0.0,0.8283918,0.0,0.34808147,1.3597571,0.0,0.7500348,0.14177966,1.248723,0.0,0.05835739,11
B1538,0.0,0.0,0.0,0.0,0.0,1.1478581,0.0,1.2783012,1.2386949,0.0,0.0,1.0930004,0.55093133,0.0,0.0,0.0,1.4355793,1.3345089,0.41924283,0.22426164,0.0,0.6689148,0.0,0.99074364,0.0,0.5245234,1.353742,0.0,0.826741,0.14034986,1.2952778,0.0,0.05156474,11
B1539,0.0,0.0,0.0,0.0,0.0,1.6024039,0.0,1.4842567,1.458847,0.0,0.0,1.2842159,0.5032281,0.0,0.0,0.0,1.3724841,1.7376469,0.36748213,0.32418644,0.0,0.68663394,0.0,0.96772325,0.0,0.41611424,1.5331752,0.0,1.012438,0.008480176,1.4480093,0.0,0.03652322,11
B1540,0.0,0.0,0.0,0.0,0.0,1.1353433,0.0,1.4266574,1.26827,0.0,0.0,1.3708758,0.76023376,0.0,0.0,0.0,1.8132949,1.5260296,0.5296137,0.241026,0.0,0.8688677,0.0,1.2578206,0.0,0.7005267,1.6726811,0.0,1.0578325,0.2515502,1.4807637,0.0,0.032059044,11
B1541,0.0,0.0,0.0,0.0,0.0,1.0119293,0.0,1.1491013,1.2253637,0.0,0.0,0.82498616,0.49090126,0.0,0.0,0.0,1.0732753,1.4045165,0.32668576,0.20738706,0.0,0.6813723,0.0,0.65842706,0.0,0.21900782,1.1970971,0.0,0.63155216,0.10887237,1.0890296,0.0,0.07545585,11
B1542,0.0,0.0,0.0,0.0,0.0,0.97857076,0.0,1.2272536,1.2551546,0.0,0.0,0.8194627,0.5228731,0.0,0.0,0.0,1.0333823,1.442496,0.34952193,0.194435,0.0,0.71582574,0.0,0.652378,0.0,0.29183456,1.227706,0.0,0.6693225,0.17053932,1.2011501,0.0,0.071367145,11
B1543,0.0,0.0,0.0,0.0,0.0,0.976146,0.0,1.1993222,1.239522,0.0,0.0,0.79734266,0.5063855,0.0,0.0,0.0,0.9826033,1.4252526,0.31236494,0.19019811,0.0,0.6980027,0.0,0.6008097,0.0,0.25343224,1.2034128,0.0,0.61925894,0.15379405,1.148468,0.0,0.076541886,11
B1544,0.0,0.0,0.0,0.0,0.0,0.8299005,0.0,0.20068395,0.99513257,0.0,0.0,0.5670485,0.14060807,0.0,0.0,0.0,0.41446772,1.3810408,0.0,0.1872127,0.0,0.32115403,0.0,0.19403186,0.0,0.0,0.7400888,0.0,0.14809567,0.0,0.8511598,0.0,0.17640539,11
B1545,0.0,0.0,0.0,0.0,0.0,1.0019388,0.0,1.2125071,1.2659031,0.0,0.0,0.8059028,0.5159757,0.0,0.0,0.0,1.0314991,1.4377656,0.309913,0.18905842,0.0,0.7190337,0.0,0.61401993,0.0,0.26451978,1.2415121,0.0,0.6407354,0.14935836,1.2033823,0.0,0.07259952,11
B1546,0.0,0.0,0.0,0.0,0.0,0.8252504,0.0,1.0985928,1.3845763,0.0,0.0,0.46013042,0.36465433,0.0,0.0,0.0,0.5857183,1.376023,0.31037736,0.15777977,0.0,0.6156345,0.0,0.24656433,0.0,0.08265802,1.2795334,0.0,0.46873963,0.1552557,1.0968384,0.0,0.105107084,11
B1547,0.0,0.0,0.0,0.0,0.0,1.1044755,0.0,1.4046229,1.3299663,0.0,0.0,1.3658533,0.7982726,0.0,0.0,0.0,1.8522878,1.4281788,0.5012517,0.21471214,0.0,0.85983163,0.0,1.2028766,0.0,0.82466066,1.6878424,0.0,1.0720589,0.27200478,1.5227363,0.0,0.032181222,11
B1548,0.0,0.0,0.0,0.0,0.0,1.3540113,0.0,1.3553226,1.4435004,0.0,0.0,1.2769331,0.62850004,0.0,0.0,0.0,1.6477817,1.642679,0.38019532,0.26540327,0.0,0.78218627,0.0,0.97346544,0.0,0.5670993,1.5999769,0.0,0.9831977,0.10057202,1.5549622,0.0,0.035521038,11
B1549,0.0,0.0,0.0,0.0,0.0,1.0995075,0.0,1.4009414,1.3122934,0.0,0.0,1.3570032,0.7909787,0.0,0.0,0.0,1.8310052,1.4143759,0.49773425,0.21509302,0.0,0.8537721,0.0,1.1971157,0.0,0.81336784,1.6811743,0.0,1.0573397,0.2723258,1.5058299,0.0,0.032992277,11
B1550,0.0,0.0,0.0,0.0,0.0,0.9473553,0.0,1.2281613,1.1950692,0.0,0.0,0.8896313,0.51389915,0.0,0.0,0.0,1.1498975,1.3203881,0.3931926,0.20455529,0.0,0.65688884,0.0,0.77824026,0.0,0.33572748,1.179283,0.0,0.64046484,0.16233012,1.1129298,0.0,0.07132458,11
B1551,0.0,0.0,0.0,0.0,0.0,1.0649369,0.0,1.3571168,1.3496249,0.0,0.0,1.4383895,0.7816867,0.0,0.0,0.0,1.9548134,1.7861035,0.5310468,0.21653439,0.0,0.8447887,0.0,1.3527207,0.0,0.76770854,1.6223526,0.0,1.0503592,0.25786424,1.5229814,0.0,0.028631628,11
B1552,0.0,0.0,0.0,0.0,0.0,1.0520095,0.0,1.2166042,1.2354419,0.0,0.0,1.0252049,0.57273495,0.0,0.0,0.0,1.2710111,1.4403489,0.40340346,0.21319161,0.0,0.70521826,0.0,0.852985,0.0,0.47039735,1.2780521,0.0,0.80664885,0.17415164,1.2518778,0.0,0.057991207,11
B1553,0.0,0.0,0.0,0.0,0.0,1.102204,0.0,1.3992803,1.3269341,0.0,0.0,1.364901,0.79700196,0.0,0.0,0.0,1.8502362,1.4260315,0.49974197,0.2140306,0.0,0.857865,0.0,1.2008035,0.0,0.8241851,1.6855351,0.0,1.0672399,0.27177924,1.519258,0.0,0.03237714,11
B1554,0.0,0.0,0.0,0.0,0.0,1.0757961,0.0,1.2599539,1.312644,0.0,0.0,1.0185735,0.6058535,0.0,0.0,0.0,1.354922,1.4762069,0.37989676,0.21120793,0.0,0.76803106,0.0,0.83411556,0.0,0.4702144,1.3620296,0.0,0.80104494,0.16563001,1.3291161,0.0,0.053309157,11
B1555,0.0,0.0,0.0,0.0,0.0,1.0596087,0.0,1.2059469,1.1571054,0.0,0.0,0.93098295,0.5312736,0.0,0.0,0.0,1.1685427,1.3792787,0.33970976,0.2221668,0.0,0.71029824,0.0,0.7860061,0.0,0.33307356,1.2541385,0.0,0.7101424,0.13257849,1.144485,0.0,0.066651665,11
B1556,0.0,0.0,0.0,0.0,0.0,1.2161741,0.0,1.2983515,1.3879542,0.0,0.0,1.2088268,0.6435223,0.0,0.0,0.0,1.6122118,1.4905019,0.39488047,0.23183376,0.0,0.7592665,0.0,0.96070105,0.0,0.61561865,1.5041528,0.0,0.93484986,0.1454907,1.4647418,0.0,0.04097983,11
B1557,0.0,0.0,0.0,0.0,0.0,1.1289325,0.0,1.3380313,1.307703,0.0,0.0,0.98795056,0.5897885,0.0,0.0,0.0,1.2521095,1.5943692,0.33778858,0.22359194,0.0,0.78962153,0.0,0.7943701,0.0,0.33970335,1.3401179,0.0,0.7899074,0.13554245,1.3164651,0.0,0.053781696,11
B1558,0.0,0.0,0.0,0.0,0.0,1.0717025,0.0,1.2079551,1.2814169,0.0,0.0,0.9988973,0.59821886,0.0,0.0,0.0,1.4465139,1.448293,0.38269138,0.21110241,0.0,0.7661787,0.0,0.87554824,0.0,0.43475115,1.3808659,0.0,0.7583377,0.14397651,1.3348354,0.0,0.053370148,11
B1559,0.0,0.0,0.0,0.0,0.0,1.063484,0.0,1.1763166,1.1527259,0.0,0.0,0.95454234,0.52802855,0.0,0.0,0.0,1.203477,1.4106694,0.344445,0.21390516,0.0,0.70866144,0.0,0.79827976,0.0,0.34160563,1.2542882,0.0,0.692063,0.12929235,1.1776121,0.0,0.06544371,11
B1560,0.0,0.0,0.0,0.0,0.0,1.0967387,0.0,1.3840072,1.303254,0.0,0.0,1.3497331,0.7856116,0.0,0.0,0.0,1.828459,1.4028816,0.50710607,0.22011852,0.0,0.85140073,0.0,1.2011752,0.0,0.80051184,1.6807889,0.0,1.0537741,0.26982072,1.4889512,0.0,0.03345194,11
B1561,0.0,0.0,0.0,0.0,0.0,0.9373132,0.0,1.196313,1.2604998,0.0,0.0,0.7176356,0.47557673,0.0,0.0,0.0,0.8765533,1.42526,0.30594608,0.18510826,0.0,0.6724595,0.0,0.5108461,0.0,0.19011676,1.172213,0.0,0.5761759,0.1538919,1.1268495,0.0,0.083738096,11
B1562,0.0,0.0,0.0,0.0,0.0,1.0831667,0.0,1.0730747,1.2412188,0.0,0.0,1.1239228,0.59118974,0.0,0.0,0.0,1.3474663,1.7666522,0.3477975,0.2160081,0.0,0.7671825,0.0,0.87689376,0.0,0.4784642,1.3189602,0.0,0.79153347,0.13791457,1.3110738,0.0,0.052163508,11
B1563,0.0,0.0,0.0,0.0,0.0,0.8083222,0.0,0.027755618,1.1173704,0.0,0.0,0.48052362,0.10058206,0.0,0.0,0.0,0.29960674,1.4324754,0.0,0.16482405,0.0,0.296661,0.0,0.09924883,0.0,0.0,0.6811442,0.0,0.074273825,0.0,0.8763095,0.0,0.1925357,11
B1564,0.0,0.0,0.0,0.0,0.0,0.7463327,0.0,0.17971349,1.0061367,0.0,0.0,0.58021206,0.16743752,0.0,0.0,0.0,0.45162582,1.5802618,0.0,0.18818043,0.0,0.3627019,0.0,0.27746475,0.0,0.0,0.7773191,0.0,0.14287424,0.0,0.819082,0.0,0.16697057,11
B1565,0.0,0.0,0.0,0.0,0.0,1.065491,0.0,1.2501209,1.2156433,0.0,0.0,1.079037,0.5244458,0.0,0.0,0.0,1.1846856,1.2550428,0.4557905,0.23713116,0.0,0.49279803,0.0,0.85892236,0.0,0.5296203,1.1778414,0.0,0.85104877,0.15530153,1.0616199,0.0,0.064170666,11
B1566,0.0,0.0,0.0,0.0,0.0,1.2211347,0.0,1.2834585,1.4131566,0.0,0.0,1.2228997,0.65504277,0.0,0.0,0.0,1.6635938,1.5055248,0.39638692,0.23125865,0.0,0.77523386,0.0,0.96429217,0.0,0.6312847,1.5436463,0.0,0.9405737,0.14680746,1.5097091,0.0,0.039332774,11
B1567,0.0,0.0,0.0,0.0,0.0,1.0243086,0.0,1.2302151,1.247517,0.0,0.0,0.9308044,0.5680739,0.0,0.0,0.0,1.2257202,1.4374396,0.35200202,0.20532748,0.0,0.7440723,0.0,0.7708233,0.0,0.36052254,1.2714332,0.0,0.71186876,0.15333374,1.2215781,0.0,0.062677756,11
B1568,0.0,0.0,0.0,0.0,0.0,1.228372,0.0,1.28076,1.4187717,0.0,0.0,1.2222924,0.65145314,0.0,0.0,0.0,1.6689284,1.5145767,0.38087314,0.23240216,0.0,0.77724504,0.0,0.95053726,0.0,0.61356235,1.5457759,0.0,0.92854273,0.13552819,1.5102594,0.0,0.039439447,11
B1569,0.0,0.0,0.0,0.0,0.0,1.099055,0.0,1.3968357,1.329222,0.0,0.0,1.3651853,0.7987056,0.0,0.0,0.0,1.8541975,1.4218776,0.5000609,0.21226184,0.0,0.8564071,0.0,1.2002013,0.0,0.8268715,1.6832305,0.0,1.063035,0.27327573,1.5215101,0.0,0.032418787,11
B1570,0.0,0.0,0.0,0.0,0.0,1.0367731,0.0,1.2558758,1.2922645,0.0,0.0,0.89252615,0.5582714,0.0,0.0,0.0,1.1747862,1.4567947,0.34188107,0.19992891,0.0,0.7519249,0.0,0.7089161,0.0,0.34485066,1.3102684,0.0,0.70266134,0.15961543,1.2750201,0.0,0.06276682,11
B1571,0.0,0.0,0.0,0.0,0.0,0.99259585,0.0,1.209628,1.2750763,0.0,0.0,0.7964707,0.51206577,0.0,0.0,0.0,1.01354,1.4407821,0.29612792,0.18942808,0.0,0.7098913,0.0,0.59191114,0.0,0.2482182,1.2254816,0.0,0.62507015,0.1407488,1.1746874,0.0,0.07441487,11
B1572,0.0,0.0,0.0,0.0,0.0,1.2852572,0.0,1.2653983,1.3149779,0.0,0.0,1.034996,0.42530715,0.0,0.0,0.0,1.0838443,1.4088689,0.3620373,0.26202604,0.0,0.53800344,0.0,0.75156987,0.0,0.39540768,1.2766032,0.0,0.7987247,0.06273129,1.1308615,0.0,0.06192196,11
B1573,0.0,0.0,0.0,0.0,0.0,1.0357144,0.0,1.2373328,1.1827343,0.0,0.0,0.9355259,0.5559128,0.0,0.0,0.0,1.230513,1.4115745,0.40759394,0.21633823,0.0,0.76946735,0.0,0.8301585,0.0,0.3636487,1.335668,0.0,0.705981,0.17631584,1.2414612,0.0,0.061166782,11
B1574,0.0,0.0,0.0,0.0,0.0,1.1106459,0.0,1.3334026,1.2595656,0.0,0.0,1.3988113,0.76376426,0.0,0.0,0.0,1.8121299,1.5323656,0.48346952,0.23000029,0.0,0.8321346,0.0,1.2153597,0.0,0.7662387,1.6650784,0.0,1.0306618,0.25146523,1.4432424,0.0,0.033517342,11
B1575,0.0,0.0,0.0,0.0,0.0,0.90831834,0.0,1.200309,1.2978485,0.0,0.0,0.5816041,0.41045168,0.0,0.0,0.0,0.66994524,1.4217291,0.2880595,0.17541935,0.0,0.64273286,0.0,0.35494035,0.0,0.08892277,1.208358,0.0,0.50353503,0.15465246,1.100322,0.0,0.09553949,11
B1576,0.0,0.0,0.0,0.0,0.0,1.2575527,0.0,1.2669226,1.4355787,0.0,0.0,1.2381129,0.64588916,0.0,0.0,0.0,1.6824887,1.5612292,0.38017806,0.23773275,0.0,0.7741735,0.0,0.95337045,0.0,0.60274684,1.5458212,0.0,0.9349096,0.11999417,1.5138638,0.0,0.03857606,11
B1577,0.0,0.0,0.0,0.0,0.0,0.8610537,0.0,1.1005635,1.1719337,0.0,0.0,0.70860666,0.4469874,0.0,0.0,0.0,0.8576079,1.433904,0.32518983,0.19941561,0.0,0.64375603,0.0,0.5543339,0.0,0.16059686,1.0941122,0.0,0.5120176,0.13929377,0.9659694,0.0,0.0922925,11
B1578,0.0,0.0,0.0,0.0,0.0,1.1358408,0.0,1.2980686,1.2711251,0.0,0.0,0.9451748,0.4665658,0.0,0.0,0.0,1.0110083,1.4619327,0.32274216,0.2451492,0.0,0.6051792,0.0,0.6785876,0.0,0.29058203,1.1994584,0.0,0.67976594,0.099010244,1.0777924,0.0,0.06896971,11
B1579,0.0,0.0,0.0,0.0,0.0,1.1038302,0.0,1.4022038,1.3308458,0.0,0.0,1.3660083,0.79839283,0.0,0.0,0.0,1.8539772,1.4266604,0.50081986,0.21433438,0.0,0.85931575,0.0,1.2014487,0.0,0.82570386,1.6870761,0.0,1.0711637,0.27159017,1.5229058,0.0,0.032214202,11
B1580,0.0,0.0,0.0,0.0,0.0,1.020799,0.0,1.2275531,1.2803327,0.0,0.0,0.7462193,0.48205268,0.0,0.0,0.0,0.8724154,1.5297079,0.27853668,0.19532818,0.0,0.7148326,0.0,0.5091069,0.0,0.13759577,1.2125921,0.0,0.59494203,0.12501886,1.145019,0.0,0.07871322,11
B1581,0.0,0.0,0.0,0.0,0.0,1.4638075,0.0,1.770037,1.4853113,0.0,0.0,1.7048657,0.8625558,0.0,0.0,0.0,1.999206,2.1317718,0.59676796,0.33925563,0.0,1.0650126,0.0,1.4588696,0.0,0.75878596,1.9565997,0.0,1.4111145,0.21535304,1.742374,0.0,0.016438374,11
B1582,0.0,0.0,0.0,0.0,0.0,1.1128253,0.0,1.3761864,1.3429458,0.0,0.0,1.4274577,0.8095366,0.0,0.0,0.0,1.8730111,1.5574869,0.52484685,0.22846565,0.0,0.87525225,0.0,1.2667828,0.0,0.8253398,1.7096665,0.0,1.0607926,0.28880966,1.5491121,0.0,0.030003002,11
B1583,0.0,0.0,0.0,0.0,0.0,1.101655,0.0,1.4165218,1.4126745,0.0,0.0,1.460942,0.8582389,0.0,0.0,0.0,1.957264,1.5778159,0.5202794,0.20901123,0.0,0.8879647,0.0,1.2833759,0.0,0.88282573,1.7122779,0.0,1.1137681,0.2903077,1.6506536,0.0,0.027449189,11
B1584,0.0,0.0,0.0,0.0,0.0,1.0678631,0.0,1.200884,1.2643583,0.0,0.0,0.9319903,0.5550075,0.0,0.0,0.0,1.2207104,1.461651,0.33774716,0.20752603,0.0,0.735736,0.0,0.74896026,0.0,0.34588668,1.2974359,0.0,0.72713304,0.13598248,1.2457294,0.0,0.06205542,11
B1585,0.0,0.0,0.0,0.0,0.0,0.74563676,0.0,0.17494315,1.0073981,0.0,0.0,0.57973385,0.16580793,0.0,0.0,0.0,0.45152667,1.5782244,0.0,0.18799883,0.0,0.36201534,0.0,0.27620512,0.0,0.0,0.7782593,0.0,0.14205033,0.0,0.81851655,0.0,0.16728187,11
B1586,0.0,0.0,0.0,0.0,0.0,1.1114907,0.0,1.404885,1.3520486,0.0,0.0,1.3861217,0.8050518,0.0,0.0,0.0,1.878665,1.466918,0.51425225,0.21613197,0.0,0.86980295,0.0,1.2167064,0.0,0.8313833,1.6997364,0.0,1.0710047,0.27530998,1.5568237,0.0,0.030968545,11
B1587,0.0,0.0,0.0,0.0,0.0,1.2751963,0.0,1.3002543,1.3763835,0.0,0.0,1.2249289,0.61189526,0.0,0.0,0.0,1.5786245,1.5157459,0.3940782,0.2474848,0.0,0.7434175,0.0,0.96107066,0.0,0.5832433,1.5253807,0.0,0.9340363,0.123894304,1.4601269,0.0,0.040728766,11
B1588,0.0,0.0,0.0,0.0,0.0,1.0621525,0.0,1.2121758,1.3065823,0.0,0.0,0.96127385,0.56252563,0.0,0.0,0.0,1.2161869,1.4808886,0.36782357,0.20714921,0.0,0.71658903,0.0,0.75706416,0.0,0.3998171,1.2704508,0.0,0.7699189,0.15091217,1.2483057,0.0,0.060466476,11
B1589,0.0,0.0,0.0,0.0,0.0,1.1745057,0.0,1.5340396,1.2009623,0.0,0.0,1.3922248,0.7492987,0.0,0.0,0.0,1.7063085,1.5426068,0.5368107,0.26049158,0.0,0.88289016,0.0,1.2823788,0.0,0.629608,1.6877221,0.0,1.0174413,0.26572812,1.4772305,0.0,0.032066368,11
B1590,0.0,0.0,0.0,0.0,0.0,0.9571912,0.0,1.220704,1.2651551,0.0,0.0,0.73504376,0.4847364,0.0,0.0,0.0,0.9127597,1.4348276,0.3197446,0.18817669,0.0,0.6921453,0.0,0.5430269,0.0,0.20874807,1.2037939,0.0,0.60126346,0.16053754,1.1753086,0.0,0.0794203,11
B1591,0.0,0.0,0.0,0.0,0.0,1.1109339,0.0,1.2613096,1.3449352,0.0,0.0,1.0574107,0.6202929,0.0,0.0,0.0,1.4441416,1.4927523,0.371241,0.21528833,0.0,0.78272396,0.0,0.8539041,0.0,0.49031734,1.4221394,0.0,0.81512475,0.15558286,1.3852408,0.0,0.049433473,11
B1592,0.0,0.0,0.0,0.0,0.0,0.97066486,0.0,1.2208744,1.2510593,0.0,0.0,0.8154537,0.52130884,0.0,0.0,0.0,1.024978,1.4363015,0.3497069,0.19298518,0.0,0.7094686,0.0,0.64855075,0.0,0.2933822,1.218942,0.0,0.66398424,0.17275703,1.1911323,0.0,0.072300196,11
B1593,0.0,0.0,0.0,0.0,0.0,1.126263,0.0,1.387602,1.3014243,0.0,0.0,1.3921263,0.7839509,0.0,0.0,0.0,1.8386713,1.5381465,0.5003042,0.2288919,0.0,0.86336166,0.0,1.2261198,0.0,0.7794967,1.6820867,0.0,1.0725462,0.25648186,1.5079098,0.0,0.031585876,11
B1594,0.0,0.0,0.0,0.0,0.0,1.3449808,0.0,1.4092557,1.3657067,0.0,0.0,1.0546412,0.45206204,0.0,0.0,0.0,1.1087365,1.5624051,0.2965238,0.2721571,0.0,0.60809535,0.0,0.7187301,0.0,0.32422376,1.2879273,0.0,0.74470174,0.035452932,1.2093232,0.0,0.056473427,11
B1595,0.0,0.0,0.0,0.0,0.0,1.105346,0.0,1.394459,1.2962964,0.0,0.0,1.3575356,0.78639495,0.0,0.0,0.0,1.8274531,1.4381309,0.5072669,0.2198196,0.0,0.85860765,0.0,1.2127113,0.0,0.79003656,1.6831591,0.0,1.0576344,0.26909488,1.504657,0.0,0.032853454,11
B1596,0.0,0.0,0.0,0.0,0.0,1.1038964,0.0,1.4021313,1.3255138,0.0,0.0,1.3647556,0.7967482,0.0,0.0,0.0,1.8489602,1.4285803,0.50066215,0.21526325,0.0,0.85891616,0.0,1.2026982,0.0,0.8217776,1.6869575,0.0,1.0709419,0.271282,1.5193377,0.0,0.032304894,11
B1597,0.0,0.0,0.0,0.0,0.0,1.0296755,0.0,1.2724576,1.283724,0.0,0.0,0.95599747,0.58928895,0.0,0.0,0.0,1.2436974,1.464735,0.3695165,0.20669957,0.0,0.7553703,0.0,0.7974424,0.0,0.41179174,1.2958653,0.0,0.75894576,0.17251565,1.265851,0.0,0.058742285,11
B1598,0.0,0.0,0.0,0.0,0.0,1.0799243,0.0,1.3457465,1.2797328,0.0,0.0,1.012177,0.5780298,0.0,0.0,0.0,1.2697356,1.59866,0.40161204,0.23157506,0.0,0.75218964,0.0,0.8766737,0.0,0.36544973,1.3005036,0.0,0.80013216,0.16084778,1.2910786,0.0,0.05327449,11
B1599,0.0,0.0,0.0,0.0,0.0,1.3322221,0.0,1.3456756,1.3228443,0.0,0.0,1.2255967,0.58447963,0.0,0.0,0.0,1.5063999,1.5570828,0.41460598,0.26894653,0.0,0.7454965,0.0,0.9880589,0.0,0.52418315,1.5156246,0.0,0.93139625,0.10971699,1.4229572,0.0,0.0408618,11
B1600,0.0,0.0,0.0,0.0,0.0,1.0587221,0.0,1.2058257,1.2926134,0.0,0.0,0.99223495,0.58137286,0.0,0.0,0.0,1.3343333,1.4559982,0.3841055,0.21026625,0.0,0.74622464,0.0,0.8174443,0.0,0.43522665,1.3218265,0.0,0.76591915,0.15137756,1.2839775,0.0,0.05683233,11
B1601,0.0,0.0,0.0,0.0,0.0,1.2327133,0.0,1.2648356,1.4153786,0.0,0.0,1.2218956,0.64617866,0.0,0.0,0.0,1.6760442,1.5231512,0.3961153,0.23506162,0.0,0.77707064,0.0,0.96281266,0.0,0.62107825,1.5501435,0.0,0.9488467,0.13420011,1.5132136,0.0,0.03909192,11
B1602,0.0,0.0,0.0,0.0,0.0,1.7965901,0.0,1.3370774,1.4697964,0.0,0.0,1.1366667,0.21059418,0.0,0.0,0.0,0.90504074,1.6208954,0.20811827,0.29499465,0.0,0.43000257,0.0,0.62611246,0.0,0.273096,1.416182,0.0,0.7771417,0.0,1.2968912,0.0,0.05444027,11
B1603,0.0,0.0,0.0,0.0,0.0,0.9214655,0.0,1.1991576,1.2756562,0.0,0.0,0.62664765,0.4305113,0.0,0.0,0.0,0.72502244,1.424255,0.3040747,0.18040533,0.0,0.6525353,0.0,0.40799975,0.0,0.12288499,1.178732,0.0,0.53231853,0.15795948,1.1187234,0.0,0.09180706,11
B1604,0.0,0.0,0.0,0.0,0.0,1.0813224,0.0,1.2768581,1.3196974,0.0,0.0,1.0200598,0.611259,0.0,0.0,0.0,1.3656416,1.4825096,0.37324393,0.21290436,0.0,0.7771286,0.0,0.8375515,0.0,0.46085078,1.3733792,0.0,0.79608774,0.16334805,1.3358421,0.0,0.052585874,11
B1605,0.0,0.0,0.0,0.0,0.0,1.1028285,0.0,1.3988222,1.336956,0.0,0.0,1.3678219,0.8003776,0.0,0.0,0.0,1.8623435,1.4298967,0.5013505,0.2133221,0.0,0.8603536,0.0,1.2029281,0.0,0.83098054,1.6886027,0.0,1.0743704,0.27154094,1.5264075,0.0,0.032033253,11
B1606,0.0,0.0,0.0,0.0,0.0,0.8206645,0.0,0.17581666,1.0394568,0.0,0.0,0.5184661,0.15299168,0.0,0.0,0.0,0.3762924,1.3637661,0.0,0.17874372,0.0,0.34499982,0.0,0.16906452,0.0,0.0,0.7428628,0.0,0.13684916,0.0,0.90035385,0.0,0.17914261,11
B1607,0.0,0.0,0.0,0.0,0.0,1.0580065,0.0,1.2582045,1.3117955,0.0,0.0,0.9703957,0.59514034,0.0,0.0,0.0,1.3028288,1.4701345,0.36700267,0.20511016,0.0,0.7702953,0.0,0.79290134,0.0,0.42594475,1.3479548,0.0,0.76363075,0.16591953,1.3118242,0.0,0.05618722,11
B1608,0.0,0.0,0.0,0.0,0.0,1.138058,0.0,1.2529204,1.2467743,0.0,0.0,0.9816612,0.5215355,0.0,0.0,0.0,1.2436242,1.4100401,0.34552392,0.22746769,0.0,0.6887454,0.0,0.8061821,0.0,0.3463076,1.2851706,0.0,0.71284413,0.10497901,1.1901822,0.0,0.060934927,11
B1609,0.0,0.0,0.0,0.0,0.0,1.3773911,0.0,1.402601,1.3011293,0.0,0.0,1.2168815,0.55274546,0.0,0.0,0.0,1.3829937,1.5709243,0.40892443,0.28174463,0.0,0.69190145,0.0,0.99161255,0.0,0.5025603,1.4252111,0.0,0.9519167,0.09292269,1.3465378,0.0,0.042823426,11
B1610,0.0,0.0,0.0,0.0,0.0,0.99073994,0.0,1.2799706,1.2779328,0.0,0.0,0.87630606,0.5576107,0.0,0.0,0.0,1.1180574,1.463156,0.34689963,0.2037788,0.0,0.73273057,0.0,0.7144226,0.0,0.32770136,1.2478764,0.0,0.6942902,0.16859238,1.2143143,0.0,0.06563356,11
B1611,0.0,0.0,0.0,0.0,0.0,0.90368104,0.0,0.25422138,1.1750654,0.0,0.0,0.7079565,0.19974643,0.0,0.0,0.0,0.6784135,1.5755098,0.034170777,0.21740226,0.0,0.4104576,0.0,0.3772965,0.0,0.0,0.86604816,0.0,0.41231525,0.0,1.0845062,0.0,0.12939633,11
B1612,0.0,0.0,0.0,0.0,0.0,1.1026677,0.0,1.4016974,1.3278475,0.0,0.0,1.3649563,0.7975669,0.0,0.0,0.0,1.8501761,1.4244306,0.49983513,0.21391797,0.0,0.8579748,0.0,1.2005364,0.0,0.82463396,1.6858058,0.0,1.0675018,0.27224466,1.5201864,0.0,0.03235335,11
B1613,0.0,0.0,0.0,0.0,0.0,0.9915663,0.0,1.495038,1.3925416,0.0,0.0,0.96157604,0.5720202,0.0,0.0,0.0,1.1671972,1.6292567,0.38111594,0.2550367,0.0,0.629954,0.0,0.81012994,0.0,0.32781684,1.1880378,0.0,0.76861393,0.14456216,1.1493882,0.0,0.057248224,11
B1614,0.0,0.0,0.0,0.0,0.0,1.2191756,0.0,1.2957335,1.3371866,0.0,0.0,1.1932063,0.6217206,0.0,0.0,0.0,1.5759082,1.4857247,0.43321997,0.2401026,0.0,0.7491485,0.0,0.99516684,0.0,0.5920341,1.4838562,0.0,0.9537972,0.14432928,1.4254341,0.0,0.04191313,11
B1615,0.0,0.0,0.0,0.0,0.0,1.1169219,0.0,1.4243021,1.3113481,0.0,0.0,1.3734608,0.7934021,0.0,0.0,0.0,1.8251903,1.4520566,0.5069189,0.22158322,0.0,0.864708,0.0,1.2168723,0.0,0.8037946,1.7007148,0.0,1.0627869,0.27559632,1.5199414,0.0,0.03196453,11
B1616,0.0,0.0,0.0,0.0,0.0,1.1056149,0.0,1.2525926,1.1312623,0.0,0.0,1.0790361,0.5426931,0.0,0.0,0.0,1.279207,1.3384436,0.40426928,0.22501855,0.0,0.639415,0.0,0.9685452,0.0,0.49458826,1.251411,0.0,0.8681904,0.15780096,1.1823498,0.0,0.057831354,11
B1617,0.0,0.0,0.0,0.0,0.0,1.1671884,0.0,1.4832102,1.343566,0.0,0.0,1.4179504,0.8142149,0.0,0.0,0.0,1.8509803,1.545465,0.5144217,0.23238385,0.0,0.897636,0.0,1.2431266,0.0,0.81696504,1.7359985,0.0,1.1153371,0.2746386,1.5774451,0.0,0.028864028,11
B1618,0.0,0.0,0.0,0.0,0.0,1.0863631,0.0,1.3906581,1.2572867,0.0,0.0,1.3348114,0.77888674,0.0,0.0,0.0,1.7677088,1.372735,0.4824949,0.20725176,0.0,0.82659185,0.0,1.1656749,0.0,0.77349883,1.644094,0.0,0.9729643,0.27837303,1.4708266,0.0,0.035900135,11
B1619,0.0,0.0,0.0,0.0,0.0,0.9946576,0.0,1.2341185,1.192912,0.0,0.0,0.8943163,0.5358859,0.0,0.0,0.0,1.1506823,1.3676021,0.32982546,0.2083209,0.0,0.7140337,0.0,0.742473,0.0,0.30088815,1.2168343,0.0,0.64850485,0.14075942,1.114461,0.0,0.06986325,11
B1620,0.0,0.0,0.0,0.0,0.0,1.1014444,0.0,1.3977628,1.3233632,0.0,0.0,1.3628479,0.7955193,0.0,0.0,0.0,1.8457127,1.4224033,0.49957737,0.21368678,0.0,0.85633296,0.0,1.1982563,0.0,0.82074195,1.6819261,0.0,1.0605901,0.27211118,1.5189826,0.0,0.03258316,11
B1621,0.0,0.0,0.0,0.0,0.0,0.9335244,0.0,1.1757926,1.1433977,0.0,0.0,0.8568728,0.5098205,0.0,0.0,0.0,1.0111141,1.3238288,0.40102705,0.20184189,0.0,0.6351254,0.0,0.7022834,0.0,0.3177715,1.127397,0.0,0.6518466,0.18092763,1.0601616,0.0,0.07855268,11
B1622,0.0,0.0,0.0,0.0,0.0,0.896296,0.0,1.1844522,1.3483874,0.0,0.0,0.56842434,0.3948943,0.0,0.0,0.0,0.6591411,1.5291897,0.26697874,0.19137433,0.0,0.66151446,0.0,0.36838827,0.0,0.0,1.2628441,0.0,0.44407415,0.11991462,1.003487,0.0,0.09545429,11
B1623,0.0,0.0,0.0,0.0,0.0,1.0844684,0.0,1.1413846,1.2160829,0.0,0.0,1.0277976,0.5559712,0.0,0.0,0.0,1.2529397,1.5623193,0.33116692,0.2175557,0.0,0.721507,0.0,0.8068543,0.0,0.3923632,1.2550159,0.0,0.7571733,0.12200211,1.2094831,0.0,0.05994787,11
B1624,0.0,0.0,0.0,0.0,0.0,1.3171073,0.0,1.342827,1.3382387,0.0,0.0,1.1788023,0.5626987,0.0,0.0,0.0,1.4714556,1.4913878,0.35449222,0.26291037,0.0,0.70442915,0.0,0.93890095,0.0,0.48326805,1.4496025,0.0,0.8798828,0.081448555,1.3524356,0.0,0.04474611,11
B1625,0.0,0.0,0.0,0.0,0.0,1.0898566,0.0,1.3418858,1.3028032,0.0,0.0,1.3487065,0.79463387,0.0,0.0,0.0,1.8715928,1.4294803,0.52431214,0.21692413,0.0,0.8576753,0.0,1.2262841,0.0,0.79352516,1.6696028,0.0,1.0581923,0.2695244,1.4962572,0.0,0.033015363,11
B1626,0.0,0.0,0.0,0.0,0.0,1.0320901,0.0,1.1882772,1.2556229,0.0,0.0,0.8510462,0.52004325,0.0,0.0,0.0,1.0540266,1.5802252,0.32687426,0.2061564,0.0,0.74821377,0.0,0.6643443,0.0,0.24289638,1.2282511,0.0,0.6893134,0.13058075,1.1892588,0.0,0.06844612,11
B1627,0.0,0.0,0.0,0.0,0.0,1.1323428,0.0,1.4256208,1.2936722,0.0,0.0,1.3725889,0.7870109,0.0,0.0,0.0,1.8111434,1.4626019,0.5054111,0.2280065,0.0,0.8658854,0.0,1.2149202,0.0,0.78523386,1.6980753,0.0,1.0711973,0.26720947,1.5059688,0.0,0.032127786,11
B1628,0.0,0.0,0.0,0.0,0.0,1.0821333,0.0,1.2518469,1.1850446,0.0,0.0,1.070843,0.58422303,0.0,0.0,0.0,1.4669945,1.3035012,0.4186103,0.21785551,0.0,0.7004156,0.0,0.9836662,0.0,0.50352037,1.350302,0.0,0.82283545,0.15968463,1.2661037,0.0,0.053319555,11
B1629,0.0,0.0,0.0,0.0,0.0,1.2438676,0.0,1.3031756,1.4110084,0.0,0.0,1.2163961,0.6374614,0.0,0.0,0.0,1.628311,1.5102911,0.36596394,0.23590937,0.0,0.76061344,0.0,0.938381,0.0,0.58939093,1.5222247,0.0,0.9179201,0.12485702,1.4797788,0.0,0.040455006,11
B1630,0.0,0.0,0.0,0.0,0.0,1.2310314,0.0,1.100291,1.3345635,0.0,0.0,1.3398402,0.64420795,0.0,0.0,0.0,1.7010946,1.8284281,0.36042082,0.23732086,0.0,0.78308904,0.0,1.0369523,0.0,0.641844,1.4928538,0.0,0.9713504,0.10430236,1.4881032,0.0,0.03725769,11
B1631,0.0,0.0,0.0,0.0,0.0,1.1496537,0.0,1.4703994,1.2718608,0.0,0.0,1.3929403,0.75798714,0.0,0.0,0.0,1.8219919,1.550591,0.5691209,0.25600514,0.0,0.9076312,0.0,1.3187065,0.0,0.69084847,1.7411424,0.0,1.0649252,0.26695487,1.5010446,0.0,0.030077431,11
B1632,0.0,0.0,0.0,0.0,0.0,1.1039059,0.0,1.4024103,1.3290925,0.0,0.0,1.3649825,0.79777896,0.0,0.0,0.0,1.8521855,1.4265103,0.5008992,0.21464294,0.0,0.8593304,0.0,1.2015114,0.0,0.82386035,1.6866348,0.0,1.070792,0.2713698,1.5218556,0.0,0.03225931,11
B1633,0.0,0.0,0.0,0.0,0.0,1.0728904,0.0,1.3975464,1.2198956,0.0,0.0,1.3233974,0.7644055,0.0,0.0,0.0,1.7486244,1.3797417,0.4963557,0.2147264,0.0,0.83127695,0.0,1.1963623,0.0,0.7220759,1.6307547,0.0,0.97013795,0.2773907,1.4537536,0.0,0.036457855,11
B1634,0.0,0.0,0.0,0.0,0.0,1.2122686,0.0,1.1861789,1.2884977,0.0,0.0,1.1921077,0.5921683,0.0,0.0,0.0,1.6145121,1.5413756,0.41319606,0.24387951,0.0,0.7696033,0.0,1.0016785,0.0,0.5588094,1.5082221,0.0,0.9121909,0.11541557,1.4063017,0.0,0.042826965,11
B1635,0.0,0.0,0.0,0.0,0.0,1.187317,0.0,1.4149324,1.2818496,0.0,0.0,0.97856426,0.45775434,0.0,0.0,0.0,1.0124972,1.5980971,0.4421834,0.27409896,0.0,0.65393704,0.0,0.79243845,0.0,0.18723042,1.2624592,0.0,0.7473553,0.10204704,1.122986,0.0,0.06042665,11
B1636,0.0,0.0,0.0,0.0,0.0,1.1549718,0.0,1.2791812,1.255559,0.0,0.0,1.0177703,0.5625236,0.0,0.0,0.0,1.277276,1.5354781,0.37292698,0.2375657,0.0,0.76638204,0.0,0.8373945,0.0,0.3583423,1.3617129,0.0,0.7765486,0.12618999,1.2820297,0.0,0.05441819,11
B1637,0.0,0.0,0.0,0.0,0.0,1.2520199,0.0,1.249296,1.3279468,0.0,0.0,1.14453,0.5693403,0.0,0.0,0.0,1.5452734,1.4296877,0.38652042,0.24420786,0.0,0.6909182,0.0,0.95777607,0.0,0.49527252,1.4263091,0.0,0.8784349,0.08286292,1.3619223,0.0,0.046290573,11
B1638,0.0,0.0,0.0,0.0,0.0,0.7595413,0.0,0.15797687,1.0009692,0.0,0.0,0.52898014,0.14785203,0.0,0.0,0.0,0.3500111,1.5749154,0.0,0.17979895,0.0,0.34553373,0.0,0.19086534,0.0,0.0,0.78531045,0.0,0.12060401,0.0,0.8182686,0.0,0.17651059,11
B1639,0.0,0.0,0.0,0.0,0.0,0.94367224,0.0,1.193356,1.09798,0.0,0.0,0.82837886,0.5145867,0.0,0.0,0.0,1.0254288,1.3647954,0.37324077,0.20883036,0.0,0.70339155,0.0,0.7230518,0.0,0.25420454,1.169904,0.0,0.6294719,0.17260805,1.0992911,0.0,0.07694236,11
B1640,0.0,0.0,0.0,0.0,0.0,1.0495759,0.0,1.3541205,1.2069111,0.0,0.0,1.3162805,0.7378085,0.0,0.0,0.0,1.7475562,1.4307356,0.4946902,0.2217043,0.0,0.82866675,0.0,1.211041,0.0,0.7158372,1.6449062,0.0,0.9621477,0.26820514,1.4268165,0.0,0.036810864,11
B1641,0.0,0.0,0.0,0.0,0.0,1.0035548,0.0,1.2256219,1.293951,0.0,0.0,0.8222357,0.53074193,0.0,0.0,0.0,1.0842181,1.448695,0.33041114,0.19085175,0.0,0.7312813,0.0,0.64163244,0.0,0.2983444,1.2685553,0.0,0.667072,0.15788305,1.2449598,0.0,0.06876058,11
B1642,0.0,0.0,0.0,0.0,0.0,1.0416842,0.0,1.2735544,1.2552425,0.0,0.0,0.9616082,0.5848292,0.0,0.0,0.0,1.2394191,1.4908978,0.3903253,0.21685109,0.0,0.7624178,0.0,0.8217295,0.0,0.38288754,1.2898979,0.0,0.7785851,0.1690844,1.2549398,0.0,0.058230832,11
B1643,0.0,0.0,0.0,0.0,0.0,0.94399464,0.0,1.2442354,1.2328148,0.0,0.0,0.6308227,0.4186089,0.0,0.0,0.0,0.6559644,1.4430445,0.30656624,0.19537216,0.0,0.67494816,0.0,0.40861487,0.0,0.030411586,1.2426647,0.0,0.49073517,0.1525622,1.0588775,0.0,0.09309343,11
B1644,0.0,0.0,0.0,0.0,0.0,1.1476974,0.0,1.2584839,1.2453725,0.0,0.0,1.010459,0.54928756,0.0,0.0,0.0,1.2457722,1.501618,0.35855103,0.23223427,0.0,0.7460489,0.0,0.8142644,0.0,0.36562583,1.3601122,0.0,0.75599885,0.13050023,1.2740114,0.0,0.05651037,11
B1645,0.0,0.0,0.0,0.0,0.0,1.4171658,0.0,1.5357801,1.2978897,0.0,0.0,1.2729814,0.4905218,0.0,0.0,0.0,1.2684567,1.6002331,0.53849936,0.3254127,0.0,0.5784758,0.0,1.0782219,0.0,0.43319407,1.3149446,0.0,0.99837184,0.09578005,1.2208297,0.0,0.04282624,11
B1646,0.0,0.0,0.0,0.0,0.0,1.0133611,0.0,1.2651086,1.1249826,0.0,0.0,0.95463765,0.48428276,0.0,0.0,0.0,1.0423872,1.6133481,0.37048376,0.21468571,0.0,0.6659634,0.0,0.816936,0.0,0.2724491,1.1090741,0.0,0.67257524,0.15243329,1.2184987,0.0,0.06678365,11
B1647,0.0,0.0,0.0,0.0,0.0,1.2072015,0.0,1.3195248,1.3997312,0.0,0.0,1.2046638,0.65733314,0.0,0.0,0.0,1.6296101,1.5001968,0.3885147,0.2302722,0.0,0.77606386,0.0,0.96581423,0.0,0.6081757,1.5052134,0.0,0.93453825,0.14743914,1.4711627,0.0,0.040373605,11
B1648,0.0,0.0,0.0,0.0,0.0,1.084866,0.0,1.2615806,1.3243335,0.0,0.0,1.0186815,0.6093719,0.0,0.0,0.0,1.3817104,1.4899639,0.3778149,0.21348765,0.0,0.78084624,0.0,0.83685035,0.0,0.46125513,1.3807021,0.0,0.80186415,0.15918852,1.3473146,0.0,0.05218153,11
B1649,0.0,0.0,0.0,0.0,0.0,1.0276684,0.0,1.3143935,1.2893324,0.0,0.0,0.97182864,0.59287053,0.0,0.0,0.0,1.2548094,1.4718231,0.35576043,0.21170138,0.0,0.73794496,0.0,0.8181813,0.0,0.4002719,1.2657754,0.0,0.766127,0.16425127,1.2372822,0.0,0.058211386,11
B1650,0.0,0.0,0.0,0.0,0.0,1.0999284,0.0,1.401752,1.3043203,0.0,0.0,1.3559809,0.7883169,0.0,0.0,0.0,1.8214599,1.4096941,0.4963985,0.21557866,0.0,0.85073525,0.0,1.194828,0.0,0.80776626,1.6793644,0.0,1.0501437,0.27258465,1.5001202,0.0,0.033280015,11
B1651,0.0,0.0,0.0,0.0,0.0,0.9528286,0.0,1.2355044,1.1940866,0.0,0.0,0.71563375,0.45309353,0.0,0.0,0.0,0.80276036,1.4515322,0.30127257,0.20642959,0.0,0.6769089,0.0,0.52183855,0.0,0.091816634,1.138392,0.0,0.5238497,0.13789928,1.018556,0.0,0.08792268,11
B1652,0.0,0.0,0.0,0.0,0.0,0.996732,0.0,1.2111728,1.226181,0.0,0.0,0.93653506,0.55242676,0.0,0.0,0.0,1.1710299,1.4139202,0.38176045,0.2084907,0.0,0.69763315,0.0,0.7673288,0.0,0.38025856,1.2191622,0.0,0.7324062,0.1673955,1.1785333,0.0,0.06563843,11
B1653,0.0,0.0,0.0,0.0,0.0,0.7960155,0.0,0.09760523,1.0104425,0.0,0.0,0.44617382,0.13782361,0.0,0.0,0.0,0.2724949,1.3363613,0.0,0.16126959,0.0,0.31888556,0.0,0.08657545,0.0,0.0,0.71783406,0.0,0.07752168,0.0,0.83602524,0.0,0.19821024,11
B1654,0.0,0.0,0.0,0.0,0.0,0.9149002,0.0,1.2002295,1.2667689,0.0,0.0,0.64717954,0.44122687,0.0,0.0,0.0,0.7675758,1.4243731,0.2965633,0.18413031,0.0,0.6503084,0.0,0.43527448,0.0,0.13504837,1.1638378,0.0,0.53328216,0.15231416,1.0935102,0.0,0.09071232,11
B1655,0.0,0.0,0.0,0.0,0.0,0.97280496,0.0,1.1839437,1.2354896,0.0,0.0,0.8661696,0.5165319,0.0,0.0,0.0,1.0243794,1.4369924,0.3710162,0.20669135,0.0,0.66086155,0.0,0.6710839,0.0,0.31037274,1.1621238,0.0,0.6988534,0.16066508,1.1117369,0.0,0.07348034,11
B1656,0.0,0.0,0.0,0.0,0.0,1.3160017,0.0,1.435051,1.3485029,0.0,0.0,1.1914276,0.5869269,0.0,0.0,0.0,1.4176152,1.532922,0.3604645,0.2613539,0.0,0.69668925,0.0,0.94015896,0.0,0.5134259,1.3814232,0.0,0.925117,0.09751624,1.3368256,0.0,0.04398818,11
B1657,0.0,0.0,0.0,0.0,0.0,1.1015276,0.0,1.4000566,1.3278978,0.0,0.0,1.364079,0.7972811,0.0,0.0,0.0,1.8507714,1.4236385,0.49999696,0.21382396,0.0,0.85784966,0.0,1.2004001,0.0,0.8246782,1.6853853,0.0,1.0675217,0.27203578,1.5196383,0.0,0.032386176,11
B1658,0.0,0.0,0.0,0.0,0.0,1.1253364,0.0,1.4253224,1.2683067,0.0,0.0,1.3673956,0.7790194,0.0,0.0,0.0,1.7904878,1.4615552,0.51850283,0.22951624,0.0,0.86608243,0.0,1.23317,0.0,0.74389553,1.6843946,0.0,1.0332121,0.27285844,1.4891181,0.0,0.03284259,11
B1659,0.0,0.0,0.0,0.0,0.0,1.1901251,0.0,1.2175235,1.3082762,0.0,0.0,1.0285857,0.5387053,0.0,0.0,0.0,1.3081336,1.546415,0.3024336,0.23386541,0.0,0.7170126,0.0,0.79924667,0.0,0.35930842,1.3373244,0.0,0.7913463,0.07661861,1.2757033,0.0,0.055112638,11
B1660,0.0,0.0,0.0,0.0,0.0,1.3516971,0.0,1.339354,1.229588,0.0,0.0,1.1847588,0.533708,0.0,0.0,0.0,1.4135275,1.521647,0.39595973,0.28587228,0.0,0.7044321,0.0,0.985756,0.0,0.42759186,1.4733794,0.0,0.9029708,0.076146685,1.3358611,0.0,0.04501628,11
B1661,0.0,0.0,0.0,0.0,0.0,0.9558742,0.0,1.2256298,1.2615387,0.0,0.0,0.73976153,0.4853641,0.0,0.0,0.0,0.91035384,1.4411821,0.31463134,0.18967739,0.0,0.6926291,0.0,0.5422906,0.0,0.20037991,1.203782,0.0,0.5885984,0.15865487,1.1746056,0.0,0.07951632,11
B1662,0.0,0.0,0.0,0.0,0.0,0.8800706,0.0,1.1752033,1.1120621,0.0,0.0,0.86063266,0.533242,0.0,0.0,0.0,1.1409446,1.2553473,0.4118928,0.19370937,0.0,0.6541736,0.0,0.7876688,0.0,0.3511322,1.140112,0.0,0.66848433,0.19290887,1.0661714,0.0,0.07593028,11
B1663,0.0,0.0,0.0,0.0,0.0,1.4829011,0.0,1.5912437,1.2862494,0.0,0.0,1.3460753,0.4470854,0.0,0.0,0.0,1.2015172,1.5596373,0.5707114,0.3583157,0.0,0.52172947,0.0,1.0961046,0.0,0.49401766,1.3336433,0.0,1.0737007,0.08029681,1.2314087,0.0,0.04154561,11
B1664,0.0,0.0,0.0,0.0,0.0,1.10176,0.0,1.3987327,1.3260037,0.0,0.0,1.3638134,0.7966194,0.0,0.0,0.0,1.8494344,1.4245056,0.49958658,0.2139566,0.0,0.8574294,0.0,1.2002923,0.0,0.8235563,1.6849498,0.0,1.0670363,0.27166498,1.5182614,0.0,0.03243175,11
B1665,0.0,0.0,0.0,0.0,0.0,1.1253839,0.0,1.3794677,1.3066168,0.0,0.0,1.3900763,0.786098,0.0,0.0,0.0,1.8418847,1.505349,0.5034516,0.22469334,0.0,0.8625132,0.0,1.2197315,0.0,0.7924539,1.6865474,0.0,1.0515523,0.26147923,1.5058818,0.0,0.03192417,11
B1666,0.0,0.0,0.0,0.0,0.0,1.2370877,0.0,1.2896551,1.4067408,0.0,0.0,1.2162225,0.6428958,0.0,0.0,0.0,1.6522769,1.5170805,0.3886691,0.23744628,0.0,0.7774387,0.0,0.9567291,0.0,0.6021937,1.5441132,0.0,0.93635345,0.13334173,1.5018058,0.0,0.0395588,11
B1667,0.0,0.0,0.0,0.0,0.0,1.0742521,0.0,1.3298726,1.3781781,0.0,0.0,1.4509163,0.77691716,0.0,0.0,0.0,1.9635501,1.7630994,0.52856135,0.21703093,0.0,0.8576761,0.0,1.3292946,0.0,0.80996644,1.670058,0.0,1.0547857,0.25697595,1.5233581,0.0,0.02839221,11
B1668,0.0,0.0,0.0,0.0,0.0,1.1611049,0.0,1.1989962,1.3001871,0.0,0.0,1.0811783,0.58026135,0.0,0.0,0.0,1.3798085,1.5893915,0.3495016,0.22819145,0.0,0.7587856,0.0,0.8412317,0.0,0.4372768,1.3795109,0.0,0.811959,0.11674224,1.3410453,0.0,0.051115844,11
B1669,0.0,0.0,0.0,0.0,0.0,1.0446436,0.0,1.1493021,1.2050617,0.0,0.0,1.0064707,0.48324174,0.0,0.0,0.0,1.1001123,1.4125549,0.44203278,0.22266924,0.0,0.4939863,0.0,0.7996193,0.0,0.45717698,1.1153947,0.0,0.7993474,0.1476509,1.0688828,0.0,0.0688052,11
B1670,0.0,0.0,0.0,0.0,0.0,0.9171497,0.0,1.0394287,1.2445536,0.0,0.0,0.7991508,0.45665327,0.0,0.0,0.0,0.9057405,1.3188754,0.37173855,0.19284075,0.0,0.5531808,0.0,0.56137884,0.0,0.34860703,1.1292167,0.0,0.6352649,0.15143082,1.0068057,0.0,0.08744634,11
B1671,0.0,0.0,0.0,0.0,0.0,1.1028132,0.0,1.4008197,1.3378369,0.0,0.0,1.3679239,0.80052114,0.0,0.0,0.0,1.8617922,1.429584,0.5019107,0.21352762,0.0,0.86073536,0.0,1.202943,0.0,0.83124554,1.6892202,0.0,1.0741844,0.27207196,1.527461,0.0,0.03200691,11
B1672,0.0,0.0,0.0,0.0,0.0,1.0295854,0.0,1.3115084,1.2957337,0.0,0.0,1.3159466,0.79096013,0.0,0.0,0.0,1.9002221,1.3741823,0.52689195,0.20068331,0.0,0.8393485,0.0,1.2226565,0.0,0.7837604,1.6360192,0.0,1.035623,0.26921356,1.4991666,0.0,0.034539316,11
B1673,0.0,0.0,0.0,0.0,0.0,1.116971,0.0,1.2526677,1.2629201,0.0,0.0,1.1301886,0.54146737,0.0,0.0,0.0,1.285942,1.3524897,0.47495687,0.24839664,0.0,0.538953,0.0,0.9177774,0.0,0.53830343,1.2002228,0.0,0.91010964,0.1448853,1.1352041,0.0,0.05697581,11
B1674,0.0,0.0,0.0,0.0,0.0,0.9415163,0.0,0.34849477,1.0385087,0.0,0.0,0.65143985,0.14180681,0.0,0.0,0.0,0.27154827,1.5708582,0.06716429,0.2337958,0.0,0.30034322,0.0,0.24196362,0.0,0.0,0.75537294,0.0,0.33077884,0.0,0.8656142,0.0,0.15717408,11
B1675,0.0,0.0,0.0,0.0,0.0,0.89927936,0.0,1.1316965,1.239187,0.0,0.0,0.6297972,0.42867252,0.0,0.0,0.0,0.7637561,1.4007795,0.29198197,0.17663813,0.0,0.64338636,0.0,0.41349944,0.0,0.09852438,1.1389527,0.0,0.50053066,0.14310372,1.0600827,0.0,0.095890805,11
B1676,0.0,0.0,0.0,0.0,0.0,0.93885076,0.0,1.1433022,1.1637387,0.0,0.0,0.931803,0.49700657,0.0,0.0,0.0,1.080691,1.2216704,0.44778222,0.20769632,0.0,0.51993614,0.0,0.76140326,0.0,0.44307676,1.1204989,0.0,0.7273703,0.16347435,1.0070239,0.0,0.07692987,11
B1677,0.0,0.0,0.0,0.0,0.0,1.0059547,0.0,1.2411145,1.270002,0.0,0.0,0.8252901,0.52641803,0.0,0.0,0.0,1.0577557,1.44877,0.32964468,0.19444749,0.0,0.73017704,0.0,0.64561284,0.0,0.28449145,1.2607876,0.0,0.6612439,0.1597068,1.2326148,0.0,0.06949896,11
B1678,0.0,0.0,0.0,0.0,0.0,1.0850387,0.0,1.3874507,1.1999044,0.0,0.0,1.3136027,0.74157697,0.0,0.0,0.0,1.7072589,1.365281,0.49767983,0.22418666,0.0,0.8301499,0.0,1.191363,0.0,0.7041062,1.6421807,0.0,0.9655465,0.27056777,1.4098387,0.0,0.037524745,11
B1679,0.0,0.0,0.0,0.0,0.0,0.93295705,0.0,1.1840487,1.247875,0.0,0.0,0.7156825,0.47123384,0.0,0.0,0.0,0.86725664,1.4178846,0.31431448,0.18442646,0.0,0.6681,0.0,0.5135515,0.0,0.19399603,1.1626972,0.0,0.57937366,0.15763319,1.1175121,0.0,0.08470604,11
B1680,0.0,0.0,0.0,0.0,0.0,1.2243054,0.0,1.2859725,1.4035774,0.0,0.0,1.2176657,0.64746237,0.0,0.0,0.0,1.6456565,1.5021911,0.38956672,0.23207498,0.0,0.7686315,0.0,0.95691967,0.0,0.61739457,1.5313265,0.0,0.93265426,0.14112565,1.4943296,0.0,0.040027183,11
B1681,0.0,0.0,0.0,0.0,0.0,0.76766294,0.0,0.14863706,1.0052857,0.0,0.0,0.5125696,0.13878891,0.0,0.0,0.0,0.32101655,1.5687393,0.0,0.17660777,0.0,0.33926284,0.0,0.1628797,0.0,0.0,0.78388816,0.0,0.112277865,0.0,0.81992304,0.0,0.1796479,11
B1682,0.0,0.0,0.0,0.0,0.0,1.1128947,0.0,1.2469152,1.3348557,0.0,0.0,1.0425293,0.60250795,0.0,0.0,0.0,1.395233,1.4855341,0.34911865,0.21428035,0.0,0.76137614,0.0,0.81917334,0.0,0.46148455,1.3893348,0.0,0.80561495,0.14296052,1.3515364,0.0,0.051974278,11
B1683,0.0,0.0,0.0,0.0,0.0,1.3099675,0.0,1.3240515,1.3187366,0.0,0.0,1.19624,0.5542371,0.0,0.0,0.0,1.4043801,1.4859495,0.4278526,0.26451027,0.0,0.6428309,0.0,0.9740396,0.0,0.55102885,1.3738744,0.0,0.9451123,0.10548416,1.3041124,0.0,0.045758367,11
B1684,0.0,0.0,0.0,0.0,0.0,1.333624,0.0,1.084387,1.5710893,0.0,0.0,1.0780396,0.31792548,0.0,0.0,0.0,0.70904106,1.3132167,0.5920197,0.27374718,0.0,0.34816697,0.0,0.50738823,0.0,0.54110307,1.486684,0.0,0.6790743,0.091741204,1.1866388,0.0,0.06949847,11
B1685,0.0,0.0,0.0,0.0,0.0,1.0158033,0.0,1.2787725,1.1788069,0.0,0.0,0.79382086,0.48990786,0.0,0.0,0.0,0.91713333,1.4962454,0.37235212,0.21912171,0.0,0.7472067,0.0,0.6334357,0.0,0.15224126,1.248102,0.0,0.619027,0.16566882,1.1710157,0.0,0.07400513,11
B1686,0.0,0.0,0.0,0.0,0.0,1.2879044,0.0,1.3219976,1.3939152,0.0,0.0,1.2038499,0.6100845,0.0,0.0,0.0,1.5755959,1.5253792,0.3598552,0.24971429,0.0,0.7373501,0.0,0.9376819,0.0,0.53914833,1.4883602,0.0,0.9158187,0.09763105,1.4377253,0.0,0.04149523,11
B1687,0.0,0.0,0.0,0.0,0.0,1.0354288,0.0,1.3214858,1.243053,0.0,0.0,1.3057845,0.77054507,0.0,0.0,0.0,1.8211545,1.3505386,0.51163906,0.20675695,0.0,0.8273691,0.0,1.2021236,0.0,0.7490089,1.6239389,0.0,0.99665594,0.26897746,1.451905,0.0,0.03666798,11
B1688,0.0,0.0,0.0,0.0,0.0,0.91527545,0.0,1.2306788,1.2385714,0.0,0.0,0.72745615,0.48376983,0.0,0.0,0.0,0.8682517,1.4118607,0.33397081,0.19723475,0.0,0.6595585,0.0,0.54526997,0.0,0.21579203,1.1569018,0.0,0.58392596,0.16645643,1.087478,0.0,0.083617955,11
B1689,0.0,0.0,0.0,0.0,0.0,1.1027693,0.0,1.4002335,1.336193,0.0,0.0,1.3672378,0.800388,0.0,0.0,0.0,1.8605907,1.4277493,0.5013765,0.21343437,0.0,0.86028755,0.0,1.2022548,0.0,0.8304415,1.6880765,0.0,1.0737702,0.27189043,1.5258865,0.0,0.032075234,11
B1690,0.0,0.0,0.0,0.0,0.0,1.3303106,0.0,1.3040235,1.3389132,0.0,0.0,1.1851084,0.5275301,0.0,0.0,0.0,1.416631,1.4575584,0.37420216,0.26031542,0.0,0.63801014,0.0,0.93811476,0.0,0.5192044,1.4183426,0.0,0.8917049,0.079154536,1.3401496,0.0,0.0464654,11
B1691,0.0,0.0,0.0,0.0,0.0,1.101341,0.0,1.2605395,1.2354181,0.0,0.0,0.9813617,0.55713004,0.0,0.0,0.0,1.2360969,1.4632552,0.33888865,0.22351643,0.0,0.74367833,0.0,0.7982236,0.0,0.35522816,1.3088005,0.0,0.7256156,0.13072094,1.2293721,0.0,0.05958165,11
B1692,0.0,0.0,0.0,0.0,0.0,1.1853285,0.0,1.364511,1.3390145,0.0,0.0,1.5603065,0.7509477,0.0,0.0,0.0,1.9366765,1.9118435,0.48018813,0.24298948,0.0,0.8263721,0.0,1.2882006,0.0,0.79792833,1.6573423,0.0,1.0685656,0.19682056,1.4752884,0.0,0.02724946,11
B1693,0.0,0.0,0.0,0.0,0.0,1.0852216,0.0,1.2438141,1.2524283,0.0,0.0,0.92745566,0.5369433,0.0,0.0,0.0,1.1874855,1.4671195,0.33307245,0.21889302,0.0,0.71915853,0.0,0.7480673,0.0,0.28925502,1.2566475,0.0,0.69448364,0.113604814,1.1893044,0.0,0.06373466,11
B1694,0.0,0.0,0.0,0.0,0.0,1.1303835,0.0,1.3828251,1.2981882,0.0,0.0,1.4014308,0.78574824,0.0,0.0,0.0,1.8291222,1.5164936,0.49166512,0.22787465,0.0,0.8562335,0.0,1.2118812,0.0,0.7949716,1.6911606,0.0,1.062876,0.2589211,1.4992611,0.0,0.03192279,11
B1695,0.0,0.0,0.0,0.0,0.0,1.1993043,0.0,1.5523853,1.2991947,0.0,0.0,1.4399432,0.7910078,0.0,0.0,0.0,1.8201802,1.6321498,0.56636465,0.25535807,0.0,0.9279008,0.0,1.3368485,0.0,0.6819659,1.7277391,0.0,1.0738348,0.27573317,1.5596217,0.0,0.027858071,11
B1696,0.0,0.0,0.0,0.0,0.0,1.2272298,0.0,1.2874155,1.409203,0.0,0.0,1.2200842,0.6486225,0.0,0.0,0.0,1.6527274,1.504448,0.38832358,0.23267257,0.0,0.77077955,0.0,0.95640975,0.0,0.6171751,1.5382073,0.0,0.93185943,0.1403749,1.5012009,0.0,0.03975087,11
B1697,0.0,0.0,0.0,0.0,0.0,1.1328529,0.0,1.2307844,1.3143444,0.0,0.0,1.0364909,0.5773794,0.0,0.0,0.0,1.3399014,1.4753733,0.34364778,0.2158323,0.0,0.73498607,0.0,0.8020902,0.0,0.4497639,1.3724201,0.0,0.7910407,0.13662505,1.3246136,0.0,0.0540884,11
B1698,0.0,0.0,0.0,0.0,0.0,1.0856328,0.0,1.2606071,1.3262858,0.0,0.0,1.0192732,0.6097845,0.0,0.0,0.0,1.3819773,1.4798872,0.36879542,0.2107786,0.0,0.77710825,0.0,0.830273,0.0,0.46154383,1.3881931,0.0,0.78777015,0.16081706,1.3489114,0.0,0.052428592,11
B1699,0.0,0.0,0.0,0.0,0.0,0.9077026,0.0,1.183284,1.1542389,0.0,0.0,0.91595185,0.5644533,0.0,0.0,0.0,1.257571,1.3328718,0.41711745,0.19280113,0.0,0.6729373,0.0,0.84189856,0.0,0.35892862,1.1574216,0.0,0.7033816,0.18033397,1.1310475,0.0,0.068456225,11
B1700,0.0,0.0,0.0,0.0,0.0,1.081902,0.0,1.2990208,1.3224554,0.0,0.0,1.0381064,0.6211956,0.0,0.0,0.0,1.3841085,1.477435,0.3743429,0.21261208,0.0,0.7723582,0.0,0.8586315,0.0,0.47690436,1.3566372,0.0,0.81201136,0.1643311,1.3300135,0.0,0.051692978,11
B1701,0.0,0.0,0.0,0.0,0.0,1.2575545,0.0,1.288047,1.3994467,0.0,0.0,1.2160041,0.6226141,0.0,0.0,0.0,1.6076785,1.5006931,0.3669057,0.23887974,0.0,0.74722224,0.0,0.9323633,0.0,0.5857669,1.5219619,0.0,0.91159964,0.12004881,1.4710684,0.0,0.041136898,11
B1702,0.0,0.0,0.0,0.0,0.0,1.2210187,0.0,1.2449417,1.3403115,0.0,0.0,1.1938761,0.61589044,0.0,0.0,0.0,1.5894313,1.4943125,0.38770825,0.23659143,0.0,0.7514806,0.0,0.9580185,0.0,0.5760144,1.4915872,0.0,0.90723073,0.1255619,1.4205726,0.0,0.04301572,11
B1703,0.0,0.0,0.0,0.0,0.0,1.2169284,0.0,1.3511449,1.2635812,0.0,0.0,1.1765106,0.5873701,0.0,0.0,0.0,1.2370765,1.9997814,0.3654651,0.26918814,0.0,0.8711469,0.0,0.94670683,0.0,0.29274645,1.3738407,0.0,0.900025,0.09927581,1.3091625,0.0,0.044305053,11
B1704,0.0,0.0,0.0,0.0,0.0,0.7330205,0.0,0.10296631,1.0171388,0.0,0.0,0.51958597,0.13256556,0.0,0.0,0.0,0.35222912,1.5659539,0.0,0.17144768,0.0,0.32317725,0.0,0.17180198,0.0,0.0,0.7469396,0.0,0.07707393,0.0,0.8050719,0.0,0.1830376,11
B1705,0.0,0.0,0.0,0.0,0.0,1.1031413,0.0,1.4017625,1.3293935,0.0,0.0,1.3642814,0.7974043,0.0,0.0,0.0,1.8526034,1.4254467,0.5009319,0.21456808,0.0,0.8589089,0.0,1.2011349,0.0,0.82400954,1.6863272,0.0,1.0708711,0.27117917,1.5213559,0.0,0.03228506,11
B1706,0.0,0.0,0.0,0.0,0.0,1.0430092,0.0,1.2079389,1.224451,0.0,0.0,0.9716799,0.53827715,0.0,0.0,0.0,1.2311078,1.4194429,0.4123531,0.22327161,0.0,0.6696762,0.0,0.83506036,0.0,0.38750303,1.2408841,0.0,0.75621676,0.14868183,1.1847316,0.0,0.06226805,11
B1707,0.0,0.0,0.0,0.0,0.0,0.94449186,0.0,1.2195461,1.2474606,0.0,0.0,0.7373789,0.48346412,0.0,0.0,0.0,0.9022663,1.4285036,0.33429116,0.18927097,0.0,0.6862811,0.0,0.5557461,0.0,0.21585147,1.1913291,0.0,0.60396725,0.16993304,1.1648331,0.0,0.08008012,11
B1708,0.0,0.0,0.0,0.0,0.0,1.1373988,0.0,1.4365401,1.2554677,0.0,0.0,1.3662794,0.7717612,0.0,0.0,0.0,1.7657785,1.4580995,0.51142156,0.2362764,0.0,0.86594427,0.0,1.2246842,0.0,0.74246883,1.6950791,0.0,1.0420426,0.26915392,1.4766258,0.0,0.033044685,11
B1709,0.0,0.0,0.0,0.0,0.0,1.036081,0.0,1.2523353,1.2666634,0.0,0.0,0.9357563,0.56158304,0.0,0.0,0.0,1.2130743,1.4722414,0.33690494,0.20880464,0.0,0.7527129,0.0,0.7789451,0.0,0.33829618,1.2792835,0.0,0.7069225,0.14389956,1.2259347,0.0,0.061692823,11
B1710,0.0,0.0,0.0,0.0,0.0,1.2997934,0.0,1.3240454,1.4019556,0.0,0.0,1.2339709,0.6174016,0.0,0.0,0.0,1.5943885,1.5493603,0.36940208,0.25204924,0.0,0.75321907,0.0,0.9505062,0.0,0.5624492,1.5373487,0.0,0.9277592,0.109951876,1.4766347,0.0,0.03965772,11
B1711,0.0,0.0,0.0,0.0,0.0,1.0832708,0.0,1.3829824,1.2350683,0.0,0.0,1.3323755,0.76444674,0.0,0.0,0.0,1.7779168,1.407732,0.5096403,0.22187984,0.0,0.8395845,0.0,1.2115952,0.0,0.72307146,1.6429455,0.0,1.0013943,0.26691714,1.4626164,0.0,0.035370737,11
B1712,0.0,0.0,0.0,0.0,0.0,1.042414,0.0,0.37303346,1.1383157,0.0,0.0,0.80838895,0.17529029,0.0,0.0,0.0,0.7341855,1.7397935,0.030972615,0.25019318,0.0,0.45832184,0.0,0.47812706,0.0,0.0,0.9732063,0.0,0.36647797,0.0,0.92244995,0.0,0.11466826,11
B1713,0.0,0.0,0.0,0.0,0.0,1.0119174,0.0,1.237596,1.2635326,0.0,0.0,1.0010659,0.5829116,0.0,0.0,0.0,1.2760324,1.5997106,0.3461402,0.20495254,0.0,0.7497492,0.0,0.85025257,0.0,0.3959516,1.2495837,0.0,0.7587793,0.14959928,1.2491162,0.0,0.057226162,11
B1714,0.0,0.0,0.0,0.0,0.0,0.9142638,0.0,1.1555814,1.208639,0.0,0.0,0.7081527,0.4653631,0.0,0.0,0.0,0.8498006,1.4063988,0.3252793,0.1885272,0.0,0.6589377,0.0,0.51746583,0.0,0.16232546,1.1347462,0.0,0.5571584,0.15467808,1.065645,0.0,0.08835206,11
B1715,0.0,0.0,0.0,0.0,0.0,1.0035167,0.0,1.3631275,1.2633641,0.0,0.0,1.2805194,0.7638406,0.0,0.0,0.0,1.8297405,1.3514608,0.5174564,0.19873515,0.0,0.84251976,0.0,1.2179196,0.0,0.7599839,1.6498595,0.0,0.9736063,0.28524798,1.489501,0.0,0.036007363,11
B1716,0.0,0.0,0.0,0.0,0.0,0.90438235,0.0,0.83613175,1.4292454,0.0,0.0,0.7178511,0.33856887,0.0,0.0,0.0,0.64014065,1.3100991,0.38401186,0.19626875,0.0,0.43307316,0.0,0.3201747,0.0,0.407433,1.1651068,0.0,0.49392858,0.10260266,0.98783886,0.0,0.10474021,11
B1717,0.0,0.0,0.0,0.0,0.0,1.241567,0.0,1.3038514,1.2970595,0.0,0.0,1.1452286,0.5619301,0.0,0.0,0.0,1.5212288,1.468337,0.39417696,0.25469542,0.0,0.72892517,0.0,0.9907716,0.0,0.48206672,1.457732,0.0,0.88291377,0.09534716,1.3614805,0.0,0.045133792,11
B1718,0.0,0.0,0.0,0.0,0.0,0.95841676,0.0,1.2377968,1.2296134,0.0,0.0,0.81932056,0.5238653,0.0,0.0,0.0,1.0327498,1.4300374,0.375968,0.2015005,0.0,0.7147763,0.0,0.6800884,0.0,0.29280052,1.21323,0.0,0.68099904,0.1811053,1.1849318,0.0,0.071589395,11
B1719,0.0,0.0,0.0,0.0,0.0,1.1037618,0.0,1.4020956,1.3355899,0.0,0.0,1.3679183,0.8002605,0.0,0.0,0.0,1.859117,1.428483,0.5011574,0.21371517,0.0,0.86029655,0.0,1.2023501,0.0,0.8299329,1.6886195,0.0,1.0734351,0.27204406,1.5259202,0.0,0.03206021,11
B1720,0.0,0.0,0.0,0.0,0.0,1.2280854,0.0,1.2804166,1.4115832,0.0,0.0,1.2248832,0.64858985,0.0,0.0,0.0,1.6538494,1.5056266,0.39385706,0.23247454,0.0,0.76793116,0.0,0.9590759,0.0,0.62844515,1.5407152,0.0,0.9395108,0.14256589,1.5043283,0.0,0.039580815,11
B1721,0.0,0.0,0.0,0.0,0.0,1.1594312,0.0,1.2328172,1.3181432,0.0,0.0,1.040299,0.5775144,0.0,0.0,0.0,1.3767459,1.5119158,0.35300612,0.22701204,0.0,0.7521941,0.0,0.8250269,0.0,0.4183178,1.4000539,0.0,0.8093013,0.119865105,1.3420959,0.0,0.051991645,11
B1722,0.0,0.0,0.0,0.0,0.0,0.88119054,0.0,1.146719,1.2715954,0.0,0.0,0.5744121,0.40872443,0.0,0.0,0.0,0.6831182,1.3865107,0.3107896,0.17199302,0.0,0.6365092,0.0,0.36709738,0.0,0.10537948,1.1863127,0.0,0.4899737,0.16044515,1.0777229,0.0,0.09848408,11
B1723,0.0,0.0,0.0,0.0,0.0,1.1035583,0.0,1.402025,1.3280661,0.0,0.0,1.3642089,0.79725826,0.0,0.0,0.0,1.8509018,1.4249516,0.5005832,0.21465005,0.0,0.85859203,0.0,1.2007287,0.0,0.823347,1.6858861,0.0,1.0701036,0.27125692,1.5205109,0.0,0.032323282,11
B1724,0.0,0.0,0.0,0.0,0.0,1.3190782,0.0,1.3086249,1.236948,0.0,0.0,1.140954,0.5206478,0.0,0.0,0.0,1.4620514,1.6024933,0.40580237,0.2693929,0.0,0.7102348,0.0,1.0055454,0.0,0.3743133,1.3719198,0.0,0.9311904,0.042838663,1.3156703,0.0,0.0454845,11
B1725,0.0,0.0,0.0,0.0,0.0,1.1867325,0.0,1.2943778,1.3117964,0.0,0.0,1.1752068,0.61392033,0.0,0.0,0.0,1.5019075,1.448746,0.42630205,0.23276034,0.0,0.71874774,0.0,0.9738179,0.0,0.6093204,1.4135195,0.0,0.9462764,0.15529293,1.368812,0.0,0.045034476,11
B1726,0.0,0.0,0.0,0.0,0.0,1.2043219,0.0,1.2994683,1.2180942,0.0,0.0,1.1265512,0.5572509,0.0,0.0,0.0,1.3740468,1.3763765,0.40840018,0.23733132,0.0,0.6615453,0.0,0.9684145,0.0,0.50383735,1.340251,0.0,0.8627986,0.13539413,1.2765257,0.0,0.051326606,11
B1727,0.0,0.0,0.0,0.0,0.0,1.102452,0.0,1.4007617,1.3277681,0.0,0.0,1.3645493,0.79728657,0.0,0.0,0.0,1.8502978,1.4246098,0.5001424,0.21401843,0.0,0.85824597,0.0,1.2004974,0.0,0.8243896,1.6856925,0.0,1.0671976,0.272098,1.5199367,0.0,0.03236583,11
B1728,0.0,0.0,0.0,0.0,0.0,1.1323776,0.0,1.3694043,1.3201914,0.0,0.0,1.4635091,0.7852078,0.0,0.0,0.0,1.8878847,1.697602,0.46568906,0.20691887,0.0,0.8379062,0.0,1.2229307,0.0,0.8249378,1.6606932,0.0,1.0421355,0.2482099,1.5022696,0.0,0.030086113,11
B1729,0.0,0.0,0.0,0.0,0.0,0.9639615,0.0,1.1241164,1.2504761,0.0,0.0,0.80040795,0.45639107,0.0,0.0,0.0,0.86738855,1.7137549,0.2663041,0.20193118,0.0,0.6973814,0.0,0.59449905,0.0,0.10629775,1.1598629,0.0,0.55291617,0.10484636,1.085515,0.0,0.07908285,11
B1730,0.0,0.0,0.0,0.0,0.0,0.9033825,0.0,1.1096333,1.204259,0.0,0.0,0.7868827,0.48283085,0.0,0.0,0.0,0.9033787,1.366754,0.35616857,0.19398168,0.0,0.61722106,0.0,0.5848054,0.0,0.27880442,1.1068897,0.0,0.61525714,0.16327222,1.0275391,0.0,0.08598209,11
B1731,0.0,0.0,0.0,0.0,0.0,1.1024971,0.0,1.4003317,1.3350759,0.0,0.0,1.3669379,0.80018073,0.0,0.0,0.0,1.8590727,1.4277376,0.5010616,0.21339718,0.0,0.8599565,0.0,1.2020895,0.0,0.8296518,1.6875367,0.0,1.0727345,0.2720275,1.525511,0.0,0.032112338,11
B1732,0.0,0.0,0.0,0.0,0.0,0.88836455,0.0,1.1448013,1.2291278,0.0,0.0,0.5993444,0.42039803,0.0,0.0,0.0,0.69465005,1.3997293,0.3374493,0.18004332,0.0,0.6552245,0.0,0.41907382,0.0,0.08997694,1.215333,0.0,0.5098473,0.1635246,1.0545256,0.0,0.096204035,11
B1733,0.0,0.0,0.0,0.0,0.0,1.0591505,0.0,1.3560499,1.3602537,0.0,0.0,1.3722543,0.79991704,0.0,0.0,0.0,1.9219164,1.480803,0.51233095,0.19595222,0.0,0.858001,0.0,1.2332277,0.0,0.8350102,1.6789091,0.0,1.0305295,0.2789988,1.5781211,0.0,0.0314006,11
B1734,0.0,0.0,0.0,0.0,0.0,0.89703834,0.0,1.1619302,1.1690038,0.0,0.0,0.70486087,0.45958462,0.0,0.0,0.0,0.81347144,1.3808582,0.33463973,0.1959093,0.0,0.6470252,0.0,0.53193855,0.0,0.1668554,1.1163987,0.0,0.5360214,0.15858182,0.997301,0.0,0.091599494,11
B1735,0.0,0.0,0.0,0.0,0.0,1.2737218,0.0,1.3139137,1.3415921,0.0,0.0,1.20352,0.60270214,0.0,0.0,0.0,1.5224242,1.5059646,0.39583766,0.24926281,0.0,0.7256867,0.0,0.95729935,0.0,0.5632466,1.4704584,0.0,0.9301466,0.12090033,1.4147633,0.0,0.042654715,11
B1736,0.0,0.0,0.0,0.0,0.0,0.9238812,0.0,1.1637174,1.2080748,0.0,0.0,0.66717005,0.44104752,0.0,0.0,0.0,0.7831408,1.4086323,0.32896724,0.18714851,0.0,0.67036796,0.0,0.46737096,0.0,0.111734286,1.168846,0.0,0.51544166,0.15671128,1.0807515,0.0,0.09124054,11
B1737,0.0,0.0,0.0,0.0,0.0,1.0076271,0.0,1.1941413,1.2012014,0.0,0.0,0.80960363,0.5008336,0.0,0.0,0.0,1.0053402,1.4708328,0.33706558,0.20439176,0.0,0.7292393,0.0,0.65169674,0.0,0.20431836,1.2130331,0.0,0.62720984,0.14066795,1.1322787,0.0,0.07442149,11
B1738,0.0,0.0,0.0,0.0,0.0,1.2366796,0.0,1.2917265,1.2425144,0.0,0.0,1.1076126,0.5226876,0.0,0.0,0.0,1.4067104,1.3793435,0.45040178,0.2620851,0.0,0.63100034,0.0,1.0040463,0.0,0.47137234,1.3228284,0.0,0.9509915,0.09658916,1.2237513,0.0,0.05044215,11
B1739,0.0,0.0,0.0,0.0,0.0,0.89351904,0.0,1.0376865,1.6472659,0.0,0.0,0.7980964,0.30303198,0.0,0.0,0.0,0.71372116,1.931406,0.1741443,0.24765617,0.0,0.37784532,0.0,0.32373226,0.0,0.330736,1.08481,0.0,0.47836435,0.019476399,1.0523884,0.0,0.08564757,11
B1740,0.0,0.0,0.0,0.0,0.0,0.95464766,0.0,1.2612108,1.3684604,0.0,0.0,0.5970757,0.4231952,0.0,0.0,0.0,0.66138595,1.5385735,0.27985972,0.1820004,0.0,0.68685347,0.0,0.3379443,0.0,0.036986172,1.2984794,0.0,0.5301751,0.1464516,1.1623858,0.0,0.08785646,11
B1741,0.0,0.0,0.0,0.0,0.0,1.1721107,0.0,1.3028716,1.2548747,0.0,0.0,1.1402813,0.500877,0.0,0.0,0.0,1.1661912,1.3126997,0.55609965,0.26415414,0.0,0.4792478,0.0,0.9093789,0.0,0.58945566,1.3103695,0.0,0.94636893,0.16710116,1.1358283,0.0,0.056347013,11
B1742,0.0,0.0,0.0,0.0,0.0,0.72866774,0.0,0.08610821,1.1210951,0.0,0.0,0.42915627,0.18008968,0.0,0.0,0.0,0.37713897,1.479531,0.0,0.14149909,0.0,0.35519275,0.0,0.11013836,0.0,0.0,0.7670997,0.0,0.11569357,0.0,0.8701993,0.0,0.18375936,11
B1743,0.0,0.0,0.0,0.0,0.0,0.79229295,0.0,0.19733489,1.000843,0.0,0.0,0.61176753,0.13440096,0.0,0.0,0.0,0.46214187,1.5770253,0.0,0.19809964,0.0,0.35088646,0.0,0.3001128,0.0,0.0,0.7540644,0.0,0.15206549,0.0,0.797593,0.0,0.164873,11
B1744,0.0,0.0,0.0,0.0,0.0,1.126655,0.0,1.4139527,1.3151743,0.0,0.0,1.3745193,0.7978196,0.0,0.0,0.0,1.8488723,1.4731208,0.5166797,0.22655049,0.0,0.874818,0.0,1.228091,0.0,0.79506034,1.6972486,0.0,1.0890601,0.26756564,1.5252752,0.0,0.031357493,11
B1745,0.0,0.0,0.0,0.0,0.0,1.1367391,0.0,1.2837015,1.2432683,0.0,0.0,0.87514764,0.47303247,0.0,0.0,0.0,0.98069394,1.4976754,0.3047524,0.23260804,0.0,0.6708338,0.0,0.64538044,0.0,0.18119681,1.2129903,0.0,0.6453102,0.091353506,1.0938027,0.0,0.07116275,11
B1746,0.0,0.0,0.0,0.0,0.0,1.1807637,0.0,1.2935518,1.3272755,0.0,0.0,0.8197653,0.44590765,0.0,0.0,0.0,0.91270286,1.636053,0.2632178,0.22794335,0.0,0.72377896,0.0,0.6091851,0.0,0.08252114,1.3104875,0.0,0.6556855,0.0655223,1.1428244,0.0,0.06859997,11
B1747,0.0,0.0,0.0,0.0,0.0,1.1051457,0.0,1.2408928,1.3244326,0.0,0.0,1.0393257,0.61603373,0.0,0.0,0.0,1.4596384,1.4896312,0.38174412,0.22381398,0.0,0.7991145,0.0,0.87442386,0.0,0.48306292,1.443955,0.0,0.8374629,0.15102042,1.3759168,0.0,0.04927867,11
B1748,0.0,0.0,0.0,0.0,0.0,1.2541275,0.0,1.3265392,1.2215047,0.0,0.0,1.1814051,0.5406768,0.0,0.0,0.0,1.2954825,1.4570225,0.44155556,0.25818318,0.0,0.6375963,0.0,0.98334,0.0,0.54358476,1.3328905,0.0,0.9373729,0.1456599,1.2666866,0.0,0.04935682,11
B1749,0.0,0.0,0.0,0.0,0.0,1.0637839,0.0,1.2268277,1.2839198,0.0,0.0,0.9405687,0.5610882,0.0,0.0,0.0,1.2180027,1.4556575,0.3266256,0.20456249,0.0,0.73706466,0.0,0.7350732,0.0,0.36744845,1.2984046,0.0,0.73053616,0.14176026,1.251855,0.0,0.061568465,11
B1750,0.0,0.0,0.0,0.0,0.0,1.0134407,0.0,1.2160113,1.2915049,0.0,0.0,0.84789443,0.5386513,0.0,0.0,0.0,1.1022463,1.4550779,0.29778612,0.19229974,0.0,0.7255529,0.0,0.65026855,0.0,0.29346073,1.2465641,0.0,0.6621818,0.13823247,1.1966116,0.0,0.06904433,11
B1751,0.0,0.0,0.0,0.0,0.0,1.0840293,0.0,1.26351,1.3268566,0.0,0.0,0.985297,0.5954684,0.0,0.0,0.0,1.3424494,1.479939,0.36422375,0.20913522,0.0,0.7786929,0.0,0.79520905,0.0,0.4265019,1.3926109,0.0,0.7655892,0.16008902,1.3541524,0.0,0.053995334,11
B1752,0.0,0.0,0.0,0.0,0.0,1.1045572,0.0,1.4020934,1.3373743,0.0,0.0,1.3696346,0.80104315,0.0,0.0,0.0,1.8609295,1.4311652,0.5018554,0.21395537,0.0,0.86132514,0.0,1.2037183,0.0,0.8311727,1.6899025,0.0,1.074471,0.2722793,1.5273092,0.0,0.031960156,11
B1753,0.0,0.0,0.0,0.0,0.0,1.1196487,0.0,1.4115993,1.2743644,0.0,0.0,1.3748895,0.77928644,0.0,0.0,0.0,1.8002157,1.4784081,0.5149287,0.22763838,0.0,0.86201906,0.0,1.2357306,0.0,0.75045764,1.6833483,0.0,1.0329735,0.27112865,1.4914718,0.0,0.032685205,11
B1754,0.0,0.0,0.0,0.0,0.0,0.99568796,0.0,1.3611255,1.232061,0.0,0.0,1.2686719,0.75037956,0.0,0.0,0.0,1.796607,1.3351862,0.5118263,0.20205249,0.0,0.83269024,0.0,1.2106342,0.0,0.73505414,1.6368698,0.0,0.95444417,0.28273216,1.4647262,0.0,0.037367687,11
B1755,0.0,0.0,0.0,0.0,0.0,1.2213769,0.0,1.3315539,1.3266121,0.0,0.0,1.1849282,0.5985496,0.0,0.0,0.0,1.4368889,1.450514,0.40689865,0.23730981,0.0,0.6819645,0.0,0.95407087,0.0,0.60455596,1.3741552,0.0,0.943085,0.1455289,1.3431616,0.0,0.045939878,11
B1756,0.0,0.0,0.0,0.0,0.0,1.0556985,0.0,1.2192681,1.1494565,0.0,0.0,1.0702015,0.54973143,0.0,0.0,0.0,1.356593,1.2662895,0.45833057,0.21806173,0.0,0.63051504,0.0,0.9899328,0.0,0.5430252,1.2796965,0.0,0.857422,0.1846905,1.2106016,0.0,0.057301108,11
B1757,0.0,0.0,0.0,0.0,0.0,1.1043199,0.0,1.4040961,1.3274701,0.0,0.0,1.3650789,0.7973285,0.0,0.0,0.0,1.8491969,1.4274809,0.50079167,0.21503605,0.0,0.8593655,0.0,1.2021968,0.0,0.82301915,1.686935,0.0,1.0705981,0.27184576,1.520366,0.0,0.032274064,11
B1758,0.0,0.0,0.0,0.0,0.0,1.0841209,0.0,1.2654616,1.220481,0.0,0.0,0.96703786,0.5538362,0.0,0.0,0.0,1.1891737,1.4987086,0.37207347,0.22568046,0.0,0.7605847,0.0,0.8014906,0.0,0.34546852,1.318796,0.0,0.7343079,0.15266457,1.2383504,0.0,0.059693735,11
B1759,0.0,0.0,0.0,0.0,0.0,1.1061683,0.0,1.378186,1.3206046,0.0,0.0,1.0873656,0.4911937,0.0,0.0,0.0,1.1377604,1.4100027,0.46571493,0.2706908,0.0,0.45869428,0.0,0.83054,0.0,0.53488076,1.2012721,0.0,0.9003968,0.12417653,1.0980666,0.0,0.059018806,11
B1760,0.0,0.0,0.0,0.0,0.0,1.274836,0.0,1.3010275,1.3106223,0.0,0.0,1.269705,0.5450103,0.0,0.0,0.0,1.3272235,1.5424391,0.5058583,0.2769061,0.0,0.5891333,0.0,1.0230488,0.0,0.61197543,1.3308543,0.0,0.97583646,0.15786369,1.2661061,0.0,0.045680765,11
B1761,0.0,0.0,0.0,0.0,0.0,1.1654818,0.0,1.4745171,1.3189,0.0,0.0,1.4033248,0.80235565,0.0,0.0,0.0,1.8242742,1.521837,0.5107091,0.23516327,0.0,0.8885865,0.0,1.2327757,0.0,0.7959577,1.7215762,0.0,1.1024601,0.27029574,1.5475932,0.0,0.029961387,11
B1762,0.0,0.0,0.0,0.0,0.0,0.88608783,0.0,1.2180052,1.1770902,0.0,0.0,0.819715,0.5100356,0.0,0.0,0.0,1.0083818,1.3380706,0.39108735,0.20640777,0.0,0.6416768,0.0,0.70340866,0.0,0.29876363,1.1430241,0.0,0.6410958,0.17427754,1.0248439,0.0,0.07885593,11
B1763,0.0,0.0,0.0,0.0,0.0,0.91808176,0.0,1.136826,1.2834861,0.0,0.0,0.69265836,0.466208,0.0,0.0,0.0,0.9022809,1.4129131,0.29891002,0.18030474,0.0,0.66528267,0.0,0.48473975,0.0,0.16211443,1.1609144,0.0,0.539447,0.1343657,1.0907981,0.0,0.086922884,11
B1764,0.0,0.0,0.0,0.0,0.0,1.2453493,0.0,1.3027388,1.3070725,0.0,0.0,1.1700807,0.5918278,0.0,0.0,0.0,1.5067996,1.481965,0.37278807,0.24977791,0.0,0.72327113,0.0,0.9609355,0.0,0.51964426,1.4464421,0.0,0.9015833,0.11154887,1.3639691,0.0,0.044936374,11
B1765,0.0,0.0,0.0,0.0,0.0,1.0331566,0.0,1.3813168,1.3062768,0.0,0.0,1.3532367,0.7959124,0.0,0.0,0.0,1.9195169,1.5083528,0.5286275,0.20288733,0.0,0.85553193,0.0,1.2788417,0.0,0.7612895,1.6642196,0.0,1.0443699,0.27846268,1.5487381,0.0,0.031615876,11
B1766,0.0,0.0,0.0,0.0,0.0,1.1054041,0.0,1.278331,1.3203964,0.0,0.0,1.0495312,0.6167562,0.0,0.0,0.0,1.4214116,1.476671,0.37417883,0.21782266,0.0,0.7837757,0.0,0.8617245,0.0,0.4781729,1.417278,0.0,0.8007917,0.16000226,1.3642274,0.0,0.05028819,11
B1767,0.0,0.0,0.0,0.0,0.0,0.88692534,0.0,1.1313269,1.3329763,0.0,0.0,0.57424414,0.40883124,0.0,0.0,0.0,0.68488336,1.4495137,0.2715345,0.16812262,0.0,0.6369392,0.0,0.32222825,0.0,0.079541564,1.2055984,0.0,0.47689798,0.14436302,1.0957825,0.0,0.09752117,11
B1768,0.0,0.0,0.0,0.0,0.0,1.2858062,0.0,1.3768666,1.3184195,0.0,0.0,1.192384,0.5972772,0.0,0.0,0.0,1.4854825,1.532357,0.40991446,0.25674176,0.0,0.74068135,0.0,0.9936583,0.0,0.5168716,1.448832,0.0,0.91638184,0.118821055,1.3816786,0.0,0.042536475,11
B1769,0.0,0.0,0.0,0.0,0.0,1.07565,0.0,1.4003582,1.3769988,0.0,0.0,1.3898003,0.81310743,0.0,0.0,0.0,1.8921411,1.4183958,0.49998304,0.20012818,0.0,0.8495937,0.0,1.1984714,0.0,0.87131584,1.6960725,0.0,1.0377767,0.2868874,1.5672088,0.0,0.03154067,11
B1770,0.0,0.0,0.0,0.0,0.0,1.1030564,0.0,1.4012439,1.3300612,0.0,0.0,1.3648014,0.797915,0.0,0.0,0.0,1.8534214,1.4256606,0.50079304,0.21430019,0.0,0.8589255,0.0,1.2010367,0.0,0.82497895,1.6861682,0.0,1.0707586,0.27137256,1.521905,0.0,0.03227018,11
B1771,0.0,0.0,0.0,0.0,0.0,0.8634985,0.0,1.087906,1.1464944,0.0,0.0,0.67442995,0.45227167,0.0,0.0,0.0,0.81541216,1.32266,0.33561683,0.18747579,0.0,0.62492675,0.0,0.52359575,0.0,0.18715644,1.0970113,0.0,0.5439806,0.15892977,0.9639664,0.0,0.09659118,11
B1772,0.0,0.0,0.0,0.0,0.0,0.99803114,0.0,1.0918155,1.1719162,0.0,0.0,1.0114772,0.47279623,0.0,0.0,0.0,0.95564854,1.3284466,0.4516269,0.24204037,0.0,0.49062544,0.0,0.7697699,0.0,0.46895036,1.1601825,0.0,0.7329755,0.16815268,0.9759255,0.0,0.07600092,11
B1773,0.0,0.0,0.0,0.0,0.0,1.0976472,0.0,1.2950442,1.3399048,0.0,0.0,1.0514804,0.62798214,0.0,0.0,0.0,1.4266521,1.488064,0.3773874,0.21502835,0.0,0.78653085,0.0,0.86763114,0.0,0.4888746,1.4001963,0.0,0.8195659,0.16363882,1.3657639,0.0,0.049631495,11
B1774,0.0,0.0,0.0,0.0,0.0,0.88948655,0.0,1.1083405,1.4304279,0.0,0.0,0.70842564,0.494332,0.0,0.0,0.0,0.90922976,1.5448664,0.30027875,0.16801697,0.0,0.66262066,0.0,0.45015824,0.0,0.22704272,1.2087052,0.0,0.5536961,0.16609529,1.2159269,0.0,0.08067013,11
B1775,0.0,0.0,0.0,0.0,0.0,1.1231155,0.0,1.4064711,1.299516,0.0,0.0,1.3775091,0.79498744,0.0,0.0,0.0,1.8484738,1.4678088,0.5256832,0.2261826,0.0,0.870908,0.0,1.2383159,0.0,0.77497554,1.6940559,0.0,1.0620046,0.2699632,1.5167072,0.0,0.03170908,11
B1776,0.0,0.0,0.0,0.0,0.0,1.2293062,0.0,1.2820647,1.4129436,0.0,0.0,1.2233453,0.6506908,0.0,0.0,0.0,1.6661563,1.5101514,0.38464707,0.23227903,0.0,0.7756066,0.0,0.95495856,0.0,0.61590135,1.5490501,0.0,0.9268657,0.13876244,1.5125113,0.0,0.039432846,11
B1777,0.0,0.0,0.0,0.0,0.0,1.1941403,0.0,1.3343902,1.389196,0.0,0.0,1.6205435,0.7562622,0.0,0.0,0.0,2.0099385,2.0440712,0.474088,0.24194725,0.0,0.8206049,0.0,1.3052499,0.0,0.8451735,1.6680799,0.0,1.1013091,0.17653483,1.4904234,0.0,0.025182238,11
B1778,0.0,0.0,0.0,0.0,0.0,1.103334,0.0,1.4025025,1.329212,0.0,0.0,1.3645755,0.7978839,0.0,0.0,0.0,1.852385,1.4269205,0.501243,0.21463862,0.0,0.85946995,0.0,1.2025787,0.0,0.8242874,1.6869597,0.0,1.0720997,0.27169457,1.5211309,0.0,0.032243703,11
B1779,0.0,0.0,0.0,0.0,0.0,0.77417696,0.0,0.17774677,0.9878547,0.0,0.0,0.4825163,0.12666157,0.0,0.0,0.0,0.25991917,1.5651097,0.0,0.17653231,0.0,0.34314698,0.0,0.13492876,0.0,0.0,0.78841966,0.0,0.08650392,0.0,0.77645713,0.0,0.18480799,11
B1780,0.0,0.0,0.0,0.0,0.0,1.1261019,0.0,1.4271765,1.3116486,0.0,0.0,1.37796,0.79540056,0.0,0.0,0.0,1.8277209,1.4531524,0.507549,0.22286662,0.0,0.8684784,0.0,1.2165976,0.0,0.8049931,1.7037139,0.0,1.0678302,0.2747235,1.5205586,0.0,0.0317624,11
B1781,0.0,0.0,0.0,0.0,0.0,1.1267297,0.0,1.1960102,1.2482117,0.0,0.0,1.1234486,0.6029751,0.0,0.0,0.0,1.5943223,1.3609439,0.41220897,0.21745595,0.0,0.74466586,0.0,0.9728681,0.0,0.56214297,1.4660625,0.0,0.82543087,0.1456489,1.3856199,0.0,0.04782198,11
B1782,0.0,0.0,0.0,0.0,0.0,0.93939304,0.0,1.2387204,1.2604024,0.0,0.0,0.73494184,0.4865007,0.0,0.0,0.0,0.8929168,1.4342414,0.32252157,0.1929327,0.0,0.6829947,0.0,0.5426686,0.0,0.19996399,1.1870632,0.0,0.5925249,0.16344771,1.1478791,0.0,0.08058869,11
B1783,0.0,0.0,0.0,0.0,0.0,1.1319914,0.0,1.2275522,1.335517,0.0,0.0,1.0305445,0.5815726,0.0,0.0,0.0,1.3575256,1.469775,0.32888493,0.21248388,0.0,0.734245,0.0,0.7890961,0.0,0.4418443,1.3748984,0.0,0.7896683,0.12936373,1.3318341,0.0,0.054025654,11
B1784,0.0,0.0,0.0,0.0,0.0,0.9426838,0.0,1.2031419,1.2331312,0.0,0.0,0.6694249,0.43965217,0.0,0.0,0.0,0.7531503,1.4448403,0.29207644,0.1917219,0.0,0.6718929,0.0,0.44152007,0.0,0.077701226,1.173533,0.0,0.52112365,0.1425852,1.082938,0.0,0.09057452,11
B1785,0.0,0.0,0.0,0.0,0.0,1.0067165,0.0,1.239821,1.2477474,0.0,0.0,0.8250033,0.5210797,0.0,0.0,0.0,1.0464214,1.4373293,0.33830518,0.19631761,0.0,0.7297231,0.0,0.651545,0.0,0.28007126,1.2559564,0.0,0.6599624,0.16296028,1.2207069,0.0,0.070243895,11
B1786,0.0,0.0,0.0,0.0,0.0,1.0127484,0.0,1.3916116,1.211704,0.0,0.0,1.2776238,0.7434014,0.0,0.0,0.0,1.745287,1.3687828,0.5034834,0.21297279,0.0,0.8241557,0.0,1.2166054,0.0,0.71546626,1.6476612,0.0,0.9545608,0.28322697,1.4591744,0.0,0.037273806,11
B1787,0.0,0.0,0.0,0.0,0.0,1.1028559,0.0,1.4025437,1.3278284,0.0,0.0,1.3638551,0.7975183,0.0,0.0,0.0,1.8515443,1.4251454,0.5008204,0.21439499,0.0,0.858759,0.0,1.2016425,0.0,0.82273805,1.6855721,0.0,1.0702554,0.27156413,1.5214095,0.0,0.03231028,11
B1788,0.0,0.0,0.0,0.0,0.0,1.0643963,0.0,1.4162271,1.2966716,0.0,0.0,1.3446562,0.78901684,0.0,0.0,0.0,1.8152313,1.4147714,0.49080646,0.1988781,0.0,0.8474677,0.0,1.190928,0.0,0.7961292,1.6654472,0.0,0.9619686,0.29272604,1.5399048,0.0,0.033933442,11
B1789,0.0,0.0,0.0,0.0,0.0,0.7695833,0.0,1.0579032,1.2517798,0.0,0.0,0.6270175,0.42279822,0.0,0.0,0.0,0.8297618,1.2696257,0.36661083,0.18438004,0.0,0.5296064,0.0,0.47499922,0.0,0.2797586,1.086216,0.0,0.50756156,0.15044019,0.9028494,0.0,0.101663366,11
B1790,0.0,0.0,0.0,0.0,0.0,1.3217894,0.0,1.0721288,1.5521246,0.0,0.0,1.1129122,0.36532778,0.0,0.0,0.0,0.83093494,1.3339865,0.56747586,0.26982298,0.0,0.36669457,0.0,0.56389827,0.0,0.58754134,1.4474022,0.0,0.74927735,0.09935244,1.1920358,0.0,0.06566371,11
B1791,0.0,0.0,0.0,0.0,0.0,0.9859005,0.0,1.1851933,1.2500676,0.0,0.0,0.80167335,0.5122211,0.0,0.0,0.0,0.9980719,1.446729,0.3214742,0.19160797,0.0,0.7036239,0.0,0.60705525,0.0,0.243936,1.2096308,0.0,0.6298344,0.14920235,1.1505591,0.0,0.07542599,11
B1792,0.0,0.0,0.0,0.0,0.0,1.0394738,0.0,1.3139341,1.2376494,0.0,0.0,1.3022135,0.7600012,0.0,0.0,0.0,1.8024123,1.3179677,0.50344014,0.20541307,0.0,0.8167559,0.0,1.1780764,0.0,0.7553906,1.6284211,0.0,0.9730579,0.26953205,1.4248215,0.0,0.03775064,11
B1793,0.0,0.0,0.0,0.0,0.0,0.96418524,0.0,1.0964649,1.1094825,0.0,0.0,0.9346787,0.48775974,0.0,0.0,0.0,1.0476176,1.1815844,0.46952713,0.21096548,0.0,0.5173561,0.0,0.77086467,0.0,0.4660291,1.1394835,0.0,0.74934185,0.18274228,1.0061893,0.0,0.078344464,11
B1794,0.0,0.0,0.0,0.0,0.0,0.9823961,0.0,1.1953973,1.2489847,0.0,0.0,0.86910015,0.54411244,0.0,0.0,0.0,1.0782864,1.4444689,0.32413948,0.20084417,0.0,0.7114972,0.0,0.6833491,0.0,0.31118086,1.2314278,0.0,0.63801676,0.16185,1.154495,0.0,0.070668936,11
B1795,0.0,0.0,0.0,0.0,0.0,1.0233475,0.0,1.3260232,1.2353783,0.0,0.0,1.2855477,0.75680256,0.0,0.0,0.0,1.8228617,1.3515223,0.5208154,0.21264131,0.0,0.8228801,0.0,1.2119249,0.0,0.71516955,1.6149898,0.0,0.99938715,0.26087213,1.4452176,0.0,0.037027426,11
B1796,0.0,0.0,0.0,0.0,0.0,0.99381876,0.0,1.3103158,1.2277906,0.0,0.0,0.7770184,0.44516706,0.0,0.0,0.0,0.8233721,1.5384681,0.31203008,0.22894269,0.0,0.67696834,0.0,0.57599545,0.0,0.048208475,1.1527231,0.0,0.51672006,0.11632838,1.0064763,0.0,0.08187167,11
B1797,0.0,0.0,0.0,0.0,0.0,1.0356462,0.0,1.2789826,1.227064,0.0,0.0,0.9832556,0.5567899,0.0,0.0,0.0,1.2542436,1.4332359,0.37237093,0.22807214,0.0,0.69504,0.0,0.8376795,0.0,0.35681224,1.2318664,0.0,0.760256,0.13944231,1.1680864,0.0,0.060999334,11
B1798,0.0,0.0,0.0,0.0,0.0,1.2803241,0.0,1.3020496,1.338861,0.0,0.0,1.1840482,0.58133405,0.0,0.0,0.0,1.6306295,1.5111377,0.4494479,0.27089226,0.0,0.7743277,0.0,1.0358367,0.0,0.5031668,1.574226,0.0,0.96811086,0.10186437,1.4452654,0.0,0.039652355,11
B1799,0.0,0.0,0.0,0.0,0.0,1.1073675,0.0,1.3949208,1.3086644,0.0,0.0,1.3620389,0.79234505,0.0,0.0,0.0,1.8367925,1.4273925,0.50585175,0.21755187,0.0,0.85912496,0.0,1.2051214,0.0,0.80608237,1.68414,0.0,1.0569178,0.27173474,1.5084814,0.0,0.03271608,11
B1800,0.0,0.0,0.0,0.0,0.0,0.9888567,0.0,1.3553355,1.223227,0.0,0.0,1.2600281,0.7476789,0.0,0.0,0.0,1.7870842,1.319329,0.5078095,0.200104,0.0,0.8250706,0.0,1.2023894,0.0,0.7311888,1.6261642,0.0,0.9473983,0.28204858,1.4574094,0.0,0.038104914,11
B1801,0.0,0.0,0.0,0.0,0.0,1.2700058,0.0,1.291016,1.3004756,0.0,0.0,1.1913463,0.5782014,0.0,0.0,0.0,1.4701498,1.468286,0.39413035,0.25022152,0.0,0.70744276,0.0,0.9533793,0.0,0.5473008,1.4581815,0.0,0.886919,0.12076528,1.3726156,0.0,0.04520536,11
B1802,0.0,0.0,0.0,0.0,0.0,1.1047804,0.0,1.3972104,1.2852868,0.0,0.0,1.351218,0.78350186,0.0,0.0,0.0,1.8142543,1.4224148,0.5063358,0.22103772,0.0,0.8553671,0.0,1.2065088,0.0,0.78330743,1.6789086,0.0,1.0514529,0.2694614,1.4945972,0.0,0.033359066,11
B1803,0.0,0.0,0.0,0.0,0.0,1.0769413,0.0,1.3575051,1.1931227,0.0,0.0,1.3272645,0.7410145,0.0,0.0,0.0,1.7017555,1.3869941,0.45969972,0.21267886,0.0,0.79441094,0.0,1.1525558,0.0,0.72032523,1.6100534,0.0,0.92747396,0.26467434,1.4061415,0.0,0.038692255,11
B1804,0.0,0.0,0.0,0.0,0.0,1.2804179,0.0,1.3347096,1.308645,0.0,0.0,1.1869354,0.5890095,0.0,0.0,0.0,1.4912453,1.4949498,0.3912473,0.25549152,0.0,0.7328224,0.0,0.96560144,0.0,0.5118717,1.4658943,0.0,0.893899,0.11225828,1.36742,0.0,0.043946203,11
B1805,0.0,0.0,0.0,0.0,0.0,1.1026506,0.0,1.40274,1.3263264,0.0,0.0,1.3634517,0.7967527,0.0,0.0,0.0,1.848402,1.4251499,0.5003864,0.21462318,0.0,0.85845864,0.0,1.2014048,0.0,0.8223474,1.6856873,0.0,1.0694114,0.2717895,1.5195798,0.0,0.032365695,11
B1806,0.0,0.0,0.0,0.0,0.0,1.0499873,0.0,1.273735,1.2984207,0.0,0.0,0.96536374,0.59538823,0.0,0.0,0.0,1.2807353,1.4667513,0.3654013,0.20636891,0.0,0.76991177,0.0,0.7956433,0.0,0.41700202,1.3320723,0.0,0.7559097,0.16761966,1.2939408,0.0,0.057001334,11
B1807,0.0,0.0,0.0,0.0,0.0,1.1802578,0.0,1.2980734,1.2474537,0.0,0.0,1.0251591,0.53542376,0.0,0.0,0.0,1.2132254,1.5082705,0.32376757,0.2390801,0.0,0.7096185,0.0,0.8087036,0.0,0.3506055,1.2863684,0.0,0.7554123,0.0989933,1.2093623,0.0,0.05783446,11
B1808,0.0,0.0,0.0,0.0,0.0,1.0826818,0.0,1.3685035,1.2947562,0.0,0.0,1.3487861,0.78693634,0.0,0.0,0.0,1.8356928,1.405761,0.5065134,0.21355262,0.0,0.8470653,0.0,1.2043958,0.0,0.796769,1.6684148,0.0,1.0388365,0.27206048,1.4951224,0.0,0.03376335,11
B1809,0.0,0.0,0.0,0.0,0.0,0.78492606,0.0,1.0574961,1.2753,0.0,0.0,0.50226885,0.37320876,0.0,0.0,0.0,0.68601155,1.3210261,0.29002726,0.16170946,0.0,0.59260595,0.0,0.32493657,0.0,0.07877603,1.1390297,0.0,0.37681592,0.13494062,0.96101654,0.0,0.1114145,11
B1810,0.0,0.0,0.0,0.0,0.0,1.054746,0.0,1.3785365,1.189481,0.0,0.0,1.2997055,0.72994566,0.0,0.0,0.0,1.7196655,1.358056,0.5061946,0.22696368,0.0,0.82855374,0.0,1.2071836,0.0,0.69619566,1.6476793,0.0,0.97096705,0.26697916,1.4102478,0.0,0.037771117,11
B1811,0.0,0.0,0.0,0.0,0.0,1.0783044,0.0,1.2782235,1.2061572,0.0,0.0,0.9652822,0.53104025,0.0,0.0,0.0,1.1117175,1.4776869,0.37490124,0.2319104,0.0,0.7092639,0.0,0.7843573,0.0,0.32758564,1.2496057,0.0,0.73731107,0.14937563,1.1679658,0.0,0.0633871,11
B1812,0.0,0.0,0.0,0.0,0.0,1.0799057,0.0,1.2613032,1.3118825,0.0,0.0,1.0038328,0.5947329,0.0,0.0,0.0,1.32092,1.4730638,0.3486822,0.21011701,0.0,0.7560376,0.0,0.8005189,0.0,0.43278733,1.3366345,0.0,0.78073823,0.15015185,1.3008598,0.0,0.0554246,11
B1813,0.0,0.0,0.0,0.0,0.0,0.89391,0.0,1.0546074,1.3250209,0.0,0.0,0.67048234,0.43917105,0.0,0.0,0.0,0.7689255,1.5514679,0.21280366,0.1758064,0.0,0.6351784,0.0,0.4149036,0.0,0.11703032,1.1539627,0.0,0.49313238,0.132311,1.0521438,0.0,0.09287542,11
B1814,0.0,0.0,0.0,0.0,0.0,1.0805078,0.0,1.3833792,1.2751341,0.0,0.0,1.3404218,0.7711875,0.0,0.0,0.0,1.7996997,1.395216,0.50510883,0.21291888,0.0,0.83726287,0.0,1.1927787,0.0,0.7756963,1.6616516,0.0,0.99367994,0.27649522,1.4946015,0.0,0.034730677,11
B1815,0.0,0.0,0.0,0.0,0.0,1.1813931,0.0,1.1460658,1.191828,0.0,0.0,1.1086612,0.5276286,0.0,0.0,0.0,1.3137218,1.7725298,0.34672165,0.2434904,0.0,0.7773137,0.0,0.90813404,0.0,0.35652286,1.3135298,0.0,0.7743473,0.08876511,1.2456775,0.0,0.05242195,11
B1816,0.0,0.0,0.0,0.0,0.0,1.1032543,0.0,1.401092,1.3336289,0.0,0.0,1.366992,0.79950446,0.0,0.0,0.0,1.8570294,1.4271879,0.5007548,0.21380588,0.0,0.85965633,0.0,1.2015618,0.0,0.82872295,1.6875725,0.0,1.0721335,0.2719144,1.5242363,0.0,0.032148965,11
B1817,0.0,0.0,0.0,0.0,0.0,1.2265576,0.0,1.3715208,1.1677577,0.0,0.0,1.1018159,0.52764046,0.0,0.0,0.0,1.4413109,1.4931784,0.49570972,0.27557206,0.0,0.6893307,0.0,1.1465957,0.0,0.39382055,1.4002757,0.0,0.95871925,0.123401135,1.3091975,0.0,0.045509428,11
B1818,0.0,0.0,0.0,0.0,0.0,1.1147192,0.0,1.4030364,1.317851,0.0,0.0,1.3727341,0.79941124,0.0,0.0,0.0,1.850837,1.4464401,0.5100083,0.21801762,0.0,0.86451447,0.0,1.2138772,0.0,0.80894995,1.6903272,0.0,1.0668858,0.27228478,1.5262073,0.0,0.03194107,11
B1819,0.0,0.0,0.0,0.0,0.0,1.036566,0.0,1.304275,1.2712562,0.0,0.0,0.97392607,0.5912152,0.0,0.0,0.0,1.2694999,1.4635056,0.35702163,0.21280466,0.0,0.747055,0.0,0.8231847,0.0,0.38397285,1.2768669,0.0,0.746101,0.16069385,1.2386143,0.0,0.05829578,11
B1820,0.0,0.0,0.0,0.0,0.0,0.8969507,0.0,1.0989615,1.2285686,0.0,0.0,0.74107766,0.47853893,0.0,0.0,0.0,0.8682107,1.4688597,0.33354315,0.1854299,0.0,0.64809513,0.0,0.54104006,0.0,0.2270982,1.1300867,0.0,0.5921283,0.15773603,1.0676041,0.0,0.086038955,11
B1821,0.0,0.0,0.0,0.0,0.0,0.9249616,0.0,1.116629,1.2559623,0.0,0.0,0.80585307,0.48464018,0.0,0.0,0.0,0.9048018,1.5011721,0.3797906,0.21013018,0.0,0.6412337,0.0,0.5890477,0.0,0.23697656,1.158095,0.0,0.5961934,0.15999085,1.0485767,0.0,0.08113308,11
B1822,0.0,0.0,0.0,0.0,0.0,1.1029072,0.0,1.4024017,1.3250852,0.0,0.0,1.3631253,0.7964456,0.0,0.0,0.0,1.8474857,1.4246148,0.5003962,0.21484083,0.0,0.85811675,0.0,1.2012541,0.0,0.8214349,1.6852897,0.0,1.0691466,0.27166486,1.5184946,0.0,0.03240146,11
B1823,0.0,0.0,0.0,0.0,0.0,0.8990951,0.0,1.2031827,1.1475322,0.0,0.0,0.8033161,0.5035849,0.0,0.0,0.0,1.0485955,1.376468,0.3961696,0.1987314,0.0,0.70670366,0.0,0.7255139,0.0,0.26750478,1.2121675,0.0,0.60805565,0.18880804,1.1634398,0.0,0.07521616,11
B1824,0.0,0.0,0.0,0.0,0.0,1.139446,0.0,1.3459603,1.236615,0.0,0.0,0.94598037,0.46583885,0.0,0.0,0.0,0.92957073,1.5391775,0.40740752,0.24990961,0.0,0.66315705,0.0,0.7318282,0.0,0.18974929,1.2366238,0.0,0.7055394,0.12774216,1.1002437,0.0,0.06677039,11
B1825,0.0,0.0,0.0,0.0,0.0,1.1717088,0.0,1.4686346,1.359148,0.0,0.0,1.427992,0.81728345,0.0,0.0,0.0,1.880573,1.5677313,0.5135357,0.23064648,0.0,0.8986487,0.0,1.2497087,0.0,0.82532626,1.7392633,0.0,1.1285648,0.26866078,1.5837717,0.0,0.02828136,11
B1826,0.0,0.0,0.0,0.0,0.0,1.2582958,0.0,1.3000997,1.348877,0.0,0.0,1.1954241,0.60333955,0.0,0.0,0.0,1.5428773,1.4889557,0.39636576,0.24560231,0.0,0.7261713,0.0,0.9606357,0.0,0.56446207,1.4721272,0.0,0.9247267,0.12021721,1.4122052,0.0,0.042876747,11
B1827,0.0,0.0,0.0,0.0,0.0,1.0724947,0.0,1.227908,1.2321495,0.0,0.0,0.9624859,0.5390825,0.0,0.0,0.0,1.1629955,1.4815643,0.39283705,0.22267091,0.0,0.7091892,0.0,0.7973107,0.0,0.35398835,1.2604021,0.0,0.74668974,0.15347625,1.205031,0.0,0.062071186,11
B1828,0.0,0.0,0.0,0.0,0.0,1.1358505,0.0,1.433901,1.25561,0.0,0.0,1.3649886,0.7719845,0.0,0.0,0.0,1.7657676,1.4553056,0.51042837,0.2352599,0.0,0.86521554,0.0,1.2231905,0.0,0.7441586,1.6939278,0.0,1.0408766,0.26955706,1.4752614,0.0,0.033134736,11
B1829,0.0,0.0,0.0,0.0,0.0,1.1204245,0.0,1.2963496,1.256865,0.0,0.0,1.0344955,0.56194663,0.0,0.0,0.0,1.2345634,1.4830391,0.3693661,0.229748,0.0,0.70685846,0.0,0.8325107,0.0,0.4125868,1.2788614,0.0,0.8149258,0.14047042,1.2284765,0.0,0.056792237,11
B1830,0.0,0.0,0.0,0.0,0.0,1.0185555,0.0,1.2467803,1.2594777,0.0,0.0,0.88176364,0.55093205,0.0,0.0,0.0,1.1389679,1.440593,0.353258,0.20003182,0.0,0.74245995,0.0,0.7154974,0.0,0.34128922,1.2793099,0.0,0.70028853,0.16762508,1.240146,0.0,0.065053634,11
B1831,0.0,0.0,0.0,0.0,0.0,1.3022976,0.0,1.3481464,1.3233243,0.0,0.0,1.2096143,0.58774835,0.0,0.0,0.0,1.4916704,1.5262148,0.39113918,0.26005644,0.0,0.7354362,0.0,0.9688591,0.0,0.5254997,1.4888607,0.0,0.90766156,0.11424267,1.4024673,0.0,0.042426758,11
B1832,0.0,0.0,0.0,0.0,0.0,1.1490288,0.0,1.2664251,1.3090223,0.0,0.0,1.03879,0.5820035,0.0,0.0,0.0,1.3566879,1.5160202,0.35499746,0.22931115,0.0,0.7556505,0.0,0.83565706,0.0,0.41166794,1.3717673,0.0,0.81216705,0.12245838,1.3172892,0.0,0.052314837,11
B1833,0.0,0.0,0.0,0.0,0.0,1.1566703,0.0,1.4494382,1.2770758,0.0,0.0,1.3896942,0.78503066,0.0,0.0,0.0,1.8022435,1.5041016,0.523903,0.24027015,0.0,0.88158315,0.0,1.2448366,0.0,0.74408084,1.7043762,0.0,1.0619196,0.26751992,1.5029745,0.0,0.03137482,11
B1834,0.0,0.0,0.0,0.0,0.0,1.3166363,0.0,1.3876193,1.3592165,0.0,0.0,1.2407146,0.6045063,0.0,0.0,0.0,1.4735112,1.5813402,0.42947158,0.2625214,0.0,0.7219129,0.0,0.9994401,0.0,0.60300696,1.4581703,0.0,1.0204005,0.13189301,1.4201266,0.0,0.03986158,11
B1835,0.0,0.0,0.0,0.0,0.0,1.121601,0.0,1.2342925,1.3092296,0.0,0.0,1.027654,0.5724041,0.0,0.0,0.0,1.3060358,1.4522167,0.3501441,0.21349198,0.0,0.71411145,0.0,0.8015179,0.0,0.45591566,1.3349192,0.0,0.8027269,0.13943624,1.2964911,0.0,0.05565866,11
B1836,0.0,0.0,0.0,0.0,0.0,1.1017529,0.0,1.3982875,1.3323427,0.0,0.0,1.365886,0.79805315,0.0,0.0,0.0,1.8556912,1.4249691,0.50075585,0.21376187,0.0,0.85819435,0.0,1.1994424,0.0,0.8271359,1.6866068,0.0,1.0676932,0.2713937,1.5234877,0.0,0.03228077,11
B1837,0.0,0.0,0.0,0.0,0.0,0.912766,0.0,1.1815591,1.1648748,0.0,0.0,0.7080213,0.46081486,0.0,0.0,0.0,0.82430077,1.3957753,0.33544314,0.1983526,0.0,0.6589464,0.0,0.53901654,0.0,0.14520738,1.1167679,0.0,0.5355726,0.15567482,1.009412,0.0,0.09017875,11
B1838,0.0,0.0,0.0,0.0,0.0,1.0974784,0.0,1.2329774,1.2823622,0.0,0.0,0.9506271,0.5585723,0.0,0.0,0.0,1.2308896,1.4949734,0.32392573,0.21315756,0.0,0.7510822,0.0,0.74277455,0.0,0.33662206,1.3283424,0.0,0.7289438,0.12981798,1.2703485,0.0,0.05978456,11
B1839,0.0,0.0,0.0,0.0,0.0,1.0735345,0.0,1.4004084,1.2393754,0.0,0.0,1.3280473,0.7745991,0.0,0.0,0.0,1.7777531,1.3863683,0.50097066,0.21158724,0.0,0.83658445,0.0,1.2055418,0.0,0.74016416,1.6432655,0.0,0.9901878,0.27961683,1.4770513,0.0,0.035441916,11
B1840,0.0,0.0,0.0,0.0,0.0,1.2405976,0.0,1.2774835,1.3828471,0.0,0.0,1.2156277,0.6223246,0.0,0.0,0.0,1.5843974,1.4848058,0.39209363,0.23560955,0.0,0.7330444,0.0,0.94906324,0.0,0.61604965,1.500185,0.0,0.93300664,0.13529295,1.4543695,0.0,0.041724678,11
B1841,0.0,0.0,0.0,0.0,0.0,1.1037462,0.0,1.3987868,1.3299589,0.0,0.0,1.3656763,0.7969106,0.0,0.0,0.0,1.8518683,1.4243877,0.50031507,0.21439786,0.0,0.85838735,0.0,1.1980368,0.0,0.8254515,1.6863561,0.0,1.0658209,0.27109736,1.5208071,0.0,0.03235674,11
B1842,0.0,0.0,0.0,0.0,0.0,0.85074437,0.0,1.1068227,1.1643536,0.0,0.0,0.6725158,0.45258,0.0,0.0,0.0,0.9240668,1.3208909,0.34822175,0.170051,0.0,0.6637486,0.0,0.56099445,0.0,0.17105609,1.1138469,0.0,0.50315905,0.15791544,1.0658929,0.0,0.091648825,11
B1843,0.0,0.0,0.0,0.0,0.0,1.2635636,0.0,1.273041,1.4189196,0.0,0.0,1.2270808,0.62573266,0.0,0.0,0.0,1.6241208,1.5095723,0.3654222,0.23704468,0.0,0.7421844,0.0,0.9304534,0.0,0.6033673,1.5266893,0.0,0.92213905,0.11793713,1.4868279,0.0,0.040538486,11
B1844,0.0,0.0,0.0,0.0,0.0,1.006428,0.0,1.1799796,1.2956471,0.0,0.0,0.86865187,0.55491275,0.0,0.0,0.0,1.1623622,1.4347472,0.335417,0.1899926,0.0,0.72756517,0.0,0.6847926,0.0,0.35233957,1.2821903,0.0,0.67439824,0.16115884,1.2372496,0.0,0.06647939,11
B1845,0.0,0.0,0.0,0.0,0.0,0.8894971,0.0,1.3071965,1.3250659,0.0,0.0,0.85547334,0.50210506,0.0,0.0,0.0,1.08683,1.3914812,0.3553118,0.21908104,0.0,0.5627945,0.0,0.67327696,0.0,0.3186435,1.1147497,0.0,0.6369318,0.12279777,1.0342033,0.0,0.074326284,11
B1846,0.0,0.0,0.0,0.0,0.0,0.94439846,0.0,1.2298906,1.213867,0.0,0.0,0.8661481,0.5269863,0.0,0.0,0.0,1.0311882,1.4418805,0.3803355,0.21321784,0.0,0.6684624,0.0,0.69729966,0.0,0.30022442,1.1537693,0.0,0.682407,0.16736364,1.0936661,0.0,0.073100656,11
B1847,0.0,0.0,0.0,0.0,0.0,1.0033062,0.0,1.2173362,1.2343562,0.0,0.0,0.8800608,0.55344,0.0,0.0,0.0,1.1897557,1.4192255,0.38447925,0.20545587,0.0,0.7565736,0.0,0.75615954,0.0,0.35274523,1.3003721,0.0,0.718203,0.17166102,1.2372786,0.0,0.06412301,11
B1848,0.0,0.0,0.0,0.0,0.0,1.1883508,0.0,1.3475077,1.3735031,0.0,0.0,1.5943818,0.7756219,0.0,0.0,0.0,1.9697821,1.9272227,0.4639411,0.23587805,0.0,0.8335516,0.0,1.2799997,0.0,0.86178887,1.6866974,0.0,1.095053,0.20616272,1.5103037,0.0,0.026145995,11
B1849,0.0,0.0,0.0,0.0,0.0,1.2088848,0.0,1.3089488,1.3830065,0.0,0.0,1.2056239,0.64590776,0.0,0.0,0.0,1.602633,1.4929314,0.39853662,0.2310147,0.0,0.75811064,0.0,0.9689273,0.0,0.6138644,1.4889023,0.0,0.9363805,0.14873642,1.4525728,0.0,0.041172273,11
B1850,0.0,0.0,0.0,0.0,0.0,0.92225885,0.0,1.1672952,1.2487144,0.0,0.0,0.70845705,0.4678419,0.0,0.0,0.0,0.8553024,1.4129598,0.31190625,0.18262887,0.0,0.6588105,0.0,0.49967486,0.0,0.19106875,1.1488668,0.0,0.56983423,0.1559771,1.0979636,0.0,0.08661161,11
B1851,0.0,0.0,0.0,0.0,0.0,0.97325927,0.0,1.2178457,1.2434627,0.0,0.0,0.7364849,0.47444385,0.0,0.0,0.0,0.87366635,1.4517165,0.30529484,0.19383384,0.0,0.69416773,0.0,0.52560335,0.0,0.16384074,1.1976014,0.0,0.5715054,0.14795649,1.1296923,0.0,0.08171806,11
B1852,0.0,0.0,0.0,0.0,0.0,0.98486125,0.0,1.2665181,1.2398441,0.0,0.0,0.9373952,0.56091034,0.0,0.0,0.0,1.144491,1.4370508,0.38054383,0.21094787,0.0,0.69927305,0.0,0.77872217,0.0,0.38747635,1.2132434,0.0,0.748054,0.18034855,1.1745857,0.0,0.064596094,11
B1853,0.0,0.0,0.0,0.0,0.0,1.1116588,0.0,1.2586782,1.2793267,0.0,0.0,1.0036781,0.56942046,0.0,0.0,0.0,1.2530514,1.4871328,0.36187607,0.21970773,0.0,0.7300291,0.0,0.8047027,0.0,0.40467143,1.3098207,0.0,0.7934072,0.13997343,1.2673528,0.0,0.056942947,11
B1854,0.0,0.0,0.0,0.0,0.0,1.0532962,0.0,1.3140532,1.2311308,0.0,0.0,1.3255682,0.7419684,0.0,0.0,0.0,1.7778811,1.4205718,0.47898299,0.20529331,0.0,0.80752087,0.0,1.1738367,0.0,0.7451916,1.6093079,0.0,0.9539956,0.25848955,1.4153628,0.0,0.037452932,11
B1855,0.0,0.0,0.0,0.0,0.0,0.9178933,0.0,1.1420686,1.2875042,0.0,0.0,0.8513299,0.5332297,0.0,0.0,0.0,1.0742352,1.4068019,0.36032706,0.18676391,0.0,0.6569406,0.0,0.6425532,0.0,0.33113503,1.1633364,0.0,0.6344691,0.1678501,1.1336541,0.0,0.074875735,11
B1856,0.0,0.0,0.0,0.0,0.0,1.1133687,0.0,1.405181,1.3339258,0.0,0.0,1.3826115,0.80232465,0.0,0.0,0.0,1.8591332,1.4513478,0.5073918,0.21606004,0.0,0.8637918,0.0,1.2086867,0.0,0.82347655,1.6905588,0.0,1.0609304,0.27499035,1.5393099,0.0,0.03164773,11
B1857,0.0,0.0,0.0,0.0,0.0,1.1349607,0.0,1.4345379,1.2528392,0.0,0.0,1.3664489,0.77225304,0.0,0.0,0.0,1.7649208,1.4554513,0.5102909,0.23457493,0.0,0.864299,0.0,1.223472,0.0,0.7418336,1.6908942,0.0,1.0352511,0.27029115,1.4766724,0.0,0.03319546,11
B1858,0.0,0.0,0.0,0.0,0.0,1.3875908,0.0,1.3404722,1.4464383,0.0,0.0,1.2735766,0.60815734,0.0,0.0,0.0,1.6112263,1.6555103,0.34584093,0.26686472,0.0,0.7548456,0.0,0.94121504,0.0,0.5489315,1.5647252,0.0,0.9723705,0.07504453,1.5343448,0.0,0.036670696,11
B1859,0.0,0.0,0.0,0.0,0.0,1.1039759,0.0,1.4025228,1.3285363,0.0,0.0,1.3649994,0.7974255,0.0,0.0,0.0,1.8510214,1.4256048,0.5004231,0.21465318,0.0,0.85878986,0.0,1.2007041,0.0,0.82392263,1.6863265,0.0,1.070086,0.27140114,1.5209998,0.0,0.032296535,11
B1860,0.0,0.0,0.0,0.0,0.0,1.2291067,0.0,1.3193585,1.322061,0.0,0.0,1.1610504,0.5819081,0.0,0.0,0.0,1.5046552,1.4603854,0.38421845,0.24097303,0.0,0.71744156,0.0,0.9697499,0.0,0.5238105,1.436126,0.0,0.86264855,0.11674919,1.3618598,0.0,0.045404904,11
B1861,0.0,0.0,0.0,0.0,0.0,1.2389822,0.0,1.2783496,1.3934792,0.0,0.0,1.2030702,0.6331091,0.0,0.0,0.0,1.6515783,1.5382757,0.40449032,0.24747807,0.0,0.7862568,0.0,0.9862343,0.0,0.5984496,1.5504706,0.0,0.9969197,0.12599395,1.489639,0.0,0.03901458,11
B1862,0.0,0.0,0.0,0.0,0.0,0.81626326,0.0,1.0894978,1.3110809,0.0,0.0,0.5428646,0.40715617,0.0,0.0,0.0,0.7068211,1.3683096,0.32695097,0.17419642,0.0,0.6024554,0.0,0.3607283,0.0,0.1685399,1.1929685,0.0,0.48486665,0.1569345,1.040472,0.0,0.100938715,11
B1863,0.0,0.0,0.0,0.0,0.0,0.9119175,0.0,1.1663954,1.305397,0.0,0.0,0.52270436,0.3778668,0.0,0.0,0.0,0.56548506,1.4634377,0.23547255,0.17744577,0.0,0.6499468,0.0,0.31156856,0.0,0.0,1.245678,0.0,0.42810473,0.121729866,0.98249745,0.0,0.10309616,11
B1864,0.0,0.0,0.0,0.0,0.0,1.0642954,0.0,1.2122477,1.228483,0.0,0.0,0.93430185,0.53956497,0.0,0.0,0.0,1.1639274,1.4534147,0.3572081,0.21364102,0.0,0.721845,0.0,0.76397336,0.0,0.34015235,1.2685535,0.0,0.7176658,0.1433596,1.2054237,0.0,0.063953854,11
B1865,0.0,0.0,0.0,0.0,0.0,1.2844889,0.0,1.3365455,1.3781254,0.0,0.0,1.2083981,0.61519384,0.0,0.0,0.0,1.564718,1.5511307,0.3767171,0.25164196,0.0,0.7484211,0.0,0.9561095,0.0,0.54797983,1.4822409,0.0,0.9404725,0.10711962,1.4354742,0.0,0.040908672,11
B1866,0.0,0.0,0.0,0.0,0.0,1.2170928,0.0,1.2697468,1.4009492,0.0,0.0,1.19496,0.631996,0.0,0.0,0.0,1.6676157,1.4949827,0.391473,0.23354277,0.0,0.7734213,0.0,0.97003853,0.0,0.58759046,1.5381322,0.0,0.91924226,0.12488815,1.4878707,0.0,0.04036283,11
B1867,0.0,0.0,0.0,0.0,0.0,1.2154043,0.0,1.32478,1.2216027,0.0,0.0,1.1743238,0.5339909,0.0,0.0,0.0,1.2662199,1.4061422,0.45883203,0.25804573,0.0,0.59638727,0.0,0.9649371,0.0,0.5542118,1.286583,0.0,0.92927206,0.15462586,1.2144607,0.0,0.05200041,11
B1868,0.0,0.0,0.0,0.0,0.0,1.007488,0.0,1.2252502,1.2447815,0.0,0.0,0.818515,0.51385045,0.0,0.0,0.0,1.0046598,1.4577636,0.32472008,0.19799317,0.0,0.72240955,0.0,0.6280407,0.0,0.24756408,1.2374374,0.0,0.64062333,0.15334252,1.172894,0.0,0.072716914,11
B1869,0.0,0.0,0.0,0.0,0.0,1.1206781,0.0,1.4083096,1.311532,0.0,0.0,1.3670409,0.79584837,0.0,0.0,0.0,1.8477701,1.4632756,0.51552314,0.22466774,0.0,0.87174296,0.0,1.2238774,0.0,0.7930683,1.6924098,0.0,1.0859348,0.26686966,1.5227692,0.0,0.031691007,11
B1870,0.0,0.0,0.0,0.0,0.0,1.5645714,0.0,1.3162421,1.605128,0.0,0.0,1.3698733,0.36886138,0.0,0.0,0.0,1.0259234,1.5284188,0.62827265,0.3273691,0.0,0.29323596,0.0,0.79892856,0.0,0.6744629,1.5022104,0.0,0.9766178,0.06399377,1.2577775,0.0,0.04580161,11
B1871,0.0,0.0,0.0,0.0,0.0,1.0251895,0.0,1.1734301,1.2315965,0.0,0.0,0.8796746,0.5309324,0.0,0.0,0.0,1.0913359,1.4979429,0.31841052,0.19758229,0.0,0.7266655,0.0,0.68306416,0.0,0.29183814,1.224792,0.0,0.6646781,0.14018646,1.1872525,0.0,0.06914068,11
B1872,0.0,0.0,0.0,0.0,0.0,0.9530761,0.0,1.1359842,1.2888579,0.0,0.0,0.92270505,0.50090575,0.0,0.0,0.0,1.0383633,1.3631579,0.5314956,0.21032058,0.0,0.5837021,0.0,0.7419568,0.0,0.48023194,1.2441733,0.0,0.7026203,0.19843751,1.1381521,0.0,0.07015551,11
B1873,0.0,0.0,0.0,0.0,0.0,0.9220803,0.0,1.141374,1.1915634,0.0,0.0,0.8972849,0.5409621,0.0,0.0,0.0,1.1147004,1.329227,0.37343985,0.19652063,0.0,0.62812006,0.0,0.72328126,0.0,0.36454085,1.1366252,0.0,0.64896786,0.17378406,1.0799253,0.0,0.07520279,11
B1874,0.0,0.0,0.0,0.0,0.0,1.2881248,0.0,1.2708504,1.3638749,0.0,0.0,1.2438319,0.610747,0.0,0.0,0.0,1.5637565,1.5926735,0.37135792,0.24949118,0.0,0.73768044,0.0,0.95230037,0.0,0.57182324,1.4858584,0.0,0.93470395,0.106598675,1.4441075,0.0,0.04094603,11
B1875,0.0,0.0,0.0,0.0,0.0,1.3138132,0.0,1.4587599,1.4669864,0.0,0.0,1.636976,0.78022707,0.0,0.0,0.0,2.0462818,2.1352975,0.5326558,0.2758341,0.0,0.9267474,0.0,1.3880498,0.0,0.83828413,1.7674358,0.0,1.1800889,0.19180913,1.554667,0.0,0.021049164,11
B1876,0.0,0.0,0.0,0.0,0.0,0.99576783,0.0,1.2484374,1.2698951,0.0,0.0,0.8213681,0.5272083,0.0,0.0,0.0,1.0462083,1.4470605,0.32881927,0.1955042,0.0,0.7255306,0.0,0.6441303,0.0,0.2793492,1.2504638,0.0,0.65724623,0.16135293,1.2199991,0.0,0.07017863,11
B1877,0.0,0.0,0.0,0.0,0.0,1.1747797,0.0,1.3200629,1.3669422,0.0,0.0,1.5931785,0.76938736,0.0,0.0,0.0,1.9808705,1.9548178,0.48091713,0.24513152,0.0,0.8310735,0.0,1.3115432,0.0,0.8376391,1.6769375,0.0,1.10216,0.19991812,1.4884052,0.0,0.02614092,11
B1878,0.0,0.0,0.0,0.0,0.0,1.1474011,0.0,1.2624234,1.254241,0.0,0.0,1.0092291,0.55468524,0.0,0.0,0.0,1.2643161,1.5065393,0.34813443,0.2315708,0.0,0.7552672,0.0,0.8098918,0.0,0.35725623,1.3692428,0.0,0.74759305,0.12689891,1.2819777,0.0,0.05605037,11
B1879,0.0,0.0,0.0,0.0,0.0,0.98751223,0.0,1.199036,1.2255403,0.0,0.0,0.86293185,0.51968336,0.0,0.0,0.0,1.046437,1.435631,0.36180764,0.20457318,0.0,0.68851614,0.0,0.68548864,0.0,0.2961969,1.1870959,0.0,0.6894831,0.15796743,1.1350819,0.0,0.07203073,11
B1880,0.0,0.0,0.0,0.0,0.0,0.7249253,0.0,0.0931468,1.0155947,0.0,0.0,0.4998447,0.1321896,0.0,0.0,0.0,0.33486974,1.5177976,0.0,0.16515067,0.0,0.3153449,0.0,0.14942652,0.0,0.0,0.73627186,0.0,0.067376405,0.0,0.805665,0.0,0.18812655,11
B1881,0.0,0.0,0.0,0.0,0.0,0.9448767,0.0,1.2458295,1.2298706,0.0,0.0,0.81564784,0.5203327,0.0,0.0,0.0,0.98676336,1.427316,0.3611929,0.2012812,0.0,0.69500923,0.0,0.6532578,0.0,0.27879432,1.1893699,0.0,0.6506896,0.18057324,1.1400405,0.0,0.07445434,11
B1882,0.0,0.0,0.0,0.0,0.0,1.018323,0.0,1.3276725,1.2748275,0.0,0.0,1.3149405,0.78196275,0.0,0.0,0.0,1.871134,1.3770614,0.5129461,0.19656643,0.0,0.82887655,0.0,1.2199843,0.0,0.771004,1.6329353,0.0,0.99987507,0.27673262,1.4944073,0.0,0.035243,11
B1883,0.0,0.0,0.0,0.0,0.0,1.1234033,0.0,1.3201232,1.2325054,0.0,0.0,0.9971738,0.55478716,0.0,0.0,0.0,1.2002227,1.505605,0.3450004,0.23458616,0.0,0.749164,0.0,0.8169834,0.0,0.33194357,1.3020973,0.0,0.75299793,0.13182893,1.2191983,0.0,0.05811795,11
B1884,0.0,0.0,0.0,0.0,0.0,0.9339912,0.0,1.222656,1.2699547,0.0,0.0,0.6663168,0.4494947,0.0,0.0,0.0,0.78374624,1.432544,0.29811147,0.18524857,0.0,0.6680819,0.0,0.45022804,0.0,0.12990992,1.1844972,0.0,0.5392594,0.15525433,1.1326237,0.0,0.087713405,11
B1885,0.0,0.0,0.0,0.0,0.0,0.9938024,0.0,1.319248,1.2057574,0.0,0.0,1.2567366,0.75623333,0.0,0.0,0.0,1.8031893,1.2928213,0.51212466,0.19954866,0.0,0.8091049,0.0,1.1979871,0.0,0.7136594,1.5954607,0.0,0.96335113,0.27486363,1.4252663,0.0,0.039052308,11
B1886,0.0,0.0,0.0,0.0,0.0,1.114277,0.0,1.3967545,1.305773,0.0,0.0,1.3621998,0.79315776,0.0,0.0,0.0,1.8427708,1.4466588,0.51343197,0.22218153,0.0,0.86696565,0.0,1.2172134,0.0,0.79383624,1.687023,0.0,1.0727484,0.26789385,1.5126728,0.0,0.03226113,11
B1887,0.0,0.0,0.0,0.0,0.0,1.0613744,0.0,1.1323539,1.2139426,0.0,0.0,1.00531,0.55194306,0.0,0.0,0.0,1.2283332,1.5976164,0.35163683,0.2180345,0.0,0.7366934,0.0,0.81588274,0.0,0.3713303,1.2582082,0.0,0.7437836,0.13320681,1.2148212,0.0,0.060326546,11
B1888,0.0,0.0,0.0,0.0,0.0,0.7134747,0.0,0.07500315,0.97287565,0.0,0.0,0.4065711,0.09500429,0.0,0.0,0.0,0.15042257,1.537231,0.0,0.15408486,0.0,0.30424494,0.0,0.074923754,0.0,0.0,0.7085605,0.0,0.012236774,0.0,0.6801786,0.0,0.2091812,11
B1889,0.0,0.0,0.0,0.0,0.0,0.85581976,0.0,0.21805954,1.0333669,0.0,0.0,0.6514205,0.09951782,0.0,0.0,0.0,0.50907266,1.5977036,0.0,0.20687154,0.0,0.3098724,0.0,0.27235767,0.0,0.0,0.823067,0.0,0.1999116,0.0,0.7903602,0.0,0.15759315,11
B1890,0.0,0.0,0.0,0.0,0.0,1.3445237,0.0,1.3312896,1.4253609,0.0,0.0,1.269778,0.6259072,0.0,0.0,0.0,1.6417925,1.6483291,0.37244534,0.26063538,0.0,0.77949256,0.0,0.9654898,0.0,0.5643517,1.5778413,0.0,0.9796065,0.09626403,1.5449142,0.0,0.036306694,11
B1891,0.0,0.0,0.0,0.0,0.0,1.1642466,0.0,1.4663775,1.2623813,0.0,0.0,1.3883669,0.7781401,0.0,0.0,0.0,1.7731559,1.5032177,0.51898074,0.24367782,0.0,0.88055384,0.0,1.2382215,0.0,0.7308677,1.7023456,0.0,1.0512553,0.26685297,1.492443,0.0,0.0317602,11
B1892,0.0,0.0,0.0,0.0,0.0,1.2483253,0.0,1.2121074,1.3249682,0.0,0.0,1.1562494,0.45204327,0.0,0.0,0.0,1.0545737,1.2489659,0.5640021,0.26778087,0.0,0.4015281,0.0,0.7930343,0.0,0.6035764,1.3250288,0.0,0.86503094,0.14302704,1.1120069,0.0,0.061186895,11
B1893,0.0,0.0,0.0,0.0,0.0,1.0146358,0.0,1.2246048,1.1800979,0.0,0.0,0.9408691,0.5500834,0.0,0.0,0.0,1.1574198,1.4321626,0.39359426,0.21555325,0.0,0.72939473,0.0,0.80568063,0.0,0.36538237,1.2565372,0.0,0.72700137,0.1767362,1.196354,0.0,0.064269766,11
B1894,0.0,0.0,0.0,0.0,0.0,1.2297641,0.0,1.2877233,1.4163125,0.0,0.0,1.2222321,0.6516313,0.0,0.0,0.0,1.6647167,1.5125349,0.3822329,0.23285452,0.0,0.77696323,0.0,0.953658,0.0,0.6131419,1.5459101,0.0,0.9301399,0.13732968,1.5094987,0.0,0.039402433,11
B1895,0.0,0.0,0.0,0.0,0.0,0.92762816,0.0,1.1794387,1.2095019,0.0,0.0,0.85915345,0.5228764,0.0,0.0,0.0,1.0350696,1.4147885,0.3743497,0.19873267,0.0,0.6630964,0.0,0.68732965,0.0,0.3216927,1.1502426,0.0,0.66127276,0.17674668,1.1082926,0.0,0.0749195,11
B1896,0.0,0.0,0.0,0.0,0.0,1.0434778,0.0,1.264092,1.3013593,0.0,0.0,0.9449834,0.58062065,0.0,0.0,0.0,1.2336688,1.4742999,0.34029764,0.2045917,0.0,0.7509526,0.0,0.76363033,0.0,0.38788843,1.2915242,0.0,0.745657,0.15331057,1.2571285,0.0,0.05972597,11
B1897,0.0,0.0,0.0,0.0,0.0,0.910524,0.0,1.2049507,1.2987525,0.0,0.0,0.588682,0.4150933,0.0,0.0,0.0,0.6782517,1.4235106,0.29913998,0.17636254,0.0,0.6454127,0.0,0.36846262,0.0,0.104647174,1.207844,0.0,0.5192848,0.15956803,1.1138937,0.0,0.09410376,11
B1898,0.0,0.0,0.0,0.0,0.0,1.0524347,0.0,1.2484715,1.28707,0.0,0.0,0.9661756,0.59174305,0.0,0.0,0.0,1.2975523,1.4762293,0.38230783,0.20653918,0.0,0.7738578,0.0,0.80569744,0.0,0.41648364,1.3419591,0.0,0.7505698,0.1694435,1.3035004,0.0,0.056683853,11
B1899,0.0,0.0,0.0,0.0,0.0,1.2870543,0.0,1.2940731,1.3783417,0.0,0.0,1.2178583,0.6150483,0.0,0.0,0.0,1.6033196,1.5375637,0.3697265,0.24888647,0.0,0.7555082,0.0,0.9431982,0.0,0.54491675,1.5283326,0.0,0.91171813,0.105378784,1.4720458,0.0,0.04065427,11
B1900,0.0,0.0,0.0,0.0,0.0,0.99217474,0.0,1.3652313,1.24795,0.0,0.0,1.277379,0.7599251,0.0,0.0,0.0,1.8145554,1.3451061,0.51367486,0.19940643,0.0,0.83433676,0.0,1.2184725,0.0,0.75049114,1.6404016,0.0,0.96482813,0.28612012,1.4838934,0.0,0.036598228,11
B1901,0.0,0.0,0.0,0.0,0.0,1.0255657,0.0,1.3729153,1.2253447,0.0,0.0,1.3103793,0.7468107,0.0,0.0,0.0,1.7591655,1.404593,0.49682873,0.21403402,0.0,0.8197799,0.0,1.2210861,0.0,0.7347313,1.6567593,0.0,0.969037,0.27727985,1.4520965,0.0,0.03644484,11
B1902,0.0,0.0,0.0,0.0,0.0,1.247486,0.0,1.2922107,1.3672755,0.0,0.0,1.2230859,0.6332843,0.0,0.0,0.0,1.6091396,1.520909,0.40989462,0.24218431,0.0,0.7660615,0.0,0.9745827,0.0,0.5980697,1.5350506,0.0,0.9381765,0.14086218,1.4786631,0.0,0.04011221,11
B1903,0.0,0.0,0.0,0.0,0.0,1.07142,0.0,1.1943085,1.1754959,0.0,0.0,0.96959555,0.4754003,0.0,0.0,0.0,0.9503926,1.7882551,0.31777573,0.2367082,0.0,0.7411375,0.0,0.75375414,0.0,0.15601864,1.1601832,0.0,0.6549343,0.09938519,1.0498886,0.0,0.06817022,11
B1904,0.0,0.0,0.0,0.0,0.0,1.1632046,0.0,1.1254587,1.4119864,0.0,0.0,1.0786448,0.45245957,0.0,0.0,0.0,0.9620924,1.3483917,0.51055485,0.24470744,0.0,0.45545205,0.0,0.66921127,0.0,0.57378244,1.3192625,0.0,0.7956507,0.13942742,1.1656197,0.0,0.065581016,11
B1905,0.0,0.0,0.0,0.0,0.0,1.1063423,0.0,1.2605563,1.2952163,0.0,0.0,1.0191957,0.5912384,0.0,0.0,0.0,1.3423605,1.51086,0.35255715,0.21782297,0.0,0.77485275,0.0,0.8190717,0.0,0.4117471,1.3737267,0.0,0.77002066,0.14227612,1.3181168,0.0,0.053733613,11
B1906,0.0,0.0,0.0,0.0,0.0,1.0149469,0.0,1.2453078,1.2761579,0.0,0.0,0.8380452,0.5316376,0.0,0.0,0.0,1.0826439,1.4535346,0.34287053,0.1958578,0.0,0.7383806,0.0,0.6578813,0.0,0.29903752,1.2781203,0.0,0.67091775,0.16389981,1.2549322,0.0,0.06761929,11
B1907,0.0,0.0,0.0,0.0,0.0,0.9598272,0.0,1.209602,1.2631885,0.0,0.0,0.7220206,0.47625944,0.0,0.0,0.0,0.8873453,1.431155,0.29447693,0.1869121,0.0,0.68522656,0.0,0.5111519,0.0,0.17979464,1.1938214,0.0,0.5751934,0.14638871,1.1465201,0.0,0.08221065,11
B1908,0.0,0.0,0.0,0.0,0.0,0.96395886,0.0,1.1399391,1.1873362,0.0,0.0,0.88067883,0.5064501,0.0,0.0,0.0,1.0396411,1.4497101,0.38459733,0.20626079,0.0,0.66141367,0.0,0.7100041,0.0,0.29504278,1.1393135,0.0,0.67906624,0.15605743,1.0966694,0.0,0.07438552,11
B1909,0.0,0.0,0.0,0.0,0.0,0.9542422,0.0,1.208515,1.1559546,0.0,0.0,0.73646605,0.46328068,0.0,0.0,0.0,0.81889236,1.4234807,0.3388841,0.2028751,0.0,0.68544006,0.0,0.55835474,0.0,0.12891875,1.1552844,0.0,0.55843246,0.15888521,1.0518124,0.0,0.08628591,11
B1910,0.0,0.0,0.0,0.0,0.0,0.9881736,0.0,1.1330855,1.2793587,0.0,0.0,0.8465719,0.5453461,0.0,0.0,0.0,1.1471082,1.4541218,0.34249157,0.19057973,0.0,0.71599084,0.0,0.6769762,0.0,0.30136517,1.2244282,0.0,0.6675557,0.143891,1.1777363,0.0,0.06981296,11
B1911,0.0,0.0,0.0,0.0,0.0,1.1036264,0.0,1.401813,1.3313369,0.0,0.0,1.3657527,0.7984389,0.0,0.0,0.0,1.8547217,1.4269857,0.5011155,0.2143879,0.0,0.8594609,0.0,1.2018023,0.0,0.82587755,1.6870563,0.0,1.071887,0.27147216,1.5228109,0.0,0.03220152,11
B1912,0.0,0.0,0.0,0.0,0.0,1.208038,0.0,1.3289206,1.3123357,0.0,0.0,1.1193666,0.5767629,0.0,0.0,0.0,1.4539523,1.4193871,0.38409254,0.24317981,0.0,0.6613786,0.0,0.9348135,0.0,0.4655459,1.3022199,0.0,0.85398823,0.09216595,1.258704,0.0,0.049940772,11
B1913,0.0,0.0,0.0,0.0,0.0,1.0673397,0.0,1.2312126,1.2872405,0.0,0.0,1.0032018,0.54214793,0.0,0.0,0.0,1.2148504,1.463618,0.3764826,0.22305843,0.0,0.6600195,0.0,0.7894218,0.0,0.41316473,1.2177863,0.0,0.77978337,0.1328333,1.176812,0.0,0.061219133,11
B1914,0.0,0.0,0.0,0.0,0.0,1.171098,0.0,1.0627956,1.2704284,0.0,0.0,1.2091272,0.5774448,0.0,0.0,0.0,1.4159597,1.9219491,0.31242442,0.22048688,0.0,0.76347184,0.0,0.88843936,0.0,0.46065608,1.3035483,0.0,0.78447616,0.07073892,1.331008,0.0,0.04816799,11
B1915,0.0,0.0,0.0,0.0,0.0,0.99003106,0.0,1.2131041,1.2617658,0.0,0.0,0.9413481,0.5836994,0.0,0.0,0.0,1.3137941,1.4180443,0.38731298,0.20535927,0.0,0.7253914,0.0,0.82520175,0.0,0.3930933,1.2461592,0.0,0.74996257,0.15831462,1.2080623,0.0,0.06099419,11
B1916,0.0,0.0,0.0,0.0,0.0,1.1692944,0.0,1.3699661,1.3193195,0.0,0.0,1.1646496,0.6361438,0.0,0.0,0.0,1.4933622,1.4588212,0.40713865,0.23243085,0.0,0.7418406,0.0,0.9796006,0.0,0.57685894,1.3966184,0.0,0.9330364,0.16426592,1.3611605,0.0,0.044657417,11
B1917,0.0,0.0,0.0,0.0,0.0,0.94932777,0.0,1.2288563,1.2561749,0.0,0.0,0.7405556,0.48772654,0.0,0.0,0.0,0.9170178,1.4423981,0.33846307,0.19281949,0.0,0.69563293,0.0,0.56082416,0.0,0.21156791,1.1970005,0.0,0.6136625,0.16660908,1.1731901,0.0,0.078694426,11
B1918,0.0,0.0,0.0,0.0,0.0,1.1038116,0.0,1.4021184,1.3300925,0.0,0.0,1.3652742,0.7978896,0.0,0.0,0.0,1.852988,1.4259623,0.5007216,0.21444932,0.0,0.85918105,0.0,1.2009523,0.0,0.8250514,1.6867249,0.0,1.0707536,0.2714037,1.521822,0.0,0.03225388,11
B1919,0.0,0.0,0.0,0.0,0.0,1.0607195,0.0,1.2719587,1.2268486,0.0,0.0,0.9585171,0.57463413,0.0,0.0,0.0,1.2426155,1.467455,0.37333304,0.21923156,0.0,0.7789285,0.0,0.8115378,0.0,0.36190987,1.3359532,0.0,0.7133617,0.16127214,1.2578112,0.0,0.058890965,11
B1920,0.0,0.0,0.0,0.0,0.0,1.1516719,0.0,1.3065621,1.3680494,0.0,0.0,1.5786828,0.78208435,0.0,0.0,0.0,1.9622084,1.9093049,0.46656454,0.23907849,0.0,0.83147997,0.0,1.2989907,0.0,0.86322355,1.6727655,0.0,1.1022627,0.21690321,1.5006096,0.0,0.026781147,11
B1921,0.0,0.0,0.0,0.0,0.0,1.0047021,0.0,1.0734667,1.2222433,0.0,0.0,0.95147,0.512121,0.0,0.0,0.0,1.0349529,1.7691813,0.31036884,0.21064141,0.0,0.721533,0.0,0.6822511,0.0,0.30024028,1.2320831,0.0,0.6627114,0.13410118,1.2324674,0.0,0.06669598,11
B1922,0.0,0.0,0.0,0.0,0.0,1.064008,0.0,1.2436218,1.3154923,0.0,0.0,0.970425,0.59097874,0.0,0.0,0.0,1.3156831,1.4680784,0.3648709,0.20514536,0.0,0.76866496,0.0,0.7855992,0.0,0.42376733,1.3601468,0.0,0.75731057,0.16153939,1.3228922,0.0,0.056094136,11
B1923,0.0,0.0,0.0,0.0,0.0,1.1187215,0.0,1.251977,1.2344784,0.0,0.0,0.99260795,0.5505329,0.0,0.0,0.0,1.2466435,1.4864819,0.3873551,0.22941662,0.0,0.7346645,0.0,0.8438167,0.0,0.36614323,1.3113605,0.0,0.7645054,0.1379261,1.2502363,0.0,0.057572436,11
B1924,0.0,0.0,0.0,0.0,0.0,1.3512658,0.0,1.3506112,1.4411836,0.0,0.0,1.2733674,0.62930214,0.0,0.0,0.0,1.6469511,1.6408395,0.3822347,0.26504585,0.0,0.78115773,0.0,0.97601914,0.0,0.56964725,1.5958825,0.0,0.9892275,0.10142451,1.5512488,0.0,0.03561979,11
B1925,0.0,0.0,0.0,0.0,0.0,1.1038241,0.0,1.4033935,1.3294803,0.0,0.0,1.3657603,0.79816043,0.0,0.0,0.0,1.8520756,1.4283153,0.5012719,0.21482222,0.0,0.85965693,0.0,1.2031854,0.0,0.82458186,1.6874748,0.0,1.0720783,0.27197105,1.5217853,0.0,0.032204147,11
B1926,0.0,0.0,0.0,0.0,0.0,1.0444613,0.0,1.3601317,1.2495909,0.0,0.0,1.3035983,0.7657735,0.0,0.0,0.0,1.7997253,1.362124,0.50794625,0.21058434,0.0,0.8358828,0.0,1.206201,0.0,0.7537571,1.6424377,0.0,1.0082543,0.27210033,1.4635652,0.0,0.03603384,11
B1927,0.0,0.0,0.0,0.0,0.0,1.2255626,0.0,1.2755846,1.409378,0.0,0.0,1.2236593,0.6481451,0.0,0.0,0.0,1.6524858,1.5034992,0.39265698,0.23144199,0.0,0.7664672,0.0,0.9569967,0.0,0.62945795,1.5373862,0.0,0.9369193,0.14277636,1.5018134,0.0,0.039784186,11
B1928,0.0,0.0,0.0,0.0,0.0,1.1267314,0.0,1.374722,1.307843,0.0,0.0,1.4163966,0.78964496,0.0,0.0,0.0,1.8436192,1.5375922,0.49073893,0.2257604,0.0,0.8552917,0.0,1.2211552,0.0,0.80690336,1.6936119,0.0,1.0621486,0.26049337,1.5085762,0.0,0.031437483,11
B1929,0.0,0.0,0.0,0.0,0.0,1.1032295,0.0,1.4010632,1.3354686,0.0,0.0,1.3675413,0.8001631,0.0,0.0,0.0,1.8592436,1.4278487,0.5011086,0.21362425,0.0,0.8600787,0.0,1.2020555,0.0,0.8300655,1.6881936,0.0,1.0731446,0.27198285,1.5252552,0.0,0.032088146,11
B1930,0.0,0.0,0.0,0.0,0.0,1.1168896,0.0,1.2570987,1.3289403,0.0,0.0,1.0463078,0.60505277,0.0,0.0,0.0,1.4076219,1.4902227,0.3552103,0.2173706,0.0,0.7715655,0.0,0.83275306,0.0,0.4599135,1.4036844,0.0,0.7996093,0.14474384,1.3598067,0.0,0.05120538,11
B1931,0.0,0.0,0.0,0.0,0.0,1.0094752,0.0,1.3640499,1.260049,0.0,0.0,1.0567577,0.5686594,0.0,0.0,0.0,1.2945826,1.328371,0.43007573,0.23020874,0.0,0.5938488,0.0,0.9054754,0.0,0.4631539,1.1854503,0.0,0.8139411,0.15700299,1.1226418,0.0,0.05909211,11
B1932,0.0,0.0,0.0,0.0,0.0,1.128411,0.0,1.3062215,1.3340123,0.0,0.0,1.5147148,0.7890811,0.0,0.0,0.0,1.9043397,1.7480525,0.46561092,0.23301905,0.0,0.84026366,0.0,1.2658718,0.0,0.85179424,1.6836202,0.0,1.0880518,0.24273993,1.4936378,0.0,0.029036652,11
B1933,0.0,0.0,0.0,0.0,0.0,1.2952151,0.0,1.3488094,1.32214,0.0,0.0,1.2106242,0.59322023,0.0,0.0,0.0,1.4980366,1.5274476,0.39350882,0.25845137,0.0,0.7418046,0.0,0.970605,0.0,0.5293093,1.4925543,0.0,0.90755284,0.118729316,1.4071252,0.0,0.04225142,11
B1934,0.0,0.0,0.0,0.0,0.0,1.1053137,0.0,1.408223,1.3129487,0.0,0.0,1.3604329,0.7910972,0.0,0.0,0.0,1.8297436,1.4220359,0.4982971,0.21636756,0.0,0.85623187,0.0,1.1983612,0.0,0.811605,1.6839247,0.0,1.0593568,0.27189648,1.5101662,0.0,0.032763552,11
B1935,0.0,0.0,0.0,0.0,0.0,1.1032732,0.0,1.4010316,1.3290648,0.0,0.0,1.3646128,0.79701614,0.0,0.0,0.0,1.8526081,1.4270253,0.50070876,0.2146967,0.0,0.85908985,0.0,1.2014298,0.0,0.82400125,1.6871688,0.0,1.07105,0.27085242,1.5208545,0.0,0.032273702,11
B1936,0.0,0.0,0.0,0.0,0.0,1.1007304,0.0,1.400226,1.4535209,0.0,0.0,1.4576958,0.8367372,0.0,0.0,0.0,1.9676719,1.5330949,0.51360005,0.20499027,0.0,0.8848562,0.0,1.2330585,0.0,0.91856587,1.7562474,0.0,1.0686314,0.2928987,1.6468749,0.0,0.027878705,11
B1937,0.0,0.0,0.0,0.0,0.0,1.1036779,0.0,1.4021192,1.332501,0.0,0.0,1.3664234,0.79888433,0.0,0.0,0.0,1.8558397,1.428147,0.50132906,0.21430635,0.0,0.85965455,0.0,1.2022604,0.0,0.8266072,1.6874498,0.0,1.0723093,0.2716468,1.5239205,0.0,0.032153048,11
B1938,0.0,0.0,0.0,0.0,0.0,0.9344372,0.0,1.2115657,1.3020301,0.0,0.0,0.7514056,0.48219067,0.0,0.0,0.0,0.8713939,1.5616899,0.35170054,0.21084137,0.0,0.6898743,0.0,0.53372407,0.0,0.14615497,1.2106509,0.0,0.5341047,0.15710258,1.0947387,0.0,0.07986057,11
B1939,0.0,0.0,0.0,0.0,0.0,1.2721128,0.0,1.3296283,1.3178977,0.0,0.0,1.0039945,0.5159257,0.0,0.0,0.0,1.1528476,1.6394109,0.32296714,0.25975004,0.0,0.7418249,0.0,0.7801162,0.0,0.26110744,1.3782029,0.0,0.807971,0.07654069,1.2541877,0.0,0.05415785,11
B1940,0.0,0.0,0.0,0.0,0.0,1.1125743,0.0,1.3905387,1.3000948,0.0,0.0,1.3621949,0.7859664,0.0,0.0,0.0,1.8269777,1.4414749,0.51059276,0.21981536,0.0,0.86744153,0.0,1.2087896,0.0,0.7864377,1.6844351,0.0,1.0482035,0.2681513,1.5051107,0.0,0.03280959,11
B1941,0.0,0.0,0.0,0.0,0.0,1.4195247,0.0,1.3321396,1.2512472,0.0,0.0,1.2352103,0.5320808,0.0,0.0,0.0,1.4023542,1.7712739,0.34152538,0.28534007,0.0,0.74872565,0.0,0.9501984,0.0,0.42158085,1.4178185,0.0,0.94917786,0.025628999,1.34211,0.0,0.042242505,11
B1942,0.0,0.0,0.0,0.0,0.0,1.2706579,0.0,1.2978864,1.429441,0.0,0.0,1.2235883,0.6281434,0.0,0.0,0.0,1.6257577,1.5195527,0.35053253,0.238958,0.0,0.74789083,0.0,0.92368543,0.0,0.5841333,1.5230991,0.0,0.9146355,0.11022031,1.4855089,0.0,0.04033465,11
B1943,0.0,0.0,0.0,0.0,0.0,1.0598683,0.0,1.2952907,1.1488017,0.0,0.0,0.8669724,0.4392662,0.0,0.0,0.0,0.92665243,1.4538488,0.4033089,0.25330266,0.0,0.65462244,0.0,0.7421483,0.0,0.12308581,1.1922059,0.0,0.64515674,0.11331182,1.0161712,0.0,0.07454561,11
B1944,0.0,0.0,0.0,0.0,0.0,1.0042506,0.0,1.3895326,1.2212911,0.0,0.0,1.3180718,0.7722057,0.0,0.0,0.0,1.8482273,1.5023317,0.50880456,0.19962648,0.0,0.8093115,0.0,1.2726667,0.0,0.68515253,1.5891007,0.0,0.9771601,0.2810452,1.5007995,0.0,0.03466958,11
B1945,0.0,0.0,0.0,0.0,0.0,1.1037796,0.0,1.4021242,1.3324108,0.0,0.0,1.3660772,0.79865676,0.0,0.0,0.0,1.8558284,1.4273684,0.50140643,0.21429396,0.0,0.8598599,0.0,1.201992,0.0,0.8265334,1.6877908,0.0,1.0722853,0.27153522,1.5235808,0.0,0.032162573,11
B1946,0.0,0.0,0.0,0.0,0.0,0.87679374,0.0,1.1043774,1.1764506,0.0,0.0,0.7241073,0.47274595,0.0,0.0,0.0,0.8322676,1.3820311,0.35247055,0.18938652,0.0,0.6327832,0.0,0.5360886,0.0,0.21583962,1.1086674,0.0,0.5425554,0.1712891,1.0160991,0.0,0.09145692,11
B1947,0.0,0.0,0.0,0.0,0.0,0.9912644,0.0,1.2320433,1.1845165,0.0,0.0,0.9414619,0.57329047,0.0,0.0,0.0,1.2672756,1.3693352,0.37614587,0.20526803,0.0,0.74863285,0.0,0.84157604,0.0,0.40134692,1.3096938,0.0,0.6931933,0.17729008,1.2301302,0.0,0.062061105,11
B1948,0.0,0.0,0.0,0.0,0.0,0.81798977,0.0,1.0252353,1.2247622,0.0,0.0,0.6618006,0.457398,0.0,0.0,0.0,0.890808,1.3370388,0.34815735,0.1788852,0.0,0.5983926,0.0,0.49802482,0.0,0.21549219,1.0889494,0.0,0.5266081,0.14873335,0.9872341,0.0,0.0962319,11
B1949,0.0,0.0,0.0,0.0,0.0,1.0495719,0.0,1.2805389,1.2900624,0.0,0.0,1.0014712,0.5980631,0.0,0.0,0.0,1.288154,1.4677572,0.3797866,0.21157363,0.0,0.74817806,0.0,0.8332181,0.0,0.45069212,1.3034669,0.0,0.8020879,0.17244317,1.2802413,0.0,0.055952735,11
B1950,0.0,0.0,0.0,0.0,0.0,1.121267,0.0,1.411074,1.2941848,0.0,0.0,1.3614426,0.7879284,0.0,0.0,0.0,1.8256712,1.4540429,0.51185477,0.2265665,0.0,0.8655524,0.0,1.217572,0.0,0.77729607,1.6846135,0.0,1.0724603,0.26537287,1.5068123,0.0,0.032374732,11
B1951,0.0,0.0,0.0,0.0,0.0,1.175148,0.0,1.2606972,1.2993379,0.0,0.0,1.2318784,0.538299,0.0,0.0,0.0,1.3056445,1.5792645,0.56284106,0.2609807,0.0,0.48508874,0.0,1.0324541,0.0,0.58166164,1.2310417,0.0,1.0196407,0.15007046,1.1387825,0.0,0.04924682,11
B1952,0.0,0.0,0.0,0.0,0.0,1.234717,0.0,1.2229602,1.2766647,0.0,0.0,1.2005976,0.587413,0.0,0.0,0.0,1.4963019,1.5686338,0.37093824,0.24092096,0.0,0.71345645,0.0,0.9650751,0.0,0.5393456,1.3869472,0.0,0.90311146,0.10455062,1.3338597,0.0,0.04578015,11
B1953,0.0,0.0,0.0,0.0,0.0,1.0646708,0.0,1.260972,1.3085072,0.0,0.0,0.9726836,0.5933394,0.0,0.0,0.0,1.3048803,1.4728192,0.36304265,0.2069884,0.0,0.77205694,0.0,0.79212373,0.0,0.4189369,1.3560206,0.0,0.75974584,0.16264126,1.3163158,0.0,0.055994682,11
B1954,0.0,0.0,0.0,0.0,0.0,0.9590838,0.0,1.2462186,1.2481077,0.0,0.0,0.74178135,0.4854795,0.0,0.0,0.0,0.90476274,1.4337374,0.32432812,0.19453357,0.0,0.6963877,0.0,0.55576193,0.0,0.19756222,1.2064012,0.0,0.59640557,0.16342363,1.1707406,0.0,0.07907418,11
B1955,0.0,0.0,0.0,0.0,0.0,1.1132005,0.0,1.3928239,1.3374662,0.0,0.0,1.3838766,0.8004374,0.0,0.0,0.0,1.8690453,1.4695325,0.5086926,0.21606797,0.0,0.8666947,0.0,1.2147683,0.0,0.82401943,1.693734,0.0,1.0640416,0.27224407,1.545688,0.0,0.031388517,11
B1956,0.0,0.0,0.0,0.0,0.0,0.75542986,0.0,0.17988825,1.0220191,0.0,0.0,0.6111081,0.16700175,0.0,0.0,0.0,0.49824533,1.5900227,0.0,0.19336042,0.0,0.36821598,0.0,0.31095606,0.0,0.0,0.78500444,0.0,0.16128534,0.0,0.8236731,0.0,0.16168359,11
B1957,0.0,0.0,0.0,0.0,0.0,1.1147065,0.0,1.1426692,1.2271216,0.0,0.0,1.0614057,0.5597283,0.0,0.0,0.0,1.3157105,1.5647811,0.35508835,0.22183183,0.0,0.7216019,0.0,0.85339737,0.0,0.43483377,1.3030608,0.0,0.7873097,0.12498908,1.260796,0.0,0.05601021,11
B1958,0.0,0.0,0.0,0.0,0.0,1.2064989,0.0,1.3227811,1.4004114,0.0,0.0,1.203788,0.6585814,0.0,0.0,0.0,1.6305256,1.5039265,0.38552523,0.23019119,0.0,0.7786395,0.0,0.96509665,0.0,0.60492,1.5034573,0.0,0.93347996,0.14630148,1.4702299,0.0,0.040348522,11
B1959,0.0,0.0,0.0,0.0,0.0,1.1002276,0.0,1.3967401,1.3271005,0.0,0.0,1.362643,0.79623723,0.0,0.0,0.0,1.8513077,1.4242297,0.5008983,0.21393535,0.0,0.8579526,0.0,1.1999772,0.0,0.822134,1.6844735,0.0,1.0642283,0.27156037,1.5206714,0.0,0.032450702,11
B1960,0.0,0.0,0.0,0.0,0.0,1.0653282,0.0,1.21376,1.2514038,0.0,0.0,0.9684548,0.5548223,0.0,0.0,0.0,1.187481,1.5251728,0.33593026,0.21187034,0.0,0.73148084,0.0,0.76029426,0.0,0.3592274,1.2497485,0.0,0.7414944,0.13683864,1.221838,0.0,0.061745126,11
B1961,0.0,0.0,0.0,0.0,0.0,0.9288647,0.0,1.1453526,1.2064629,0.0,0.0,0.735657,0.46540236,0.0,0.0,0.0,0.8381901,1.4740174,0.3071354,0.18868305,0.0,0.6610224,0.0,0.51881754,0.0,0.16214034,1.1231674,0.0,0.5567369,0.14775789,1.0736461,0.0,0.087093376,11
B1962,0.0,0.0,0.0,0.0,0.0,1.2578222,0.0,1.3443801,1.3334905,0.0,0.0,1.116761,0.58470315,0.0,0.0,0.0,1.3974441,1.6908044,0.4103686,0.269128,0.0,0.8169438,0.0,0.93624616,0.0,0.39306277,1.4964144,0.0,0.90162635,0.113608055,1.394565,0.0,0.04335688,11
B1963,0.0,0.0,0.0,0.0,0.0,0.7597285,0.0,0.13276714,0.99229515,0.0,0.0,0.46709967,0.13357064,0.0,0.0,0.0,0.32066137,1.3899276,0.0,0.162786,0.0,0.32413286,0.0,0.1261003,0.0,0.0,0.7162496,0.0,0.06565204,0.0,0.7963999,0.0,0.19388106,11
B1964,0.0,0.0,0.0,0.0,0.0,0.84702396,0.0,1.0610529,1.1662867,0.0,0.0,0.5984602,0.41292,0.0,0.0,0.0,0.7369027,1.3394665,0.30158764,0.1699715,0.0,0.6074362,0.0,0.43752325,0.0,0.11016841,1.0747341,0.0,0.463736,0.14479327,0.966872,0.0,0.104798354,11
B1965,0.0,0.0,0.0,0.0,0.0,1.2052609,0.0,1.2841122,1.3620887,0.0,0.0,1.2040644,0.63279355,0.0,0.0,0.0,1.5727043,1.4687129,0.41631144,0.2302158,0.0,0.7369455,0.0,0.9697927,0.0,0.6359931,1.4754021,0.0,0.9458331,0.15529615,1.4345634,0.0,0.04228232,11
B1966,0.0,0.0,0.0,0.0,0.0,1.1290519,0.0,1.3301147,1.2722764,0.0,0.0,1.1298403,0.54146445,0.0,0.0,0.0,1.3141289,1.3866756,0.46303844,0.25263232,0.0,0.58485955,0.0,0.9409997,0.0,0.48504916,1.2295071,0.0,0.8709883,0.14183697,1.1611748,0.0,0.054539863,11
B1967,0.0,0.0,0.0,0.0,0.0,1.1160426,0.0,1.1902475,1.1695334,0.0,0.0,1.1252037,0.57062054,0.0,0.0,0.0,1.394097,1.4592662,0.40936616,0.22235528,0.0,0.6680498,0.0,0.969528,0.0,0.523206,1.2569124,0.0,0.915551,0.13825631,1.253284,0.0,0.053182013,11
B1968,0.0,0.0,0.0,0.0,0.0,1.026932,0.0,1.2332659,1.2406304,0.0,0.0,0.8975123,0.55654633,0.0,0.0,0.0,1.1597933,1.4811376,0.37396616,0.20752007,0.0,0.75744057,0.0,0.7446824,0.0,0.32702404,1.2846953,0.0,0.7174657,0.1651503,1.246418,0.0,0.06340282,11
B1969,0.0,0.0,0.0,0.0,0.0,1.1193551,0.0,1.4003383,1.306813,0.0,0.0,1.36762,0.7930665,0.0,0.0,0.0,1.8419385,1.456543,0.5098357,0.22229397,0.0,0.8659216,0.0,1.2155215,0.0,0.79393494,1.6873367,0.0,1.071847,0.2666471,1.5148531,0.0,0.032117527,11
B1970,0.0,0.0,0.0,0.0,0.0,1.4056392,0.0,1.3949304,1.3459713,0.0,0.0,1.2760003,0.609627,0.0,0.0,0.0,1.617241,1.7795433,0.4409529,0.2863212,0.0,0.8259302,0.0,1.0895424,0.0,0.48832792,1.5875075,0.0,1.035928,0.085088424,1.5192977,0.0,0.03367538,11
B1971,0.0,0.0,0.0,0.0,0.0,1.2543098,0.0,1.1640571,1.3172724,0.0,0.0,1.2952377,0.6087206,0.0,0.0,0.0,1.5615419,1.7774191,0.38053882,0.24908608,0.0,0.7456219,0.0,1.0348513,0.0,0.5935223,1.4048686,0.0,0.9653284,0.09913266,1.4069387,0.0,0.040296856,11
B1972,0.0,0.0,0.0,0.0,0.0,1.1184316,0.0,1.4038306,1.3096163,0.0,0.0,1.3784006,0.799203,0.0,0.0,0.0,1.8495489,1.4660066,0.5215074,0.22198747,0.0,0.8754606,0.0,1.2388816,0.0,0.7934722,1.6992962,0.0,1.0659729,0.27528048,1.517986,0.0,0.031574614,11
B1973,0.0,0.0,0.0,0.0,0.0,1.1027163,0.0,1.4032708,1.326649,0.0,0.0,1.3632641,0.7964597,0.0,0.0,0.0,1.8494914,1.4263743,0.50142694,0.21504928,0.0,0.8588929,0.0,1.2028685,0.0,0.8213223,1.6865526,0.0,1.070456,0.27160734,1.5200468,0.0,0.032318506,11
B1974,0.0,0.0,0.0,0.0,0.0,1.1483858,0.0,1.2514931,1.2996749,0.0,0.0,1.0384288,0.57369876,0.0,0.0,0.0,1.3344017,1.5024967,0.36615813,0.22839122,0.0,0.739765,0.0,0.83518946,0.0,0.4266521,1.3621751,0.0,0.8206192,0.12736505,1.3108172,0.0,0.053120352,11
B1975,0.0,0.0,0.0,0.0,0.0,1.1026311,0.0,1.4005208,1.3044841,0.0,0.0,1.3585466,0.7886635,0.0,0.0,0.0,1.8208904,1.415534,0.49477834,0.2156615,0.0,0.8514693,0.0,1.1933868,0.0,0.80966544,1.6796935,0.0,1.0503228,0.27188584,1.5022086,0.0,0.033208873,11
B1976,0.0,0.0,0.0,0.0,0.0,1.3149769,0.0,1.1401008,1.5779849,0.0,0.0,1.052162,0.31727508,0.0,0.0,0.0,0.79941946,1.4579991,0.5039285,0.30722594,0.0,0.31213412,0.0,0.5443672,0.0,0.6038934,1.3490889,0.0,0.81449044,0.04267253,1.1689613,0.0,0.06581347,11
B1977,0.0,0.0,0.0,0.0,0.0,1.1001008,0.0,1.3888445,1.2824521,0.0,0.0,1.3443186,0.78244853,0.0,0.0,0.0,1.8212026,1.419499,0.5105064,0.22073188,0.0,0.85426986,0.0,1.21081,0.0,0.77507484,1.6720088,0.0,1.0544195,0.26726526,1.4912252,0.0,0.03351308,11
B1978,0.0,0.0,0.0,0.0,0.0,0.9504535,0.0,1.1588664,1.1743368,0.0,0.0,0.9277691,0.57324344,0.0,0.0,0.0,1.3080328,1.4116235,0.40618122,0.19732971,0.0,0.7234634,0.0,0.85932255,0.0,0.36223477,1.212229,0.0,0.7401923,0.1634912,1.2083279,0.0,0.06359568,11
B1979,0.0,0.0,0.0,0.0,0.0,1.1171818,0.0,1.252919,1.3474185,0.0,0.0,1.0564036,0.6177823,0.0,0.0,0.0,1.4585083,1.5035515,0.37712654,0.21772671,0.0,0.7878157,0.0,0.8571725,0.0,0.48621348,1.4310979,0.0,0.82240623,0.15113643,1.3969972,0.0,0.04888278,11
B1980,0.0,0.0,0.0,0.0,0.0,1.1022769,0.0,1.4034841,1.3119496,0.0,0.0,1.3605034,0.79138774,0.0,0.0,0.0,1.8273345,1.4162679,0.4963317,0.2148746,0.0,0.8532964,0.0,1.1947547,0.0,0.814432,1.6817697,0.0,1.0522441,0.27333418,1.5079918,0.0,0.032979995,11
B1981,0.0,0.0,0.0,0.0,0.0,1.1003919,0.0,1.3866655,1.2456555,0.0,0.0,1.33476,0.76735765,0.0,0.0,0.0,1.7521992,1.383718,0.49712813,0.22535264,0.0,0.83409905,0.0,1.1858089,0.0,0.7622578,1.6625724,0.0,1.0094463,0.27288565,1.447797,0.0,0.03558405,11
B1982,0.0,0.0,0.0,0.0,0.0,1.130199,0.0,1.374729,1.419399,0.0,0.0,1.4780676,0.8056321,0.0,0.0,0.0,1.9731097,1.6280546,0.5044119,0.20863734,0.0,0.8715215,0.0,1.2616264,0.0,0.8750433,1.7376536,0.0,1.0869328,0.26044065,1.6249287,0.0,0.02751687,11
B1983,0.0,0.0,0.0,0.0,0.0,1.2078707,0.0,1.5210645,1.3363183,0.0,0.0,1.427798,0.73295426,0.0,0.0,0.0,1.8046298,1.7095628,0.5364467,0.25743648,0.0,0.8912555,0.0,1.2844176,0.0,0.70061874,1.7017599,0.0,1.0252753,0.2519654,1.5531037,0.0,0.028524946,11
B1984,0.0,0.0,0.0,0.0,0.0,1.0577209,0.0,1.2909069,1.3099159,0.0,0.0,0.9695621,0.5985784,0.0,0.0,0.0,1.29271,1.480313,0.3611756,0.20929727,0.0,0.7771175,0.0,0.79970163,0.0,0.41070303,1.3401302,0.0,0.75891894,0.16299734,1.302657,0.0,0.05597249,11
B1985,0.0,0.0,0.0,0.0,0.0,1.0518185,0.0,1.2546935,1.233493,0.0,0.0,1.0941234,0.521617,0.0,0.0,0.0,1.2198558,1.4715972,0.4423615,0.2582146,0.0,0.53186643,0.0,0.91579336,0.0,0.4750415,1.1402633,0.0,0.8826285,0.12813179,1.0308685,0.0,0.060249444,11
B1986,0.0,0.0,0.0,0.0,0.0,1.1409079,0.0,1.0830038,1.2711174,0.0,0.0,1.2014105,0.61585176,0.0,0.0,0.0,1.4905311,1.796513,0.3584991,0.22412013,0.0,0.7892224,0.0,0.9504936,0.0,0.53572077,1.3933554,0.0,0.84311104,0.1276728,1.3775418,0.0,0.04564752,11
B1987,0.0,0.0,0.0,0.0,0.0,1.0015801,0.0,1.2510371,1.2810718,0.0,0.0,0.86115205,0.54772776,0.0,0.0,0.0,1.1075726,1.4569662,0.3212012,0.19808511,0.0,0.72943044,0.0,0.68113387,0.0,0.30875412,1.2457734,0.0,0.6743367,0.15293276,1.2018031,0.0,0.067534104,11
B1988,0.0,0.0,0.0,0.0,0.0,0.961807,0.0,1.2166934,1.1687393,0.0,0.0,0.7368911,0.46203446,0.0,0.0,0.0,0.8243396,1.438776,0.331226,0.20411314,0.0,0.6894344,0.0,0.55078727,0.0,0.12109193,1.1611317,0.0,0.5533583,0.1536828,1.0605301,0.0,0.085530505,11
B1989,0.0,0.0,0.0,0.0,0.0,1.3929427,0.0,1.3588445,1.4663397,0.0,0.0,1.2709348,0.6112771,0.0,0.0,0.0,1.6121886,1.6449493,0.34751138,0.26748803,0.0,0.7563773,0.0,0.939748,0.0,0.55246234,1.5794976,0.0,0.9756202,0.080254614,1.5418646,0.0,0.036259875,11
B1990,0.0,0.0,0.0,0.0,0.0,1.2882724,0.0,1.177496,1.3341889,0.0,0.0,1.0018368,0.46169737,0.0,0.0,0.0,1.1627152,1.4952286,0.22364266,0.23021527,0.0,0.602545,0.0,0.67722374,0.0,0.28974736,1.2900662,0.0,0.72082275,0.0234081,1.2287798,0.0,0.062329892,11
B1991,0.0,0.0,0.0,0.0,0.0,1.1525615,0.0,1.3630865,1.3351867,0.0,0.0,1.4972343,0.7690969,0.0,0.0,0.0,1.8964367,1.7649167,0.5121064,0.24569735,0.0,0.8593625,0.0,1.3104687,0.0,0.77816224,1.6887863,0.0,1.0742486,0.24042913,1.5036161,0.0,0.028312214,11
B1992,0.0,0.0,0.0,0.0,0.0,0.84242207,0.0,1.1856711,1.41334,0.0,0.0,0.74599934,0.50393564,0.0,0.0,0.0,0.89072275,1.5176313,0.3118061,0.187353,0.0,0.6183318,0.0,0.4917613,0.0,0.3051907,1.1748974,0.0,0.5122471,0.17099163,1.1137794,0.0,0.08159805,11
B1993,0.0,0.0,0.0,0.0,0.0,1.0939586,0.0,1.2812873,1.3319342,0.0,0.0,1.0536668,0.62341017,0.0,0.0,0.0,1.4123476,1.4849663,0.38734132,0.21492642,0.0,0.7781892,0.0,0.8680091,0.0,0.5004821,1.3920262,0.0,0.8298907,0.16769399,1.3606584,0.0,0.050084554,11
B1994,0.0,0.0,0.0,0.0,0.0,0.9128844,0.0,1.1860492,1.2904242,0.0,0.0,0.61400807,0.42067087,0.0,0.0,0.0,0.71242255,1.4321835,0.27724367,0.17729142,0.0,0.64577085,0.0,0.37897438,0.0,0.100218266,1.1784273,0.0,0.50561965,0.14790493,1.0963306,0.0,0.094119996,11
B1995,0.0,0.0,0.0,0.0,0.0,0.7681368,0.0,0.18609375,0.974882,0.0,0.0,0.58023196,0.12275338,0.0,0.0,0.0,0.32865918,1.5576844,0.0,0.18993972,0.0,0.28275377,0.0,0.19496539,0.0,0.0,0.7506339,0.0,0.16919976,0.0,0.7521136,0.0,0.17861536,11
B1996,0.0,0.0,0.0,0.0,0.0,1.2696064,0.0,1.3918455,1.3655623,0.0,0.0,0.94958276,0.44347668,0.0,0.0,0.0,1.0006313,1.6378732,0.30233604,0.26670483,0.0,0.66015047,0.0,0.6645023,0.0,0.20506889,1.3086975,0.0,0.72437406,0.050616533,1.1759293,0.0,0.060514193,11
B1997,0.0,0.0,0.0,0.0,0.0,1.1061311,0.0,1.3544232,1.3298104,0.0,0.0,1.4445376,0.8166827,0.0,0.0,0.0,1.856329,1.5621628,0.4986746,0.23189273,0.0,0.86187613,0.0,1.2539034,0.0,0.84818286,1.6965797,0.0,1.0788945,0.28628194,1.5293276,0.0,0.030463427,11
B1998,0.0,0.0,0.0,0.0,0.0,1.1010697,0.0,1.2437518,1.2181706,0.0,0.0,1.0100182,0.5653247,0.0,0.0,0.0,1.3146057,1.4390696,0.3744258,0.2239228,0.0,0.7541108,0.0,0.8463994,0.0,0.39603543,1.3648694,0.0,0.730361,0.14491877,1.2743118,0.0,0.05667497,11
B1999,0.0,0.0,0.0,0.0,0.0,1.2224896,0.0,1.2935681,1.4038699,0.0,0.0,1.2150263,0.64865893,0.0,0.0,0.0,1.6419642,1.5009923,0.38550493,0.23205575,0.0,0.77007484,0.0,0.9558659,0.0,0.6119257,1.5282221,0.0,0.9278273,0.1410598,1.4890101,0.0,0.040154707,11
